method,replicate,met,meeting_time,iterations,acceptance_rate_chain1,acceptance_rate_chain2,proposal_meetings,boundary_rejections,elapsed_seconds,provenance,seed
stereographic,100,False,-1,1000000,0.0,0.0,6941,0,5.050735917000566,new_900_native_extension,8890910712398302130
stereographic,101,True,9314,9314,0.0009662873094266695,0.2336267983680481,55,0,0.024198792001698166,new_900_native_extension,12720144853749065706
stereographic,102,False,-1,1000000,0.18131,0.0,6525,0,5.1724792910099495,new_900_native_extension,11528903341604352201
stereographic,103,False,-1,1000000,0.195478,0.0,6509,0,5.115043291007169,new_900_native_extension,11149288694308459712
stereographic,104,True,889122,889122,0.19167110925159878,2.0244690829829876e-05,5782,0,4.540682999999262,new_900_native_extension,17772016260156264995
stereographic,105,False,-1,1000000,0.133395,0.0,6640,0,5.333750416000839,new_900_native_extension,13047653451853759822
stereographic,106,True,18783,18783,0.0006388755789809935,0.22200926369589521,117,0,0.17808845799299888,new_900_native_extension,8388168304350517541
stereographic,107,False,-1,1000000,0.0,0.187953,6442,0,5.250027625006624,new_900_native_extension,10695751296776411906
stereographic,108,False,-1,1000000,0.0,0.129985,6624,0,5.327727624971885,new_900_native_extension,5970317766159488210
stereographic,109,True,138,138,0.2898550724637681,0.2753623188405797,10,0,0.0002503330179024488,new_900_native_extension,1764115122684594881
stereographic,110,False,-1,1000000,0.0,0.143015,6457,0,5.31975920801051,new_900_native_extension,17258746563329755769
stereographic,111,False,-1,1000000,0.0,0.108219,6870,0,5.34503825000138,new_900_native_extension,11380301885697161728
stereographic,112,False,-1,1000000,0.141123,0.0,6650,0,5.330530249979347,new_900_native_extension,6748799662651103115
stereographic,113,True,8,8,0.5,0.625,1,0,0.00254995800787583,new_900_native_extension,10948549356788971150
stereographic,114,True,3,3,0.6666666666666666,0.6666666666666666,1,0,0.0012470000074245036,new_900_native_extension,2695094237534482129
stereographic,115,True,36350,36350,5.502063273727648e-05,0.24269601100412655,243,0,0.13093858398497105,new_900_native_extension,13411548298899185070
stereographic,116,True,1665,1665,0.006606606606606606,0.2018018018018018,16,0,0.004180125019047409,new_900_native_extension,9376110816217708208
stereographic,117,True,31693,31693,0.21878648281955007,0.0018616098192029786,206,0,0.10539870799402706,new_900_native_extension,18004289129807888718
stereographic,118,True,29,29,0.3793103448275862,0.20689655172413793,1,0,6.608400144614279e-05,new_900_native_extension,9463864797149120816
stereographic,119,True,10021,10021,0.25147190899111865,0.003792036722881948,74,0,0.05625437499838881,new_900_native_extension,2248650215092576568
stereographic,120,False,-1,1000000,0.0,0.0,8160,0,5.302990540978499,new_900_native_extension,7994976721727050326
stereographic,121,False,-1,1000000,0.187229,0.0,6522,0,5.2908335409883875,new_900_native_extension,6806226600965023561
stereographic,122,False,-1,1000000,0.181701,0.0,6534,0,4.046048375021201,new_900_native_extension,14984446198997297265
stereographic,123,False,-1,1000000,0.178997,0.0,6622,0,4.066197707987158,new_900_native_extension,2831271131601745613
stereographic,124,True,152,152,0.26973684210526316,0.2565789473684211,7,0,0.0015880830178502947,new_900_native_extension,16944654594300296581
stereographic,125,False,-1,1000000,0.168311,0.0,6435,0,4.146714083995903,new_900_native_extension,12896357911680612949
stereographic,126,False,-1,1000000,0.167698,0.0,6605,0,4.081972999993013,new_900_native_extension,16039030543977388608
stereographic,127,True,386947,386947,0.1696821528529747,3.101199905930269e-05,2446,0,1.9888329170062207,new_900_native_extension,2803167017887471136
stereographic,128,True,48,48,0.3541666666666667,0.3333333333333333,3,0,0.000472041021566838,new_900_native_extension,9285360878120571903
stereographic,129,False,-1,1000000,0.205188,0.0,6501,0,4.732746875000885,new_900_native_extension,2357592374677687920
stereographic,130,True,274,274,0.33211678832116787,0.029197080291970802,1,0,0.003381290996912867,new_900_native_extension,5973821465167790831
stereographic,131,True,6,6,0.6666666666666666,0.3333333333333333,1,0,2.7332978788763285e-05,new_900_native_extension,18087056164929660497
stereographic,132,True,33,33,0.30303030303030304,0.36363636363636365,7,0,5.891700857318938e-05,new_900_native_extension,14441068673808414650
stereographic,133,False,-1,1000000,0.095094,0.0,6882,0,4.861665792006534,new_900_native_extension,4401195106851034805
stereographic,134,True,74,74,0.17567567567567569,0.16216216216216217,6,0,0.013072958012344316,new_900_native_extension,2532110030452837087
stereographic,135,False,-1,1000000,0.0,0.0,6964,0,4.779489916982129,new_900_native_extension,13833563221142086064
stereographic,136,False,-1,1000000,0.192032,0.0,6411,0,4.740184333990328,new_900_native_extension,16484494622245599673
stereographic,137,True,12,12,0.5,0.4166666666666667,1,0,0.008454124996205792,new_900_native_extension,5225197219674299248
stereographic,138,True,7,7,0.5714285714285714,0.7142857142857143,1,0,0.012480915989726782,new_900_native_extension,17463338853892529690
stereographic,139,True,366672,366672,2.1817864467425928e-05,0.21237509272592398,2408,0,1.6695851660042536,new_900_native_extension,8473205338257056465
stereographic,140,True,28,28,0.4642857142857143,0.4642857142857143,4,0,0.0013694170047529042,new_900_native_extension,7733163555003088569
stereographic,141,False,-1,1000000,0.0,0.173095,6635,0,4.718568249983946,new_900_native_extension,18208043430203297180
stereographic,142,True,1543,1543,0.0012961762799740765,0.3149708360337006,26,0,0.02807370899245143,new_900_native_extension,5627953043929008944
stereographic,143,False,-1,1000000,0.0,0.018863,6926,0,4.593830416997662,new_900_native_extension,6518178753873598832
stereographic,144,False,-1,1000000,0.0,0.0,11196,0,5.0350010419788305,new_900_native_extension,7450384458791065884
stereographic,145,False,-1,1000000,0.0,0.138986,6584,0,4.952601333003258,new_900_native_extension,9023700585904316389
stereographic,146,True,282,282,0.1879432624113475,0.2695035460992908,15,0,0.008850290992995724,new_900_native_extension,13055198285006170564
stereographic,147,False,-1,1000000,0.197824,0.0,6610,0,6.34513687499566,new_900_native_extension,9116018815231591595
stereographic,148,True,107,107,0.2897196261682243,0.2803738317757009,5,0,0.00019679201068356633,new_900_native_extension,15327012232581494203
stereographic,149,True,5,5,1.0,0.8,1,0,1.3124983524903655e-05,new_900_native_extension,7465167599563336590
stereographic,150,False,-1,1000000,0.0,0.0,7391,0,6.376357415982056,new_900_native_extension,7375502260279926917
stereographic,151,False,-1,1000000,0.0,0.199811,6441,0,6.277975959004834,new_900_native_extension,8493541953300158499
stereographic,152,False,-1,1000000,0.170532,0.0,6521,0,6.201437540992629,new_900_native_extension,18108663374423537402
stereographic,153,False,-1,1000000,0.17978,0.0,6690,0,4.795726415992249,new_900_native_extension,10902679374647322262
stereographic,154,False,-1,1000000,0.200298,0.0,6420,0,4.850051624991465,new_900_native_extension,4742150725002351910
stereographic,155,True,344,344,0.2877906976744186,0.0377906976744186,4,0,0.0006333329947665334,new_900_native_extension,11143904051733364123
stereographic,156,True,15538,15538,0.000707941820054061,0.148989573947741,93,0,0.06815016598557122,new_900_native_extension,3614806244104969605
stereographic,157,False,-1,1000000,0.0,0.0,7592,0,4.636711167026078,new_900_native_extension,6708443349582707058
stereographic,158,True,145,145,0.296551724137931,0.06206896551724138,3,0,0.00039424997521564364,new_900_native_extension,15171098445648079943
stereographic,159,False,-1,1000000,0.0,0.0,6617,0,4.562344167003175,new_900_native_extension,263256770628556416
stereographic,160,False,-1,1000000,0.132299,0.0,6800,0,5.009556208999129,new_900_native_extension,8682871929947157211
stereographic,161,False,-1,1000000,0.177238,0.0,6212,0,4.999703459005104,new_900_native_extension,16390685589095050413
stereographic,162,False,-1,1000000,0.189225,0.0,6525,0,5.009723249997478,new_900_native_extension,5689172905339468088
stereographic,163,True,3346,3346,0.23430962343096234,0.002390914524805738,19,0,0.029965916997753084,new_900_native_extension,14670683981698929595
stereographic,164,True,131,131,0.1450381679389313,0.26717557251908397,7,0,0.005356500012567267,new_900_native_extension,15449253740433303319
stereographic,165,False,-1,1000000,0.0,0.0,7642,0,4.926159624999855,new_900_native_extension,2338005356090371821
stereographic,166,False,-1,1000000,0.196353,0.0,6601,0,5.218569750024471,new_900_native_extension,6261683421541510768
stereographic,167,True,251,251,0.30677290836653387,0.0796812749003984,5,0,0.004216625005938113,new_900_native_extension,8458862852481959880
stereographic,168,True,10,10,0.3,0.4,2,0,5.583401070907712e-05,new_900_native_extension,12135225777866341879
stereographic,169,True,16690,16690,0.027082085080886758,0.16746554823247453,124,0,0.07771216699620709,new_900_native_extension,13814412606109445652
stereographic,170,False,-1,1000000,0.152827,0.0,6562,0,5.430751749983756,new_900_native_extension,8502536580469316937
stereographic,171,True,69,69,0.391304347826087,0.463768115942029,3,0,0.006111458991654217,new_900_native_extension,14257143728586864771
stereographic,172,False,-1,1000000,0.154897,0.0,6528,0,5.474141458020313,new_900_native_extension,15668947984520179164
stereographic,173,True,556,556,0.25719424460431656,0.07553956834532374,7,0,0.0009451670048292726,new_900_native_extension,2944768224184335926
stereographic,174,True,12,12,0.75,0.8333333333333334,1,0,2.6958005037158728e-05,new_900_native_extension,3242278083179232420
stereographic,175,False,-1,1000000,0.0,0.16454,6535,0,5.604618042008951,new_900_native_extension,1313226235753259086
stereographic,176,True,282513,282513,0.17553882476204635,2.8317280974680812e-05,1823,0,1.7057837919855956,new_900_native_extension,5200874816491735220
stereographic,177,True,147,147,0.06802721088435375,0.12244897959183673,2,0,0.000880292005604133,new_900_native_extension,12364550413370965376
stereographic,178,True,22,22,0.2727272727272727,0.4090909090909091,2,0,5.166602204553783e-05,new_900_native_extension,10631485414631351574
stereographic,179,False,-1,1000000,0.203578,0.0,6531,0,4.644912832998671,new_900_native_extension,1210617282485347468
stereographic,180,True,190,190,0.19473684210526315,0.25263157894736843,9,0,0.00035937500069849193,new_900_native_extension,11963543912076157434
stereographic,181,False,-1,1000000,0.0678,0.0,7062,0,4.568715166999027,new_900_native_extension,13832816922879634516
stereographic,182,True,3,3,1.0,1.0,1,0,3.674998879432678e-05,new_900_native_extension,8988956628725124087
stereographic,183,True,153,153,0.24183006535947713,0.20261437908496732,8,0,0.002306750015122816,new_900_native_extension,5938865478447520448
stereographic,184,False,-1,1000000,0.0,0.17655,6577,0,4.6301241669862065,new_900_native_extension,9184193042407065128
stereographic,185,True,64,64,0.21875,0.1875,4,0,0.00012320801033638418,new_900_native_extension,17067515428633633606
stereographic,186,False,-1,1000000,0.0,0.0,7174,0,4.60181754201767,new_900_native_extension,7950548372767528228
stereographic,187,True,416,416,0.21394230769230768,0.0889423076923077,9,0,0.0007436249870806932,new_900_native_extension,9671105929521626201
stereographic,188,True,131,131,0.42748091603053434,0.07633587786259542,3,0,0.0002275829901918769,new_900_native_extension,5639163929606863974
stereographic,189,False,-1,1000000,0.183157,0.0,6628,0,5.327161458000774,new_900_native_extension,238639846273929464
stereographic,190,False,-1,1000000,0.165909,0.0,6531,0,5.171143541985657,new_900_native_extension,11108786013200514617
stereographic,191,True,208,208,0.20673076923076922,0.22115384615384615,9,0,0.008980292011983693,new_900_native_extension,2575390610386151725
stereographic,192,False,-1,1000000,0.0,0.165871,6644,0,5.070591124997009,new_900_native_extension,13380473793935400656
stereographic,193,False,-1,1000000,0.0,0.171217,6567,0,5.067318332992727,new_900_native_extension,13585170393954036314
stereographic,194,False,-1,1000000,0.0,0.201446,6369,0,6.118009999976493,new_900_native_extension,2554230097043332748
stereographic,195,True,1117,1117,0.005371530886302597,0.22202327663384064,13,0,0.008117040997603908,new_900_native_extension,7774738741526664083
stereographic,196,False,-1,1000000,0.0,0.170288,6574,0,6.464748833997874,new_900_native_extension,6414287487857566889
stereographic,197,True,894837,894837,0.19864064628530112,3.3525658863010804e-06,5732,0,5.84847987498506,new_900_native_extension,7164187650714445301
stereographic,198,True,2,2,0.5,0.5,1,0,1.329201040789485e-05,new_900_native_extension,1466252743722512930
stereographic,199,False,-1,1000000,0.0,0.205828,6494,0,6.526216250000289,new_900_native_extension,14404806214293430710
stereographic,200,True,6,6,0.5,0.3333333333333333,1,0,0.001705875009065494,new_900_native_extension,16890674985570975722
stereographic,201,False,-1,1000000,0.0,0.0,7146,0,6.031126749992836,new_900_native_extension,12517218771906912323
stereographic,202,True,10,10,0.4,0.3,4,0,0.0014393329911399633,new_900_native_extension,13491646789618979508
stereographic,203,False,-1,1000000,0.0,0.0,7776,0,5.81134824999026,new_900_native_extension,17651978762581262087
stereographic,204,True,6,6,0.3333333333333333,0.5,1,0,3.358302637934685e-05,new_900_native_extension,4854608148545093804
stereographic,205,False,-1,1000000,0.0,0.168472,6564,0,5.612856209016172,new_900_native_extension,8899135240814518716
stereographic,206,True,6,6,0.3333333333333333,0.5,1,0,3.0957977287471294e-05,new_900_native_extension,3803772332173681973
stereographic,207,False,-1,1000000,0.0,0.0,6980,0,5.7999978750012815,new_900_native_extension,5270722303363594564
stereographic,208,False,-1,1000000,0.0,0.19596,6501,0,5.936467500025174,new_900_native_extension,869596214158773659
stereographic,209,True,8,8,0.5,0.5,1,0,0.005661917006364092,new_900_native_extension,4638825432713957943
stereographic,210,False,-1,1000000,0.0,0.193835,6550,0,5.990087790996768,new_900_native_extension,11483424777840615158
stereographic,211,True,33,33,0.3333333333333333,0.30303030303030304,3,0,0.01093537497217767,new_900_native_extension,4568063400064573004
stereographic,212,False,-1,1000000,0.209519,0.0,6409,0,6.203883249982027,new_900_native_extension,834393010929437050
stereographic,213,False,-1,1000000,0.0,0.171234,6498,0,6.210419666982489,new_900_native_extension,3203166632993796867
stereographic,214,True,581226,581226,2.7528018361188246e-05,0.196328106450847,3705,0,4.272003666992532,new_900_native_extension,2715791703966292013
stereographic,215,True,6,6,0.6666666666666666,0.6666666666666666,2,0,0.0020945419964846224,new_900_native_extension,7344320709051046640
stereographic,216,False,-1,1000000,0.205498,0.0,6494,0,7.314123791991733,new_900_native_extension,4764584743926086670
stereographic,217,False,-1,1000000,0.198858,0.0,6605,0,7.40491512499284,new_900_native_extension,101886073146127042
stereographic,218,False,-1,1000000,0.197401,0.0,6494,0,7.28978887500125,new_900_native_extension,10739738667130488872
stereographic,219,False,-1,1000000,0.204119,0.0,6405,0,6.840132915996946,new_900_native_extension,13058490503812086032
stereographic,220,True,107,107,0.34579439252336447,0.102803738317757,4,0,0.0020026250276714563,new_900_native_extension,4696425354026360461
stereographic,221,False,-1,1000000,0.111952,0.0,6511,0,6.948033374996157,new_900_native_extension,4554086047718163333
stereographic,222,False,-1,1000000,0.0,0.195056,6561,0,6.7483868330018595,new_900_native_extension,2137003071737582749
stereographic,223,True,26,26,0.4230769230769231,0.38461538461538464,6,0,0.005132083024363965,new_900_native_extension,10468331300959867732
stereographic,224,True,33,33,0.21212121212121213,0.21212121212121213,2,0,0.05312525000772439,new_900_native_extension,12348381231665260651
stereographic,225,True,3,3,0.6666666666666666,0.6666666666666666,1,0,0.0018085409828927368,new_900_native_extension,1412533292257449841
stereographic,226,False,-1,1000000,0.188263,0.0,6533,0,6.793528458016226,new_900_native_extension,5580984719336480931
stereographic,227,False,-1,1000000,0.158046,0.0,6618,0,7.005618208000669,new_900_native_extension,16958780808314067668
stereographic,228,True,87,87,0.20689655172413793,0.20689655172413793,4,0,0.003563792008208111,new_900_native_extension,16636811510349506164
stereographic,229,False,-1,1000000,0.0,0.0,7096,0,7.0954905829858035,new_900_native_extension,1246600260731317897
stereographic,230,True,429248,429248,2.7955867004622036e-05,0.15979340614283585,2841,0,3.1185279579949565,new_900_native_extension,15097529542973998707
stereographic,231,True,102086,102086,0.2219501204866485,3.918264992261427e-05,694,0,0.7674220420012716,new_900_native_extension,2199846837106810479
stereographic,232,True,57,57,0.3333333333333333,0.3684210526315789,3,0,0.008107209025183693,new_900_native_extension,1962227950176237126
stereographic,233,True,342163,342163,1.7535502085263455e-05,0.1611980255024652,2265,0,2.2740502920059953,new_900_native_extension,3502732723656692318
stereographic,234,True,24,24,0.375,0.16666666666666666,3,0,0.00048266700468957424,new_900_native_extension,16569950756316817812
stereographic,235,True,15,15,0.5333333333333333,0.4,2,0,0.003771624993532896,new_900_native_extension,5850819532704310864
stereographic,236,True,56,56,0.26785714285714285,0.35714285714285715,6,0,0.03909158302121796,new_900_native_extension,13966598711329150722
stereographic,237,True,382,382,0.034031413612565446,0.1518324607329843,6,0,0.0025682910054456443,new_900_native_extension,13681790636866034191
stereographic,238,False,-1,1000000,0.140427,0.0,6534,0,7.404324083006941,new_900_native_extension,7705057978181767632
stereographic,239,False,-1,1000000,0.0,0.0,7662,0,7.343148915999336,new_900_native_extension,10769187279125594235
stereographic,240,False,-1,1000000,0.200062,0.0,6534,0,7.50533024998731,new_900_native_extension,3847490780434194443
stereographic,241,True,12,12,0.4166666666666667,0.4166666666666667,1,0,0.0006979590107221156,new_900_native_extension,15412192264538289565
stereographic,242,False,-1,1000000,0.18223,0.0,6594,0,7.231411290995311,new_900_native_extension,14911098933268487120
stereographic,243,True,20,20,0.3,0.3,2,0,0.0026519579987507313,new_900_native_extension,17571159482582361728
stereographic,244,True,37,37,0.43243243243243246,0.40540540540540543,3,0,7.579100201837718e-05,new_900_native_extension,11899712870784845209
stereographic,245,False,-1,1000000,0.195186,0.0,6460,0,6.877257665997604,new_900_native_extension,8078771228589488653
stereographic,246,True,72,72,0.375,0.3888888888888889,4,0,0.014305749995401129,new_900_native_extension,9218566853095394398
stereographic,247,True,249421,249421,0.00028465927087133804,0.18162464267242934,1636,0,1.6947712079854682,new_900_native_extension,1652987252916111399
stereographic,248,True,125,125,0.336,0.056,2,0,0.00045445800060406327,new_900_native_extension,1450989738374156248
stereographic,249,True,12,12,0.6666666666666666,0.5833333333333334,1,0,3.1458010198548436e-05,new_900_native_extension,17394147859994446094
stereographic,250,True,9,9,0.4444444444444444,0.4444444444444444,4,0,2.3250002413988113e-05,new_900_native_extension,8916529003011973735
stereographic,251,True,36,36,0.3888888888888889,0.4166666666666667,3,0,6.64590043015778e-05,new_900_native_extension,6236098555531416268
stereographic,252,True,6954,6954,0.0005752085130859936,0.1091458153580673,61,0,0.03875420897384174,new_900_native_extension,9287584724101990348
stereographic,253,True,1263,1263,0.2058590657165479,0.013460015835312747,6,0,0.0021218749752733856,new_900_native_extension,8566156575069433056
stereographic,254,True,2139,2139,0.04254324450677887,0.2912575970079476,19,0,0.004471041989745572,new_900_native_extension,11809148496881520490
stereographic,255,True,19,19,0.3684210526315789,0.3684210526315789,4,0,3.783401916734874e-05,new_900_native_extension,809741190545645818
stereographic,256,True,73,73,0.2465753424657534,0.2328767123287671,2,0,0.00013258299441076815,new_900_native_extension,1761537322171322845
stereographic,257,True,35,35,0.37142857142857144,0.3142857142857143,1,0,7.050001295283437e-05,new_900_native_extension,6920743404525631849
stereographic,258,False,-1,1000000,0.0,0.176809,6666,0,6.886142625007778,new_900_native_extension,15875576353937959868
stereographic,259,False,-1,1000000,0.0,0.18643,6604,0,6.819524708000245,new_900_native_extension,8091865795318470982
stereographic,260,True,19989,19989,0.0005002751513332333,0.0004002201210665866,147,0,0.15606808400480077,new_900_native_extension,6375270349333160263
stereographic,261,True,13,13,0.3076923076923077,0.23076923076923078,6,0,0.0044397079909686,new_900_native_extension,11874158792811719739
stereographic,262,True,99,99,0.2727272727272727,0.25252525252525254,3,0,0.014101083012064919,new_900_native_extension,6550434053612888969
stereographic,263,True,722,722,0.09833795013850416,0.015235457063711912,39,0,0.011031875008484349,new_900_native_extension,5150766995906604641
stereographic,264,True,654,654,0.0030581039755351682,0.27370030581039756,6,0,0.01313595799729228,new_900_native_extension,2476565345609407541
stereographic,265,True,22,22,0.5,0.45454545454545453,3,0,0.014318667002953589,new_900_native_extension,9056065094533763692
stereographic,266,False,-1,1000000,0.000177,0.0,6677,0,6.950339750008425,new_900_native_extension,8583191404443863891
stereographic,267,True,10,10,0.3,0.4,3,0,0.02678895799908787,new_900_native_extension,17460998147759593787
stereographic,268,True,4,4,0.5,0.5,2,0,0.006065209017833695,new_900_native_extension,13210837919033405744
stereographic,269,False,-1,1000000,0.204259,0.0,6552,0,6.886188042000867,new_900_native_extension,4055731663315203626
stereographic,270,True,7,7,0.5714285714285714,0.5714285714285714,1,0,0.017050416994607076,new_900_native_extension,2766978409848212597
stereographic,271,False,-1,1000000,0.184454,0.0,6524,0,6.989700250007445,new_900_native_extension,6008465007273040465
stereographic,272,False,-1,1000000,0.07487,0.0,7686,0,6.858545458992012,new_900_native_extension,17312102458216817045
stereographic,273,False,-1,1000000,0.0,0.195495,6599,0,6.902481833007187,new_900_native_extension,6419734552432867551
stereographic,274,False,-1,1000000,0.183116,0.0,6677,0,6.866377916972851,new_900_native_extension,18407436186488476022
stereographic,275,False,-1,1000000,0.0,0.182346,6335,0,6.90969558301731,new_900_native_extension,9817918526047536869
stereographic,276,False,-1,1000000,0.18278,0.0,6583,0,6.8331855419964995,new_900_native_extension,5100207515013659321
stereographic,277,False,-1,1000000,0.191597,0.0,6499,0,6.726037165994057,new_900_native_extension,13997039298643390811
stereographic,278,False,-1,1000000,0.197295,0.0,6407,0,6.960414959001355,new_900_native_extension,5410829571007376998
stereographic,279,True,277,277,0.09747292418772563,0.09747292418772563,11,0,0.008554291998734698,new_900_native_extension,15271232112905560544
stereographic,280,True,1239,1239,0.05972558514931396,0.2033898305084746,19,0,0.0072923339903354645,new_900_native_extension,10998020997248918620
stereographic,281,False,-1,1000000,0.189777,0.0,6652,0,6.964562750014011,new_900_native_extension,18168149472755610086
stereographic,282,False,-1,1000000,0.0,0.18769,6508,0,6.879627082991647,new_900_native_extension,3548774978534097482
stereographic,283,True,211,211,0.27488151658767773,0.35071090047393366,6,0,0.0004217910172883421,new_900_native_extension,12338915160595398255
stereographic,284,True,191,191,0.18324607329842932,0.193717277486911,17,0,0.00037979200715199113,new_900_native_extension,9282232426752214725
stereographic,285,True,3,3,0.6666666666666666,0.6666666666666666,2,0,2.012500772252679e-05,new_900_native_extension,6149140928719578190
stereographic,286,True,89,89,0.16853932584269662,0.12359550561797752,23,0,0.0005598750140052289,new_900_native_extension,11442503683116330238
stereographic,287,True,33,33,0.36363636363636365,0.24242424242424243,1,0,0.0017872500175144523,new_900_native_extension,6312191908726893232
stereographic,288,False,-1,1000000,0.191188,0.0,6381,0,6.928973750007572,new_900_native_extension,17438601409496505582
stereographic,289,False,-1,1000000,0.194399,0.0,6636,0,7.117084375000559,new_900_native_extension,13779495196791482682
stereographic,290,False,-1,1000000,0.180015,0.0,6524,0,7.099403416999849,new_900_native_extension,862380951545813701
stereographic,291,True,91,91,0.18681318681318682,0.27472527472527475,6,0,0.0027684159867931157,new_900_native_extension,14671361627643492572
stereographic,292,True,407104,407104,0.18236617670177646,3.930199654142431e-05,2624,0,2.80182441699435,new_900_native_extension,18152100294647573639
stereographic,293,False,-1,1000000,0.182007,0.0,6487,0,6.987153750000289,new_900_native_extension,7419563531973957744
stereographic,294,True,270,270,0.12222222222222222,0.1,16,0,0.000947667023865506,new_900_native_extension,17150974745029049684
stereographic,295,True,1666,1666,0.0078031212484993995,0.12725090036014405,9,0,0.0028492080164141953,new_900_native_extension,400086819852214281
stereographic,296,False,-1,1000000,0.0,0.146672,6557,0,7.062740332999965,new_900_native_extension,7423560358654185202
stereographic,297,True,9,9,0.4444444444444444,0.3333333333333333,2,0,0.003892749984515831,new_900_native_extension,11194773384210155539
stereographic,298,True,54973,54973,0.0005639131937496589,0.14887308314990996,373,0,0.3581729580182582,new_900_native_extension,446811154805415442
stereographic,299,True,24,24,0.5,0.375,2,0,0.0029247500060591847,new_900_native_extension,489681189747825906
stereographic,300,False,-1,1000000,0.0,0.0,9317,0,6.953834624990122,new_900_native_extension,6536991162443911335
stereographic,301,False,-1,1000000,0.0,0.163054,6499,0,6.935930040985113,new_900_native_extension,10776921866311887589
stereographic,302,True,78,78,0.3333333333333333,0.28205128205128205,3,0,0.053576875012367964,new_900_native_extension,6055117641870281770
stereographic,303,False,-1,1000000,0.0,0.208653,6423,0,6.887637625011848,new_900_native_extension,4605922580804764932
stereographic,304,True,865,865,0.012716763005780347,0.1838150289017341,12,0,0.008099083002889529,new_900_native_extension,7474906565629147221
stereographic,305,False,-1,1000000,0.0,0.167729,6618,0,6.874385417002486,new_900_native_extension,8080911625504928098
stereographic,306,False,-1,1000000,0.193626,0.0,6570,0,6.7114287090080325,new_900_native_extension,6120523227027441274
stereographic,307,False,-1,1000000,0.0,0.0,6797,0,6.831647167011397,new_900_native_extension,16035157316196090005
stereographic,308,False,-1,1000000,0.197779,0.0,6518,0,7.146331416995963,new_900_native_extension,6863985013829588216
stereographic,309,False,-1,1000000,0.201963,0.0,6555,0,7.1961324580188375,new_900_native_extension,4208178072788156869
stereographic,310,True,44742,44742,0.00022350364310938267,0.085445442760717,294,0,0.3745463330124039,new_900_native_extension,10109462044177017520
stereographic,311,False,-1,1000000,0.0,0.192716,6581,0,7.1188818749797065,new_900_native_extension,15087707486902348970
stereographic,312,True,4,4,0.5,0.5,1,0,0.02255762499407865,new_900_native_extension,4219758806556697061
stereographic,313,True,25,25,0.44,0.36,1,0,5.295799928717315e-05,new_900_native_extension,8623182387840780468
stereographic,314,False,-1,1000000,0.0,0.0,8515,0,7.047216458013281,new_900_native_extension,6207594534054581486
stereographic,315,False,-1,1000000,0.179995,0.0,6512,0,6.884643832978327,new_900_native_extension,17244780580567032470
stereographic,316,False,-1,1000000,0.172589,0.0,6560,0,7.157155624998268,new_900_native_extension,12846195149314688023
stereographic,317,False,-1,1000000,0.0,0.205362,6340,0,7.408176917000674,new_900_native_extension,7647588217758593495
stereographic,318,True,136,136,0.14705882352941177,0.08823529411764706,6,0,0.018652541999472305,new_900_native_extension,5982259453862076741
stereographic,319,True,24,24,0.5,0.5,1,0,0.009470624994719401,new_900_native_extension,7204313091487248273
stereographic,320,False,-1,1000000,0.169605,0.0,6510,0,7.392805166018661,new_900_native_extension,17649948548455536062
stereographic,321,True,168,168,0.3392857142857143,0.2857142857142857,5,0,0.0005122080037835985,new_900_native_extension,7620041876161037951
stereographic,322,False,-1,1000000,0.196172,0.0,6426,0,7.149357291025808,new_900_native_extension,10204922524540744404
stereographic,323,True,4,4,0.5,0.5,1,0,0.006880000000819564,new_900_native_extension,9414893317974718510
stereographic,324,False,-1,1000000,0.0,0.175636,6407,0,7.184644624998327,new_900_native_extension,17632642741841793752
stereographic,325,False,-1,1000000,0.0,0.202094,6491,0,6.676348708017031,new_900_native_extension,15227914859557341858
stereographic,326,False,-1,1000000,0.0,0.0,8365,0,6.607158750004601,new_900_native_extension,17985160275996016004
stereographic,327,True,20,20,0.3,0.4,2,0,0.013110750005580485,new_900_native_extension,6784103339007956021
stereographic,328,True,143,143,0.36363636363636365,0.07692307692307693,2,0,0.014288208010839298,new_900_native_extension,6490896636097341420
stereographic,329,True,29,29,0.27586206896551724,0.2413793103448276,2,0,0.024531292001483962,new_900_native_extension,3467743779957366757
stereographic,330,False,-1,1000000,0.181445,0.0,6549,0,7.023076334007783,new_900_native_extension,11411142209354026263
stereographic,331,False,-1,1000000,0.0,0.152241,6673,0,7.35865858301986,new_900_native_extension,1702581325550574003
stereographic,332,True,44,44,0.5,0.45454545454545453,1,0,0.0010474160080775619,new_900_native_extension,6316230227497181963
stereographic,333,False,-1,1000000,0.201433,0.0,6462,0,8.00048504100414,new_900_native_extension,12074824480250198219
stereographic,334,True,70814,70814,0.22134041291270087,0.00012709351258225775,465,0,0.5463289589970373,new_900_native_extension,9384950982876007090
stereographic,335,True,28691,28691,0.00048795789620438465,0.2025373810602628,187,0,0.2443022500083316,new_900_native_extension,5640182028658535810
stereographic,336,True,63,63,0.4444444444444444,0.47619047619047616,4,0,0.020568582986015826,new_900_native_extension,3388199510455516156
stereographic,337,True,26,26,0.38461538461538464,0.5,2,0,0.01804304198594764,new_900_native_extension,249873873821707507
stereographic,338,False,-1,1000000,0.187492,0.0,6617,0,7.794004166993545,new_900_native_extension,6607614137232486754
stereographic,339,True,487,487,0.3531827515400411,0.061601642710472276,4,0,0.0008397080237045884,new_900_native_extension,17247350224523176035
stereographic,340,False,-1,1000000,0.201468,0.0,6615,0,7.868732791976072,new_900_native_extension,14827866281237214704
stereographic,341,False,-1,1000000,0.0,0.186217,6534,0,7.484402958012652,new_900_native_extension,17022324612624547168
stereographic,342,False,-1,1000000,0.0,0.200205,6541,0,7.094944667012896,new_900_native_extension,9281092433484563131
stereographic,343,True,39,39,0.28205128205128205,0.28205128205128205,2,0,0.0010958329949062318,new_900_native_extension,13346431536835870748
stereographic,344,False,-1,1000000,0.172801,0.0,6470,0,7.0519707089988515,new_900_native_extension,9259673839642067038
stereographic,345,True,326,326,0.05521472392638037,0.3220858895705521,24,0,0.015666374994907528,new_900_native_extension,10479052572528897967
stereographic,346,False,-1,1000000,0.0,0.189218,6507,0,6.821628292003879,new_900_native_extension,7189162451278863425
stereographic,347,True,64,64,0.171875,0.15625,5,0,0.002729750005528331,new_900_native_extension,3086382668343265403
stereographic,348,False,-1,1000000,0.057745,0.0,7281,0,7.1287217079952825,new_900_native_extension,11244614729033055579
stereographic,349,False,-1,1000000,0.0,0.161494,6704,0,6.931968250020873,new_900_native_extension,1491791664023995798
stereographic,350,False,-1,1000000,0.196235,0.0,6408,0,6.973598874988966,new_900_native_extension,3008044280420647757
stereographic,351,True,44,44,0.18181818181818182,0.11363636363636363,3,0,0.00967308398685418,new_900_native_extension,8706093060580586954
stereographic,352,False,-1,1000000,0.0,0.209033,6480,0,7.014953167003114,new_900_native_extension,15173568883595975779
stereographic,353,True,39,39,0.20512820512820512,0.38461538461538464,1,0,0.0033797910145949572,new_900_native_extension,4816953746633420604
stereographic,354,True,71,71,0.23943661971830985,0.2676056338028169,13,0,0.0001782500185072422,new_900_native_extension,8706275094075629774
stereographic,355,False,-1,1000000,0.196932,0.0,6626,0,6.959805958002107,new_900_native_extension,14659028719547019789
stereographic,356,True,33,33,0.42424242424242425,0.42424242424242425,3,0,0.0036000840191263705,new_900_native_extension,5731914987091969940
stereographic,357,False,-1,1000000,0.159708,0.0,6475,0,7.45437820799998,new_900_native_extension,14727249241635916218
stereographic,358,True,46,46,0.13043478260869565,0.10869565217391304,4,0,0.004354708013124764,new_900_native_extension,15055631414959045885
stereographic,359,False,-1,1000000,0.0,0.186451,6558,0,7.561343749985099,new_900_native_extension,8461529033157578599
stereographic,360,True,26,26,0.4230769230769231,0.46153846153846156,1,0,0.0017368330154567957,new_900_native_extension,5861662443213180894
stereographic,361,True,35141,35141,0.15380894112290486,0.00022765430693491933,253,0,0.2610300410015043,new_900_native_extension,13078424448876254368
stereographic,362,False,-1,1000000,0.178937,0.0,6626,0,8.471828458015807,new_900_native_extension,3358074084497861896
stereographic,363,False,-1,1000000,0.106415,0.0,6690,0,8.525594625010854,new_900_native_extension,10814533826711283220
stereographic,364,True,75,75,0.21333333333333335,0.10666666666666667,2,0,0.012969375005923212,new_900_native_extension,5326053790409931502
stereographic,365,True,2854,2854,0.1885073580939033,0.026278906797477224,24,0,0.022535541997058317,new_900_native_extension,13043398720529025229
stereographic,366,True,100500,100500,1.990049751243781e-05,0.19648756218905472,653,0,0.8119847919733729,new_900_native_extension,8455761983515688193
stereographic,367,False,-1,1000000,0.161728,0.0,6544,0,8.256385125016095,new_900_native_extension,16196568842922598899
stereographic,368,False,-1,1000000,0.174144,0.0,6547,0,8.356797457992798,new_900_native_extension,7390140323687024894
stereographic,369,True,1125,1125,0.16444444444444445,0.0071111111111111115,10,0,0.0020878330105915666,new_900_native_extension,10311334269777686764
stereographic,370,False,-1,1000000,0.182635,0.0,6562,0,7.485985041013919,new_900_native_extension,15898051012074285073
stereographic,371,True,58,58,0.25862068965517243,0.20689655172413793,4,0,0.0038865839887876064,new_900_native_extension,12691086861340740349
stereographic,372,False,-1,1000000,0.0,0.19074,6586,0,7.346773166995263,new_900_native_extension,16999746592176826263
stereographic,373,True,31,31,0.16129032258064516,0.5483870967741935,3,0,0.005468582996400073,new_900_native_extension,15010915166811975486
stereographic,374,True,28,28,0.4642857142857143,0.2857142857142857,2,0,6.716599455103278e-05,new_900_native_extension,8099824783152977203
stereographic,375,True,98,98,0.3469387755102041,0.40816326530612246,9,0,0.03252116698422469,new_900_native_extension,615008248354502881
stereographic,376,True,761,761,0.04862023653088042,0.2325886990801577,14,0,0.006571832986082882,new_900_native_extension,10270415455774366446
stereographic,377,True,99,99,0.26262626262626265,0.32323232323232326,5,0,0.00018083298346027732,new_900_native_extension,14592794629437019947
stereographic,378,True,34,34,0.17647058823529413,0.47058823529411764,2,0,6.154199945740402e-05,new_900_native_extension,4535697165460889352
stereographic,379,True,311,311,0.2990353697749196,0.2990353697749196,20,0,0.0017383339873049408,new_900_native_extension,6775528206575455528
stereographic,380,True,35,35,0.08571428571428572,0.3142857142857143,3,0,6.770799518562853e-05,new_900_native_extension,11770219101653575077
stereographic,381,False,-1,1000000,0.0,0.05035,6757,0,6.627917667006841,new_900_native_extension,4473229378284094184
stereographic,382,True,16,16,0.375,0.3125,1,0,0.00037283299025148153,new_900_native_extension,462356976277100244
stereographic,383,True,4566,4566,0.006789312308366185,0.2777047744196233,35,0,0.008300875022541732,new_900_native_extension,5862947580354106642
stereographic,384,False,-1,1000000,0.198435,0.0,6548,0,6.816591584007256,new_900_native_extension,8273143017937113336
stereographic,385,False,-1,1000000,0.0,0.197918,6665,0,6.475036916992394,new_900_native_extension,11593339383019753542
stereographic,386,True,154,154,0.03896103896103896,0.35064935064935066,3,0,0.0038892090087756515,new_900_native_extension,7675513661939556886
stereographic,387,True,9,9,0.4444444444444444,0.4444444444444444,2,0,5.7833007303997874e-05,new_900_native_extension,7527996368521720770
stereographic,388,True,25,25,0.4,0.28,1,0,0.006691832997603342,new_900_native_extension,943449610578358756
stereographic,389,True,1134,1134,0.06966490299823633,0.18871252204585537,14,0,0.005846708023454994,new_900_native_extension,3350732738221925491
stereographic,390,True,4333,4333,0.23078698361412417,0.0020770828525271175,32,0,0.008180790988262743,new_900_native_extension,3032494004051594526
stereographic,391,True,23,23,0.391304347826087,0.34782608695652173,1,0,4.470799467526376e-05,new_900_native_extension,15500899695074301109
stereographic,392,True,4,4,0.75,0.75,1,0,1.1374999303370714e-05,new_900_native_extension,1641296229385163407
stereographic,393,False,-1,1000000,0.0,0.098453,6910,0,6.431349457998294,new_900_native_extension,13134562819244782263
stereographic,394,True,150,150,0.1,0.2866666666666667,3,0,0.006965084001421928,new_900_native_extension,17716035931745128331
stereographic,395,True,25,25,0.36,0.36,5,0,0.00019720799173228443,new_900_native_extension,12063229780166270564
stereographic,396,False,-1,1000000,0.0,0.198453,6565,0,6.334205749997636,new_900_native_extension,3245123786110928145
stereographic,397,False,-1,1000000,0.0,0.161065,6600,0,6.329169500007993,new_900_native_extension,11415930792572821394
stereographic,398,True,3452,3452,0.2653534183082271,0.0005793742757821553,22,0,0.08549766702344641,new_900_native_extension,15827341180285898409
stereographic,399,False,-1,1000000,0.195191,0.0,6502,0,6.64041779199033,new_900_native_extension,8896106296031684113
stereographic,400,False,-1,1000000,0.182155,0.0,6541,0,6.793208417017013,new_900_native_extension,10316709646242324591
stereographic,401,True,2,2,0.5,0.5,1,0,0.004732458997750655,new_900_native_extension,8129034128401434957
stereographic,402,True,403,403,0.2853598014888337,0.019851116625310174,3,0,0.01123495798674412,new_900_native_extension,4622605395757663950
stereographic,403,False,-1,1000000,0.0,0.0,7996,0,6.900240582996048,new_900_native_extension,668314815403538818
stereographic,404,True,68622,68622,0.1995424207979948,0.00023316137681793012,467,0,0.5798682080057915,new_900_native_extension,9694912575655606753
stereographic,405,True,23,23,0.5652173913043478,0.43478260869565216,2,0,0.0014956249797251076,new_900_native_extension,9685773199393960147
stereographic,406,True,23,23,0.5652173913043478,0.5217391304347826,2,0,5.075000808574259e-05,new_900_native_extension,13175038141274855930
stereographic,407,False,-1,1000000,0.203649,0.0,6622,0,6.9110208339989185,new_900_native_extension,17991936728964638159
stereographic,408,True,83,83,0.26506024096385544,0.25301204819277107,5,0,0.005285457998979837,new_900_native_extension,2176927389896041136
stereographic,409,False,-1,1000000,0.0,0.0,7823,0,7.024570916983066,new_900_native_extension,13768646518641917981
stereographic,410,True,244,244,0.3360655737704918,0.3319672131147541,26,0,0.0004335420089773834,new_900_native_extension,14209595892898187059
stereographic,411,False,-1,1000000,0.197853,0.0,6562,0,7.009941875003278,new_900_native_extension,5707210984399793747
stereographic,412,True,79,79,0.25316455696202533,0.27848101265822783,5,0,0.017151292006019503,new_900_native_extension,8432676324789846021
stereographic,413,True,48,48,0.375,0.375,4,0,0.00971124999341555,new_900_native_extension,3366313304874244745
stereographic,414,False,-1,1000000,0.0,0.0,13523,0,6.902763749996666,new_900_native_extension,9474517337674290470
stereographic,415,True,236,236,0.0847457627118644,0.19491525423728814,6,0,0.00412720802705735,new_900_native_extension,73063008937683441
stereographic,416,False,-1,1000000,0.204911,0.0,6624,0,7.135510124993743,new_900_native_extension,5462543609674009977
stereographic,417,True,5,5,0.8,0.8,1,0,0.0006259590154513717,new_900_native_extension,4558905914029544358
stereographic,418,True,24,24,0.3333333333333333,0.5,1,0,6.166601087898016e-05,new_900_native_extension,18242337194000979904
stereographic,419,False,-1,1000000,0.0,0.150705,6781,0,7.256363708002027,new_900_native_extension,12131513322760947180
stereographic,420,False,-1,1000000,0.177683,0.0,6536,0,7.002669790992513,new_900_native_extension,7819504280430325868
stereographic,421,False,-1,1000000,0.0,0.190464,6406,0,6.737988292006776,new_900_native_extension,13187935093624881213
stereographic,422,True,14218,14218,0.23681249120832748,0.0006330004220002813,85,0,0.10440308300894685,new_900_native_extension,4182279040812277636
stereographic,423,False,-1,1000000,0.181385,0.0,6389,0,6.316637167008594,new_900_native_extension,14588257735631052359
stereographic,424,False,-1,1000000,0.0,0.174375,6325,0,6.134696416993393,new_900_native_extension,2779858882439335018
stereographic,425,True,56,56,0.21428571428571427,0.19642857142857142,1,0,0.0021375409851316363,new_900_native_extension,5832500492990945769
stereographic,426,False,-1,1000000,0.178557,0.0,6635,0,6.100742541020736,new_900_native_extension,7200310357909011410
stereographic,427,False,-1,1000000,0.214117,0.0,6546,0,6.516873291984666,new_900_native_extension,17887865924399995572
stereographic,428,True,32,32,0.4375,0.125,3,0,0.003167874994687736,new_900_native_extension,13395154631409748013
stereographic,429,False,-1,1000000,0.0,0.113148,6770,0,6.549345417006407,new_900_native_extension,2372583064365585290
stereographic,430,False,-1,1000000,0.193837,0.0,6600,0,6.319531916000415,new_900_native_extension,5915448224731984823
stereographic,431,True,4,4,0.5,0.5,1,0,0.010978583013638854,new_900_native_extension,7255281498711047130
stereographic,432,True,16575,16575,0.0033182503770739064,0.20911010558069382,120,0,0.08325387499644421,new_900_native_extension,338268849830864998
stereographic,433,True,32,32,0.3125,0.4375,1,0,7.245899178087711e-05,new_900_native_extension,15911589165748664733
stereographic,434,True,5,5,0.4,0.4,3,0,1.2499978765845299e-05,new_900_native_extension,3266861526367693831
stereographic,435,True,44,44,0.25,0.06818181818181818,1,0,8.312499267049134e-05,new_900_native_extension,10152218520563517756
stereographic,436,False,-1,1000000,0.095212,0.0,6610,0,6.332701125007588,new_900_native_extension,2953682559432497031
stereographic,437,True,4,4,0.75,0.75,1,0,0.009130042017204687,new_900_native_extension,15928699955478157655
stereographic,438,True,7,7,0.5714285714285714,0.5714285714285714,1,0,0.0830477089912165,new_900_native_extension,15154692139898296353
stereographic,439,True,1,1,1.0,1.0,1,0,2.2958003683015704e-05,new_900_native_extension,4321757810744593219
stereographic,440,False,-1,1000000,0.111297,0.0,6515,0,6.029732082999544,new_900_native_extension,4754647220943460670
stereographic,441,True,33,33,0.5151515151515151,0.45454545454545453,2,0,0.008399667014600709,new_900_native_extension,1814638948230146873
stereographic,442,True,236008,236008,5.93200230500661e-05,5.93200230500661e-05,1586,0,1.3541202080086805,new_900_native_extension,13535231864462139483
stereographic,443,False,-1,1000000,0.0,0.208331,6517,0,6.585806249990128,new_900_native_extension,720165566472183600
stereographic,444,True,646741,646741,1.2369712141336332e-05,0.12313120708289717,4274,0,4.016506791987922,new_900_native_extension,16589685428768393451
stereographic,445,False,-1,1000000,0.193459,0.0,6490,0,6.711318583023967,new_900_native_extension,4735284916722651584
stereographic,446,False,-1,1000000,0.0,0.191706,6612,0,6.407762417016784,new_900_native_extension,10717223850196579387
stereographic,447,False,-1,1000000,0.185507,0.0,6390,0,6.372061166999629,new_900_native_extension,17057561733266171643
stereographic,448,False,-1,1000000,0.0,0.148108,6655,0,6.145995625003707,new_900_native_extension,1397992920201803307
stereographic,449,True,163518,163518,0.19794762656099021,0.0001895815751171125,1076,0,0.9763041250116657,new_900_native_extension,17802408124555544105
stereographic,450,False,-1,1000000,0.0,0.18082,6508,0,5.8984445839887485,new_900_native_extension,14918965028678499661
stereographic,451,True,11,11,0.5454545454545454,0.5454545454545454,1,0,0.008560957998270169,new_900_native_extension,1996245416714703123
stereographic,452,False,-1,1000000,0.0,0.191698,6492,0,6.61343837500317,new_900_native_extension,3992341673553724268
stereographic,453,False,-1,1000000,0.0,0.070143,6647,0,6.893021209019935,new_900_native_extension,15976739976669839144
stereographic,454,True,36,36,0.3611111111111111,0.3333333333333333,3,0,0.00527429100475274,new_900_native_extension,16481879290833275494
stereographic,455,False,-1,1000000,0.175741,0.0,6614,0,7.21809816599125,new_900_native_extension,17130851817537637348
stereographic,456,True,61,61,0.36065573770491804,0.08196721311475409,3,0,0.007045375008601695,new_900_native_extension,8229672784274992504
stereographic,457,True,103,103,0.2621359223300971,0.20388349514563106,5,0,0.0001846659870352596,new_900_native_extension,7281143518708348502
stereographic,458,False,-1,1000000,0.165855,0.0,6615,0,7.400864166993415,new_900_native_extension,167577420061927037
stereographic,459,False,-1,1000000,0.0,0.0,7061,0,7.105296499998076,new_900_native_extension,3090824482865190913
stereographic,460,False,-1,1000000,0.136465,0.0,6548,0,7.037029916013125,new_900_native_extension,13724828501856507159
stereographic,461,True,39,39,0.23076923076923078,0.2564102564102564,1,0,0.007181333989137784,new_900_native_extension,1263396721782306578
stereographic,462,False,-1,1000000,0.194423,0.0,6484,0,7.090270665998105,new_900_native_extension,7439469095782598468
stereographic,463,False,-1,1000000,0.0,0.0,7434,0,6.874634416977642,new_900_native_extension,7833464690574943392
stereographic,464,True,11,11,0.18181818181818182,0.36363636363636365,1,0,0.0006814580119680613,new_900_native_extension,17544330613319484023
stereographic,465,False,-1,1000000,0.180354,0.0,6631,0,6.881488750019344,new_900_native_extension,2414584644276163812
stereographic,466,False,-1,1000000,0.0,0.0,7275,0,6.776107208977919,new_900_native_extension,10077761693124260014
stereographic,467,False,-1,1000000,0.0,0.0,6974,0,6.545099457987817,new_900_native_extension,8973796298033810810
stereographic,468,True,27,27,0.48148148148148145,0.5185185185185185,1,0,0.003401540976483375,new_900_native_extension,18006128091367507617
stereographic,469,True,256,256,0.13671875,0.1796875,29,0,0.0021532919781748205,new_900_native_extension,17279987396738270634
stereographic,470,True,19,19,0.3684210526315789,0.2631578947368421,4,0,0.015741750015877187,new_900_native_extension,4048623075869573885
stereographic,471,True,2,2,1.0,1.0,1,0,2.0833977032452822e-05,new_900_native_extension,7540950102050467406
stereographic,472,True,783158,783158,7.661289292837461e-06,0.20183155889360768,5136,0,5.043805041001178,new_900_native_extension,16305850415074756288
stereographic,473,True,27,27,0.37037037037037035,0.4074074074074074,1,0,0.004004209011327475,new_900_native_extension,17582335818165110064
stereographic,474,True,96,96,0.3333333333333333,0.28125,7,0,0.00217424999573268,new_900_native_extension,3901220902275086257
stereographic,475,True,596993,596993,0.15470198143026803,3.3501230332683967e-06,3871,0,3.7307567080133595,new_900_native_extension,4126914375981133416
stereographic,476,True,65,65,0.09230769230769231,0.3384615384615385,5,0,0.0012039160064887255,new_900_native_extension,11683711552099057455
stereographic,477,True,45,45,0.17777777777777778,0.3333333333333333,5,0,0.00020129198674112558,new_900_native_extension,14873147360239109834
stereographic,478,True,2,2,1.0,1.0,1,0,1.775001874193549e-05,new_900_native_extension,3882671449836636314
stereographic,479,False,-1,1000000,0.0,0.068338,7028,0,7.522731000004569,new_900_native_extension,15828254555519198871
stereographic,480,True,18,18,0.3888888888888889,0.2777777777777778,1,0,0.006105874985223636,new_900_native_extension,17037969014397150415
stereographic,481,True,80855,80855,0.1922082740708676,0.0003339311112485313,572,0,0.5278457500098739,new_900_native_extension,4647477718549710474
stereographic,482,False,-1,1000000,0.0,0.199214,6640,0,7.0536886250192765,new_900_native_extension,15579315493938410526
stereographic,483,True,76,76,0.2894736842105263,0.23684210526315788,5,0,0.004931332980049774,new_900_native_extension,7061524236051137206
stereographic,484,True,9,9,0.5555555555555556,0.5555555555555556,2,0,2.5209010345861316e-05,new_900_native_extension,10175836201612926936
stereographic,485,False,-1,1000000,0.0,0.179227,6581,0,7.173335625004256,new_900_native_extension,11985946642918818689
stereographic,486,True,40,40,0.35,0.325,7,0,0.009988000005250797,new_900_native_extension,3791483672538480902
stereographic,487,True,447311,447311,3.576929697682373e-05,0.1822825729749548,2940,0,3.8831880829820875,new_900_native_extension,3611579315911312068
stereographic,488,True,4,4,0.5,0.5,3,0,0.000818375003291294,new_900_native_extension,9002891409776803689
stereographic,489,True,28,28,0.10714285714285714,0.42857142857142855,1,0,5.7958008255809546e-05,new_900_native_extension,9105514771878909999
stereographic,490,False,-1,1000000,0.0,0.17896,6553,0,7.7263231669785455,new_900_native_extension,12803900308719884330
stereographic,491,False,-1,1000000,0.126489,0.0,6512,0,7.650271624996094,new_900_native_extension,1102789695809366006
stereographic,492,False,-1,1000000,0.152877,0.0,6487,0,7.907173790998058,new_900_native_extension,1539044915414008329
stereographic,493,False,-1,1000000,0.0,0.186964,6312,0,7.712045167019824,new_900_native_extension,878447239968232382
stereographic,494,True,23,23,0.5217391304347826,0.21739130434782608,3,0,0.0006475000118371099,new_900_native_extension,8326343167385650416
stereographic,495,True,4306,4306,0.001625638643752903,0.2849512308406874,25,0,0.007223791006254032,new_900_native_extension,1123155299259869176
stereographic,496,False,-1,1000000,0.0,0.0,8380,0,6.412824208004167,new_900_native_extension,9431437627615151250
stereographic,497,False,-1,1000000,0.0,0.187109,6589,0,6.455537000001641,new_900_native_extension,16787750742901180455
stereographic,498,True,1193,1193,0.006705783738474434,0.2766135792120704,16,0,0.002143125020666048,new_900_native_extension,17064972749131841474
stereographic,499,False,-1,1000000,0.198211,0.0,6476,0,6.436861666996265,new_900_native_extension,16056881226037404634
stereographic,500,False,-1,1000000,0.192703,0.0,6496,0,6.52871712500928,new_900_native_extension,558733574969023383
stereographic,501,False,-1,1000000,0.0,0.0,10152,0,6.404603792005219,new_900_native_extension,144555940835668794
stereographic,502,True,50,50,0.44,0.5,4,0,0.00043700000969693065,new_900_native_extension,3453775269845218917
stereographic,503,False,-1,1000000,0.0,0.189269,6481,0,6.498633917013649,new_900_native_extension,18230343180339131941
stereographic,504,True,253,253,0.25691699604743085,0.32806324110671936,8,0,0.010341791989048943,new_900_native_extension,10088608751382321409
stereographic,505,False,-1,1000000,0.176043,0.0,6600,0,7.096288666973123,new_900_native_extension,6934182706603123094
stereographic,506,True,81,81,0.37037037037037035,0.04938271604938271,2,0,0.0006114169955253601,new_900_native_extension,6998349879371980778
stereographic,507,True,21,21,0.7142857142857143,0.5714285714285714,2,0,4.2750005377456546e-05,new_900_native_extension,5647240122340188525
stereographic,508,False,-1,1000000,0.0,0.20033,6512,0,7.145500708022155,new_900_native_extension,10645200091657220467
stereographic,509,False,-1,1000000,0.0,0.0557,7176,0,7.6769396669988055,new_900_native_extension,6977196117570806595
stereographic,510,True,36,36,0.1388888888888889,0.4444444444444444,4,0,0.0017380409990437329,new_900_native_extension,17276861407509299407
stereographic,511,False,-1,1000000,0.184176,0.0,6459,0,7.678339333011536,new_900_native_extension,2482360813214653267
stereographic,512,True,14,14,0.42857142857142855,0.35714285714285715,4,0,0.0019366249907761812,new_900_native_extension,13406123990879873673
stereographic,513,False,-1,1000000,0.150734,0.0,6451,0,7.279653208999662,new_900_native_extension,1161086160490005787
stereographic,514,True,804,804,0.18407960199004975,0.011194029850746268,11,0,0.002461249998304993,new_900_native_extension,5784762940629613401
stereographic,515,True,164,164,0.1524390243902439,0.27439024390243905,5,0,0.0007798330043442547,new_900_native_extension,6135903460300660111
stereographic,516,True,29,29,0.3103448275862069,0.2413793103448276,2,0,0.002180917013902217,new_900_native_extension,2431036397171205104
stereographic,517,False,-1,1000000,0.197438,0.0,6558,0,7.066233124991413,new_900_native_extension,5799101597354545642
stereographic,518,True,54,54,0.4074074074074074,0.37037037037037035,3,0,0.004734541988000274,new_900_native_extension,14168312848794445766
stereographic,519,False,-1,1000000,0.0,0.0,7467,0,6.488288541993825,new_900_native_extension,5358357632702284790
stereographic,520,False,-1,1000000,0.181572,0.0,6441,0,6.396684874984203,new_900_native_extension,10306930461098849834
stereographic,521,False,-1,1000000,0.0,0.0,6839,0,5.981126500002574,new_900_native_extension,5226278276175693221
stereographic,522,False,-1,1000000,0.143627,0.0,6638,0,5.9629468340135645,new_900_native_extension,9624710566162529353
stereographic,523,False,-1,1000000,0.0,0.0,7527,0,5.903497042017989,new_900_native_extension,16060783293667673787
stereographic,524,False,-1,1000000,0.0,0.158677,6655,0,5.9559610840224195,new_900_native_extension,5249838299819224684
stereographic,525,False,-1,1000000,0.0,0.0,7203,0,6.294885624985909,new_900_native_extension,14119981371637948039
stereographic,526,False,-1,1000000,0.194376,0.0,6439,0,6.280788333009696,new_900_native_extension,1407728454136981964
stereographic,527,False,-1,1000000,0.183722,0.0,6551,0,6.26537224999629,new_900_native_extension,8501818237050105430
stereographic,528,True,507,507,0.027613412228796843,0.29191321499013806,6,0,0.00541541600250639,new_900_native_extension,4340518422662545045
stereographic,529,True,258,258,0.06201550387596899,0.21705426356589147,6,0,0.002489457983756438,new_900_native_extension,9810296851077177355
stereographic,530,True,18134,18134,0.22195875151648836,0.00011029006286533584,122,0,0.13507304197992198,new_900_native_extension,5134304037036218004
stereographic,531,False,-1,1000000,0.0,0.193495,6557,0,6.160093999991659,new_900_native_extension,16700581418960106809
stereographic,532,True,47,47,0.5106382978723404,0.425531914893617,1,0,0.0025436659925617278,new_900_native_extension,2914740494738368282
stereographic,533,True,25038,25038,7.987858455148175e-05,0.19702052879622972,164,0,0.06745020899688825,new_900_native_extension,14519772677982549440
stereographic,534,False,-1,1000000,0.0,0.181545,6301,0,5.896094166004332,new_900_native_extension,18437020576415989243
stereographic,535,False,-1,1000000,0.0,0.111808,6470,0,5.870552500011399,new_900_native_extension,7534530604569202557
stereographic,536,True,77,77,0.35064935064935066,0.33766233766233766,6,0,0.0018550830136518925,new_900_native_extension,14588046201546346542
stereographic,537,False,-1,1000000,0.0,0.137724,6607,0,6.0040600830107,new_900_native_extension,3267349366219884601
stereographic,538,True,39,39,0.3333333333333333,0.1794871794871795,8,0,0.04981229201075621,new_900_native_extension,6239506433072004486
stereographic,539,False,-1,1000000,0.0,0.194098,6584,0,5.991924291010946,new_900_native_extension,12721466595846329996
stereographic,540,False,-1,1000000,0.165049,0.0,6676,0,6.352612499991665,new_900_native_extension,17117296547861239605
stereographic,541,True,3,3,1.0,1.0,1,0,0.0028177089989185333,new_900_native_extension,17145654509794118933
stereographic,542,True,512,512,0.23046875,0.01953125,9,0,0.00272362501709722,new_900_native_extension,11698597143737472293
stereographic,543,False,-1,1000000,0.194364,0.0,6414,0,6.21714404199156,new_900_native_extension,8314061722907274465
stereographic,544,True,103861,103861,0.21269774024898663,3.8513012584126865e-05,703,0,0.7819905840151478,new_900_native_extension,8789823309165609475
stereographic,545,False,-1,1000000,0.0,0.19603,6593,0,6.1431457080179825,new_900_native_extension,1142923122897913871
stereographic,546,True,22702,22702,0.1603382961853581,0.00030834287727953485,145,0,0.08852891699643806,new_900_native_extension,17199336409320521447
stereographic,547,True,29,29,0.41379310344827586,0.3793103448275862,3,0,0.005460707994643599,new_900_native_extension,12930772406463976492
stereographic,548,True,29,29,0.3103448275862069,0.3793103448275862,1,0,6.483300239779055e-05,new_900_native_extension,1214039359024338044
stereographic,549,False,-1,1000000,0.0,0.159167,6680,0,6.183866957988357,new_900_native_extension,12131606514459522789
stereographic,550,True,20,20,0.45,0.55,1,0,0.004929916991386563,new_900_native_extension,13249194978839310887
stereographic,551,False,-1,1000000,0.0,0.196156,6481,0,6.372837833012454,new_900_native_extension,3325721514790323523
stereographic,552,False,-1,1000000,0.0,0.198145,6447,0,6.3003457080048975,new_900_native_extension,5509816242780975219
stereographic,553,True,28,28,0.39285714285714285,0.39285714285714285,4,0,0.009243625012459233,new_900_native_extension,3994757209918839757
stereographic,554,True,28,28,0.4642857142857143,0.42857142857142855,1,0,0.013548541988711804,new_900_native_extension,92811297338011587
stereographic,555,True,186,186,0.26344086021505375,0.25268817204301075,7,0,0.013537416001781821,new_900_native_extension,8673666819570654057
stereographic,556,True,530,530,0.12452830188679245,0.024528301886792454,13,0,0.013941374985734,new_900_native_extension,15354478766951929551
stereographic,557,True,114,114,0.32456140350877194,0.2894736842105263,6,0,0.00021141700563021004,new_900_native_extension,14589416374980854262
stereographic,558,False,-1,1000000,0.0,0.198897,6513,0,6.701991667010589,new_900_native_extension,7986349223476335705
stereographic,559,False,-1,1000000,0.0,0.206385,6356,0,6.592367708013626,new_900_native_extension,9070701810454636531
stereographic,560,False,-1,1000000,0.181591,0.0,6648,0,6.411684833001345,new_900_native_extension,4570963668179157876
stereographic,561,True,5995,5995,0.0003336113427856547,0.13794829024186822,43,0,0.010983584012137726,new_900_native_extension,9168907988823789206
stereographic,562,False,-1,1000000,0.0,0.212561,6517,0,6.540916500001913,new_900_native_extension,14295193512609012972
stereographic,563,True,35,35,0.34285714285714286,0.4857142857142857,1,0,0.009620875003747642,new_900_native_extension,15571834510682885053
stereographic,564,True,28,28,0.35714285714285715,0.35714285714285715,5,0,0.01110154198249802,new_900_native_extension,17781981850316607211
stereographic,565,False,-1,1000000,0.0,0.0,6470,0,6.851904916984495,new_900_native_extension,7552949594934493901
stereographic,566,True,166,166,0.2469879518072289,0.07228915662650602,6,0,0.00313745898893103,new_900_native_extension,3083411379448221283
stereographic,567,True,27,27,0.3333333333333333,0.3333333333333333,2,0,6.674998439848423e-05,new_900_native_extension,14591038711149249866
stereographic,568,True,52,52,0.40384615384615385,0.4230769230769231,3,0,9.250000584870577e-05,new_900_native_extension,7311514830957292789
stereographic,569,False,-1,1000000,0.167878,0.0,6556,0,6.795488625008147,new_900_native_extension,12857146659714407745
stereographic,570,True,23,23,0.43478260869565216,0.4782608695652174,1,0,0.0002784999960567802,new_900_native_extension,15024597921104835659
stereographic,571,True,24786,24786,0.25736302751553297,0.0027434842249657062,181,0,0.12342620798153803,new_900_native_extension,18359688664181950
stereographic,572,False,-1,1000000,0.0,0.173483,6443,0,6.866436624986818,new_900_native_extension,5794429606953685538
stereographic,573,True,3323,3323,0.06349684020463436,0.06169124285284382,19,0,0.007636666996404529,new_900_native_extension,11364084430719174039
stereographic,574,True,16,16,0.75,0.75,2,0,4.116701893508434e-05,new_900_native_extension,5471257557620205682
stereographic,575,True,60,60,0.13333333333333333,0.13333333333333333,3,0,0.00010312499944120646,new_900_native_extension,10292752486187288555
stereographic,576,False,-1,1000000,0.189982,0.0,6550,0,6.92772049998166,new_900_native_extension,8649522117767431233
stereographic,577,True,104,104,0.15384615384615385,0.23076923076923078,4,0,0.005252125003607944,new_900_native_extension,8201464328935745792
stereographic,578,False,-1,1000000,0.0,0.186305,6731,0,6.48826154199196,new_900_native_extension,1241747077936141882
stereographic,579,False,-1,1000000,0.183733,0.0,6491,0,6.474022667011013,new_900_native_extension,17551433081199038783
stereographic,580,True,237,237,0.05063291139240506,0.29957805907172996,4,0,0.0029016670014243573,new_900_native_extension,2330051695003248882
stereographic,581,False,-1,1000000,0.0,0.19063,6338,0,6.363778957980685,new_900_native_extension,9287767564768617747
stereographic,582,True,108,108,0.2037037037037037,0.2037037037037037,10,0,0.0019898749887943268,new_900_native_extension,15662478934433174024
stereographic,583,False,-1,1000000,0.203943,0.0,6477,0,6.2619370839965995,new_900_native_extension,12846985764048137273
stereographic,584,False,-1,1000000,0.0,0.17873,6455,0,5.987871916004224,new_900_native_extension,2678154846500069340
stereographic,585,True,45,45,0.13333333333333333,0.4666666666666667,1,0,0.002778708003461361,new_900_native_extension,11530136197245303347
stereographic,586,False,-1,1000000,0.0,0.0,7402,0,5.985990833025426,new_900_native_extension,1054833972351289395
stereographic,587,True,13,13,0.46153846153846156,0.38461538461538464,1,0,0.0005251250113360584,new_900_native_extension,2203826802690243693
stereographic,588,True,30,30,0.43333333333333335,0.5,2,0,6.883300375193357e-05,new_900_native_extension,12497684292087118669
stereographic,589,False,-1,1000000,0.202948,0.0,6520,0,6.15573666599812,new_900_native_extension,11909359547824665235
stereographic,590,True,8,8,0.75,0.75,1,0,0.012058292020810768,new_900_native_extension,5340868568380349918
stereographic,591,False,-1,1000000,0.0,0.116594,6768,0,6.0714723330165725,new_900_native_extension,729534426801250051
stereographic,592,True,18,18,0.5,0.5,4,0,0.004328583017922938,new_900_native_extension,6265223533614682474
stereographic,593,False,-1,1000000,0.192399,0.0,6556,0,5.954878499993356,new_900_native_extension,2335007240724936583
stereographic,594,True,12,12,0.75,0.6666666666666666,2,0,0.0009210830030497164,new_900_native_extension,16411813331704188774
stereographic,595,True,2235,2235,0.21118568232662194,0.0058165548098434005,18,0,0.003732666024006903,new_900_native_extension,16366683497143637972
stereographic,596,True,43,43,0.3488372093023256,0.3488372093023256,2,0,7.570799789391458e-05,new_900_native_extension,13105681620507106679
stereographic,597,False,-1,1000000,0.0,0.195772,6345,0,5.99276579200523,new_900_native_extension,3335794978813302396
stereographic,598,False,-1,1000000,0.0,0.178453,6668,0,6.077217625017511,new_900_native_extension,2116346600847041396
stereographic,599,False,-1,1000000,0.0,0.164786,6589,0,6.011399624985643,new_900_native_extension,12540397706637334761
stereographic,600,True,78,78,0.11538461538461539,0.15384615384615385,3,0,0.0008888750162441283,new_900_native_extension,1025470258015594563
stereographic,601,True,12,12,0.5,0.16666666666666666,1,0,3.266602288931608e-05,new_900_native_extension,9844568583240682474
stereographic,602,True,172,172,0.22093023255813954,0.22674418604651161,7,0,0.0002912500058300793,new_900_native_extension,18224541971634632701
stereographic,603,False,-1,1000000,0.0,0.17508,6400,0,6.180809667013818,new_900_native_extension,4428283797311060451
stereographic,604,False,-1,1000000,0.0,0.052531,6942,0,6.394523041002685,new_900_native_extension,10834823545894827848
stereographic,605,True,118,118,0.3559322033898305,0.3050847457627119,12,0,0.004881583008682355,new_900_native_extension,2950184251244822597
stereographic,606,True,26,26,0.4230769230769231,0.5,2,0,6.345799192786217e-05,new_900_native_extension,310137921963200266
stereographic,607,False,-1,1000000,0.174251,0.0,6615,0,6.4237402500002645,new_900_native_extension,12359249417252305682
stereographic,608,False,-1,1000000,0.178101,0.0,6702,0,6.341511249978794,new_900_native_extension,109548062783199724
stereographic,609,True,114,114,0.2807017543859649,0.3157894736842105,7,0,0.00253274998976849,new_900_native_extension,8729260984118284314
stereographic,610,False,-1,1000000,0.0,0.198179,6545,0,6.831166916992515,new_900_native_extension,17954243049936659192
stereographic,611,True,743748,743748,0.19222102109854414,8.067248584197874e-06,4759,0,5.030647625011625,new_900_native_extension,15599926815138105790
stereographic,612,True,31,31,0.2903225806451613,0.2903225806451613,4,0,0.008857499982696027,new_900_native_extension,3356789420542709323
stereographic,613,True,2786,2786,0.21213208901651112,0.005384063173007897,25,0,0.020022665994474664,new_900_native_extension,14046745278807121888
stereographic,614,True,86,86,0.1744186046511628,0.12790697674418605,10,0,0.000920082995435223,new_900_native_extension,11345227742438595272
stereographic,615,False,-1,1000000,0.0,0.0,7826,0,7.077511458017398,new_900_native_extension,16105745606051238150
stereographic,616,False,-1,1000000,0.17286,0.0,6659,0,7.061335415986832,new_900_native_extension,6110561820683506108
stereographic,617,True,699,699,0.027181688125894134,0.0715307582260372,18,0,0.002698374999454245,new_900_native_extension,1015952615122930543
stereographic,618,False,-1,1000000,0.0,0.199525,6581,0,7.061370999988867,new_900_native_extension,8458117871041949998
stereographic,619,True,60,60,0.31666666666666665,0.21666666666666667,11,0,0.0030475829844363034,new_900_native_extension,431121867077445808
stereographic,620,True,24584,24584,0.0007728603970061829,0.20399446794663195,168,0,0.23912120799650438,new_900_native_extension,3149552207051405975
stereographic,621,True,48,48,0.125,0.375,4,0,0.0011811250005848706,new_900_native_extension,5610548060659096871
stereographic,622,True,2358,2358,0.1458863443596268,0.006785411365564037,20,0,0.02502375000040047,new_900_native_extension,492194114372730884
stereographic,623,True,58,58,0.46551724137931033,0.3448275862068966,2,0,0.0010717920085880905,new_900_native_extension,4443099462721898364
stereographic,624,True,4,4,0.5,0.5,1,0,2.012500772252679e-05,new_900_native_extension,7475832132249970562
stereographic,625,True,59,59,0.15254237288135594,0.2542372881355932,2,0,0.00010395800927653909,new_900_native_extension,1350357914932715269
stereographic,626,False,-1,1000000,0.0,0.193963,6604,0,6.8573017079907,new_900_native_extension,7648850725852228768
stereographic,627,True,138398,138398,0.1946776687524386,1.4451075882599459e-05,916,0,0.88481991700246,new_900_native_extension,1169348648406679536
stereographic,628,False,-1,1000000,0.0,0.184436,6516,0,6.9314310000045225,new_900_native_extension,9294537557376252365
stereographic,629,True,34,34,0.29411764705882354,0.35294117647058826,3,0,0.002947542001493275,new_900_native_extension,12314737136314708722
stereographic,630,True,1183,1183,0.0033812341504649195,0.1834319526627219,13,0,0.00351070798933506,new_900_native_extension,16918370645648927182
stereographic,631,False,-1,1000000,0.0,0.155819,6451,0,6.825657667010091,new_900_native_extension,14582230149287981624
stereographic,632,True,68,68,0.25,0.2647058823529412,4,0,0.0002849169832188636,new_900_native_extension,8591664075192616252
stereographic,633,False,-1,1000000,0.199822,0.0,6472,0,7.125805791991297,new_900_native_extension,14138944047758852775
stereographic,634,True,3,3,0.6666666666666666,0.6666666666666666,1,0,0.029248957987874746,new_900_native_extension,10602030562391757308
stereographic,635,True,73,73,0.1506849315068493,0.3424657534246575,2,0,0.0003641249786596745,new_900_native_extension,4761639859211206150
stereographic,636,True,208,208,0.15865384615384615,0.10096153846153846,47,0,0.008523208001861349,new_900_native_extension,16324646124924635569
stereographic,637,True,29,29,0.3793103448275862,0.3793103448275862,3,0,5.916701047681272e-05,new_900_native_extension,8175684538270949591
stereographic,638,False,-1,1000000,0.0,0.153573,6599,0,7.223878832999617,new_900_native_extension,151257547705847862
stereographic,639,True,126,126,0.3888888888888889,0.373015873015873,4,0,0.004711167013738304,new_900_native_extension,17267050995848015281
stereographic,640,True,45,45,0.35555555555555557,0.28888888888888886,3,0,9.512499673292041e-05,new_900_native_extension,11893232956454827529
stereographic,641,True,1623,1623,0.006777572396796057,0.20948860135551448,12,0,0.02945391699904576,new_900_native_extension,18053775905369689068
stereographic,642,True,195,195,0.2564102564102564,0.26153846153846155,8,0,0.00037566598621197045,new_900_native_extension,5503126117791369924
stereographic,643,False,-1,1000000,0.0,0.196174,6548,0,7.409429583989549,new_900_native_extension,17586487846946196255
stereographic,644,True,784,784,0.33163265306122447,0.002551020408163265,12,0,0.001339916983852163,new_900_native_extension,17140641220964309145
stereographic,645,True,98,98,0.29591836734693877,0.2755102040816326,20,0,0.0001634579966776073,new_900_native_extension,1398809361471683998
stereographic,646,True,52,52,0.2692307692307692,0.25,3,0,9.333298658020794e-05,new_900_native_extension,146568477656619037
stereographic,647,False,-1,1000000,0.155743,0.0,6472,0,7.6943948330008425,new_900_native_extension,170390828712163858
stereographic,648,False,-1,1000000,0.205,0.0,6486,0,6.893945416988572,new_900_native_extension,3792999530814121790
stereographic,649,True,20126,20126,0.19591573089535924,0.0004471827486832952,140,0,0.2112761249882169,new_900_native_extension,4881920875572792279
stereographic,650,True,76,76,0.35526315789473684,0.39473684210526316,4,0,0.0005962920258753002,new_900_native_extension,5795081945716995148
stereographic,651,False,-1,1000000,0.0,0.0,7049,0,6.935253000003286,new_900_native_extension,723081229475148044
stereographic,652,True,43,43,0.3953488372093023,0.37209302325581395,3,0,0.0009417080145794898,new_900_native_extension,9023583524057875882
stereographic,653,True,143,143,0.32167832167832167,0.32167832167832167,6,0,0.00024750002194195986,new_900_native_extension,2986855699747570493
stereographic,654,False,-1,1000000,0.063954,0.0,6923,0,6.978541916992981,new_900_native_extension,4490882972661863777
stereographic,655,True,67,67,0.26865671641791045,0.3283582089552239,1,0,0.0007203750137705356,new_900_native_extension,12282491801816508970
stereographic,656,True,90,90,0.4,0.34444444444444444,7,0,0.00033766700653359294,new_900_native_extension,6814257036321682495
stereographic,657,True,121,121,0.10743801652892562,0.4297520661157025,3,0,0.0004442090285010636,new_900_native_extension,4593383825493480715
stereographic,658,False,-1,1000000,0.0,0.170724,6736,0,6.797588833986083,new_900_native_extension,2723046184709213993
stereographic,659,True,688,688,0.00872093023255814,0.2936046511627907,7,0,0.005413292004959658,new_900_native_extension,18126224006258913610
stereographic,660,False,-1,1000000,0.0,0.185037,6593,0,6.648740167001961,new_900_native_extension,8395612933678360732
stereographic,661,True,122,122,0.22950819672131148,0.21311475409836064,7,0,0.0014254589914344251,new_900_native_extension,3406911281031123211
stereographic,662,True,65,65,0.046153846153846156,0.2153846153846154,9,0,0.0009974999993573874,new_900_native_extension,12059251290145456402
stereographic,663,False,-1,1000000,0.0,0.0,7965,0,6.341384666011436,new_900_native_extension,10296245523699270851
stereographic,664,False,-1,1000000,0.0,0.0,7350,0,6.060194040997885,new_900_native_extension,15130040407583307694
stereographic,665,False,-1,1000000,0.165695,0.0,6585,0,5.97059983300278,new_900_native_extension,9075069229902327266
stereographic,666,False,-1,1000000,0.19235,0.0,6595,0,6.356813708000118,new_900_native_extension,9245492129802834833
stereographic,667,False,-1,1000000,0.0,0.094974,6591,0,6.257239667000249,new_900_native_extension,16735267934046619716
stereographic,668,False,-1,1000000,0.19083,0.0,6571,0,6.064110957988305,new_900_native_extension,14951827899857408722
stereographic,669,False,-1,1000000,0.175095,0.0,6533,0,6.2295349999913014,new_900_native_extension,14114066252647084471
stereographic,670,False,-1,1000000,0.0,0.15642,6442,0,5.79008595799678,new_900_native_extension,9955831300845193459
stereographic,671,True,3656,3656,0.23659737417943108,0.0008205689277899343,64,0,0.09269362498889677,new_900_native_extension,7508717673313710761
stereographic,672,True,34114,34114,0.00017588087002403706,0.20938617576361612,195,0,0.18482258400763385,new_900_native_extension,5434373868049805109
stereographic,673,True,92,92,0.40217391304347827,0.391304347826087,3,0,0.00421166600426659,new_900_native_extension,13191823382796743600
stereographic,674,False,-1,1000000,0.106798,0.0,6855,0,5.849447042011889,new_900_native_extension,17010129105596176283
stereographic,675,True,16,16,0.4375,0.5,1,0,0.015461417002370581,new_900_native_extension,5528643313788496481
stereographic,676,True,275749,275749,0.00024660107561586805,0.20331533387247097,1813,0,1.6282201670110226,new_900_native_extension,17791939936979925436
stereographic,677,True,3,3,1.0,0.6666666666666666,1,0,0.0006121250044088811,new_900_native_extension,13159298190783312776
stereographic,678,False,-1,1000000,0.172188,0.0,6631,0,6.075487416994292,new_900_native_extension,9634348832066629253
stereographic,679,False,-1,1000000,0.0,0.192917,6511,0,6.329255374992499,new_900_native_extension,4894191989866936832
stereographic,680,True,33,33,0.2727272727272727,0.2727272727272727,1,0,0.007274500007042661,new_900_native_extension,13040327947233056025
stereographic,681,False,-1,1000000,0.191113,0.0,6628,0,6.462572000018554,new_900_native_extension,11846176490026459933
stereographic,682,False,-1,1000000,0.173332,0.0,6564,0,6.645395208004629,new_900_native_extension,14301121873423277280
stereographic,683,False,-1,1000000,0.0,0.0,8497,0,6.314162832975853,new_900_native_extension,17946972282178442835
stereographic,684,True,4,4,0.5,0.5,2,0,0.015613291994668543,new_900_native_extension,6572980815380210746
stereographic,685,False,-1,1000000,0.0,0.0,11572,0,6.048191209003562,new_900_native_extension,2936629485617912253
stereographic,686,True,20,20,0.25,0.25,4,0,0.0005669580132234842,new_900_native_extension,6718488502010842338
stereographic,687,True,68,68,0.23529411764705882,0.22058823529411764,2,0,0.00013237498933449388,new_900_native_extension,13380496131514917255
stereographic,688,False,-1,1000000,0.20184,0.0,6709,0,6.264486875006696,new_900_native_extension,5966040961475387699
stereographic,689,False,-1,1000000,0.0,0.190095,6512,0,6.15050949997385,new_900_native_extension,4229274714098393077
stereographic,690,False,-1,1000000,0.0,0.15682,6492,0,6.354833040997619,new_900_native_extension,1887357009472912100
stereographic,691,True,7,7,0.7142857142857143,0.5714285714285714,2,0,0.004950790986185893,new_900_native_extension,18417604292679442046
stereographic,692,False,-1,1000000,0.0,0.18313,6565,0,6.371717250003712,new_900_native_extension,4854853553753142037
stereographic,693,False,-1,1000000,0.0,0.183105,6525,0,6.185591166984523,new_900_native_extension,14085626982123731762
stereographic,694,True,10,10,0.5,0.2,1,0,0.005209082999499515,new_900_native_extension,1204216027088446699
stereographic,695,True,77,77,0.16883116883116883,0.14285714285714285,3,0,0.0005292079877108335,new_900_native_extension,12968785997318545424
stereographic,696,False,-1,1000000,0.0,0.0,6821,0,6.345117874996504,new_900_native_extension,135579426532524173
stereographic,697,False,-1,1000000,0.0,0.144903,6547,0,6.406510667002294,new_900_native_extension,5874399715010327159
stereographic,698,True,171,171,0.15789473684210525,0.14619883040935672,17,0,0.004561125009786338,new_900_native_extension,10058535188160889959
stereographic,699,False,-1,1000000,0.193746,0.0,6392,0,6.478484833001858,new_900_native_extension,14001462326263818842
stereographic,700,False,-1,1000000,0.0,0.0,7371,0,6.581097082991619,new_900_native_extension,10359675427798373511
stereographic,701,False,-1,1000000,0.19453,0.0,6496,0,6.394997082999907,new_900_native_extension,2380895280238578716
stereographic,702,False,-1,1000000,0.0,0.0,8117,0,6.111363125004573,new_900_native_extension,12166520192658964725
stereographic,703,False,-1,1000000,0.0,0.0,7222,0,6.126102957990952,new_900_native_extension,18434446561450588786
stereographic,704,True,72,72,0.25,0.3611111111111111,5,0,0.00026354100555181503,new_900_native_extension,15439820149307148374
stereographic,705,True,581,581,0.20309810671256454,0.01549053356282272,5,0,0.015071957983309403,new_900_native_extension,12851009539214311411
stereographic,706,False,-1,1000000,0.0,0.0,8284,0,6.13608354202006,new_900_native_extension,647775956963399246
stereographic,707,False,-1,1000000,0.0,0.0,7428,0,6.917554124986054,new_900_native_extension,586576960940415285
stereographic,708,False,-1,1000000,0.0,0.0,7374,0,5.971115124993958,new_900_native_extension,11450354797669063028
stereographic,709,True,2,2,1.0,1.0,1,0,0.006329416006337851,new_900_native_extension,3631563676589211086
stereographic,710,False,-1,1000000,0.2049,0.0,6490,0,5.452141209010733,new_900_native_extension,7353149816364367004
stereographic,711,False,-1,1000000,0.190737,0.0,6578,0,4.931557292002253,new_900_native_extension,515743297780152236
stereographic,712,True,15678,15678,0.012437810945273632,0.18140068886337543,180,0,0.05704375001369044,new_900_native_extension,12823957116722356644
stereographic,713,True,4,4,0.75,0.75,1,0,0.0004290000069886446,new_900_native_extension,12736311939765966585
stereographic,714,False,-1,1000000,0.0,0.0,7055,0,3.278452958998969,new_900_native_extension,8918995782494493114
stereographic,715,True,8,8,0.5,0.625,1,0,0.0018957499996758997,new_900_native_extension,17337819314910353687
stereographic,716,False,-1,1000000,0.0,0.0,6687,0,2.754981540987501,new_900_native_extension,594456176031888747
stereographic,717,False,-1,1000000,0.0,0.0,7737,0,2.8596442920097616,new_900_native_extension,12831917651545008677
stereographic,718,True,110,110,0.14545454545454545,0.2727272727272727,9,0,0.003975750005338341,new_900_native_extension,12897001612885855524
stereographic,719,True,103,103,0.32038834951456313,0.33980582524271846,3,0,0.00019483399228192866,new_900_native_extension,13180874053084762237
stereographic,720,True,5,5,0.4,0.4,1,0,1.3540993677452207e-05,new_900_native_extension,9429281064028309088
stereographic,721,True,282375,282375,0.0001912350597609562,0.1995360779105799,1858,0,0.8267209159967024,new_900_native_extension,15828296114226467728
stereographic,722,True,66,66,0.15151515151515152,0.15151515151515152,3,0,0.0013211669865995646,new_900_native_extension,9772799413774817312
stereographic,723,False,-1,1000000,0.0,0.169924,6770,0,2.833896583004389,new_900_native_extension,15815147906196103645
stereographic,724,False,-1,1000000,0.0,0.18774,6523,0,2.8823060000140686,new_900_native_extension,5498307250723624943
stereographic,725,True,72188,72188,0.0004432869729040838,0.00470992408710589,465,0,0.2240711670019664,new_900_native_extension,12952252434555305728
stereographic,726,False,-1,1000000,0.0,0.129282,6403,0,2.843553000013344,new_900_native_extension,2198530869983984125
stereographic,727,True,27,27,0.2962962962962963,0.2222222222222222,3,0,0.007130334008252248,new_900_native_extension,1023525816249582288
stereographic,728,False,-1,1000000,0.203093,0.0,6539,0,2.8418690839898773,new_900_native_extension,7459131700987680212
stereographic,729,True,57,57,0.3333333333333333,0.21052631578947367,3,0,0.00873929201043211,new_900_native_extension,12000126254018222729
stereographic,730,True,195,195,0.2205128205128205,0.24102564102564103,5,0,0.0006908339855726808,new_900_native_extension,16825120024908326822
stereographic,731,False,-1,1000000,0.0,0.194618,6653,0,2.6921944999776315,new_900_native_extension,4555995847882514349
stereographic,732,False,-1,1000000,0.0,0.0,7781,0,2.6267440840019844,new_900_native_extension,13377146100016539174
stereographic,733,True,1163,1163,0.24505588993981084,0.010318142734307825,9,0,0.001964582974324003,new_900_native_extension,5778850459604463800
stereographic,734,True,28186,28186,0.23816788476548642,0.0012772298304122615,185,0,0.15423495799768716,new_900_native_extension,16555091418426411179
stereographic,735,False,-1,1000000,0.0,0.177442,6566,0,2.103764917002991,new_900_native_extension,10744822049268995735
stereographic,736,True,90,90,0.05555555555555555,0.05555555555555555,17,0,0.010405375011032447,new_900_native_extension,17169745313249445944
stereographic,737,True,7,7,0.42857142857142855,0.2857142857142857,2,0,4.8999994760379195e-05,new_900_native_extension,16030825099472421270
stereographic,738,True,133,133,0.22556390977443608,0.10526315789473684,5,0,0.0004097500059287995,new_900_native_extension,17671142633033826258
stereographic,739,False,-1,1000000,0.0,0.170144,6622,0,2.0484440829895902,new_900_native_extension,9677292640328402065
stereographic,740,True,49,49,0.40816326530612246,0.3877551020408163,2,0,0.0014313329884316772,new_900_native_extension,17310093963390118204
stereographic,741,False,-1,1000000,0.214549,0.0,6743,0,1.8689044170023408,new_900_native_extension,4444182570903310330
stereographic,742,True,310,310,0.3387096774193548,0.00967741935483871,2,0,0.0005362920055631548,new_900_native_extension,12668162280215436586
stereographic,743,False,-1,1000000,0.0,0.0,7744,0,1.8230066249961965,new_900_native_extension,4053764947731541451
stereographic,744,True,33,33,0.42424242424242425,0.45454545454545453,3,0,0.0015480000001844019,new_900_native_extension,9949084120634186841
stereographic,745,True,13,13,0.7692307692307693,0.7692307692307693,1,0,2.9166985768824816e-05,new_900_native_extension,17363976921641458159
stereographic,746,False,-1,1000000,0.107474,0.0,6849,0,1.938583999988623,new_900_native_extension,1132172221628032872
stereographic,747,False,-1,1000000,0.0,0.159043,6659,0,1.8750214590108953,new_900_native_extension,5667385131737060668
stereographic,748,False,-1,1000000,0.0,0.193255,6614,0,1.8646302910055965,new_900_native_extension,418966539765572745
stereographic,749,True,47,47,0.1276595744680851,0.2978723404255319,3,0,0.00010841700714081526,new_900_native_extension,11318995044627372397
stereographic,750,False,-1,1000000,0.199154,0.0,6463,0,1.8484858750016429,new_900_native_extension,10853893286994672540
stereographic,751,True,654962,654962,0.006270592797750099,0.15040719919628925,4281,0,1.1672907499887515,new_900_native_extension,11231977871974641160
stereographic,752,True,163,163,0.2822085889570552,0.2085889570552147,8,0,0.00028533401200547814,new_900_native_extension,8217081435705853429
stereographic,753,True,20602,20602,0.12678380739734008,0.0015047082807494417,149,0,0.03989958399324678,new_900_native_extension,8525202986617553683
stereographic,754,True,104890,104890,0.1801506339975212,9.533797311469158e-05,706,0,0.19421487499494106,new_900_native_extension,7350455603666795582
stereographic,755,True,50,50,0.54,0.5,1,0,0.0008046660223044455,new_900_native_extension,16883075764301071495
stereographic,756,False,-1,1000000,0.0,0.199419,6624,0,1.9086182079918217,new_900_native_extension,4532408985252739816
stereographic,757,True,23066,23066,0.0016040926038324806,0.18091563339980923,154,0,0.041067165991989896,new_900_native_extension,9633518964879505081
stereographic,758,True,12,12,0.5,0.5833333333333334,1,0,3.608298720791936e-05,new_900_native_extension,3895630199323037696
stereographic,759,True,182248,182248,0.16905535314516484,1.0974057328475484e-05,1164,0,0.32645449999836273,new_900_native_extension,671110418911019028
stereographic,760,False,-1,1000000,0.164709,0.0,6453,0,1.8614640000159852,new_900_native_extension,3314323072312342755
stereographic,761,False,-1,1000000,0.0,0.196191,6428,0,1.874429624993354,new_900_native_extension,1055511342518237730
stereographic,762,False,-1,1000000,0.0,0.161975,6527,0,1.8804412919853348,new_900_native_extension,3188567596995452027
stereographic,763,False,-1,1000000,0.0,0.0,7672,0,1.7490722500078846,new_900_native_extension,15196043690079197886
stereographic,764,False,-1,1000000,0.0,0.192496,6544,0,1.7644650830188766,new_900_native_extension,18004884445757378350
stereographic,765,False,-1,1000000,0.0,0.0,7136,0,1.7519622080144472,new_900_native_extension,8474517531345881685
stereographic,766,True,150,150,0.09333333333333334,0.2,13,0,0.0004933330055791885,new_900_native_extension,7172096917383614426
stereographic,767,False,-1,1000000,0.0,0.0,7171,0,1.7445750840124674,new_900_native_extension,16929589359850669255
stereographic,768,True,39,39,0.1282051282051282,0.10256410256410256,6,0,0.0005683330236934125,new_900_native_extension,13957511272139187927
stereographic,769,True,107,107,0.18691588785046728,0.18691588785046728,6,0,0.00031479200697503984,new_900_native_extension,9378425355051821776
stereographic,770,True,15932,15932,0.16294250564900828,0.0004393673110720562,108,0,0.02739575001760386,new_900_native_extension,2111131936906915848
stereographic,771,False,-1,1000000,0.0,0.196173,6707,0,1.7414241249789484,new_900_native_extension,5718700946245388157
stereographic,772,False,-1,1000000,0.169233,0.0,6381,0,1.7245115420082584,new_900_native_extension,1172323787139828475
stereographic,773,True,158,158,0.12658227848101267,0.189873417721519,44,0,0.00040049999370239675,new_900_native_extension,5923408102444445356
stereographic,774,True,54,54,0.5,0.4444444444444444,2,0,0.00015875001554377377,new_900_native_extension,16423918854998261992
stereographic,775,False,-1,1000000,0.184501,0.0,6588,0,1.7325133330014069,new_900_native_extension,9370701327784196385
stereographic,776,False,-1,1000000,0.0,0.192658,6474,0,1.7430571250151843,new_900_native_extension,2778763040973109086
stereographic,777,True,7,7,0.5714285714285714,0.5714285714285714,2,0,0.0002641669998411089,new_900_native_extension,13151312815128158410
stereographic,778,False,-1,1000000,0.171636,0.0,6483,0,1.7366795419948176,new_900_native_extension,7615983051989372964
stereographic,779,False,-1,1000000,0.193666,0.0,6530,0,1.7441631249967031,new_900_native_extension,8235437230354048238
stereographic,780,True,11,11,0.6363636363636364,0.5454545454545454,1,0,0.0004234999942127615,new_900_native_extension,15026878604720540858
stereographic,781,True,29,29,0.3448275862068966,0.27586206896551724,7,0,0.0001237079850398004,new_900_native_extension,10202485782613043949
stereographic,782,False,-1,1000000,0.0,0.0,6872,0,1.7504829170065932,new_900_native_extension,9431014189281266759
stereographic,783,True,32,32,0.5,0.40625,3,0,6.195798050612211e-05,new_900_native_extension,13854745248729256041
stereographic,784,True,257,257,0.30739299610894943,0.19844357976653695,9,0,0.00043183297384530306,new_900_native_extension,7509788302538612398
stereographic,785,True,81,81,0.18518518518518517,0.18518518518518517,1,0,0.0001404999929945916,new_900_native_extension,1761919508679982194
stereographic,786,False,-1,1000000,0.183071,0.0,6667,0,1.7360576659848448,new_900_native_extension,1945682596863947438
stereographic,787,False,-1,1000000,0.0,0.169037,6608,0,1.769555417005904,new_900_native_extension,14160611070871578701
stereographic,788,False,-1,1000000,0.0,0.185025,6545,0,1.7791765839792788,new_900_native_extension,3687045503327434338
stereographic,789,False,-1,1000000,0.0,0.164815,6546,0,1.7808406660042237,new_900_native_extension,4907771532098966045
stereographic,790,False,-1,1000000,0.169792,0.0,6494,0,1.7706304999883287,new_900_native_extension,14148726839994693416
stereographic,791,False,-1,1000000,0.0,0.155076,6422,0,1.76197679201141,new_900_native_extension,17030586179217185554
stereographic,792,True,611,611,0.01800327332242226,0.25859247135842883,3,0,0.001078582979971543,new_900_native_extension,18364462073146949292
stereographic,793,False,-1,1000000,0.0,0.0,6720,0,1.7625152920081746,new_900_native_extension,8166742826032241124
stereographic,794,True,186,186,0.20430107526881722,0.0913978494623656,10,0,0.0006264999974519014,new_900_native_extension,4354031084298971576
stereographic,795,True,4993,4993,0.14119767674744643,0.0026036451031444022,31,0,0.008453332993667573,new_900_native_extension,18124919620021710698
stereographic,796,True,11,11,0.2727272727272727,0.2727272727272727,1,0,0.0002292920253239572,new_900_native_extension,2787010792966637300
stereographic,797,True,41,41,0.2926829268292683,0.2926829268292683,3,0,0.00020562499412335455,new_900_native_extension,9987466695992912050
stereographic,798,False,-1,1000000,0.177386,0.0,6504,0,1.778178749984363,new_900_native_extension,14846576981656675002
stereographic,799,True,132,132,0.09090909090909091,0.30303030303030304,2,0,0.00048629200318828225,new_900_native_extension,5020815530309109565
stereographic,800,True,302,302,0.09933774834437085,0.22185430463576158,12,0,0.0009514580015093088,new_900_native_extension,9975995649001027575
stereographic,801,False,-1,1000000,0.188513,0.0,6607,0,1.7773547079996206,new_900_native_extension,17133529356225239210
stereographic,802,True,10872,10872,0.0013796909492273732,0.28421633554083886,81,0,0.01840370800346136,new_900_native_extension,16119492315694643111
stereographic,803,True,35,35,0.14285714285714285,0.17142857142857143,3,0,0.0008265000069513917,new_900_native_extension,3569902267548422993
stereographic,804,False,-1,1000000,0.16811,0.0,6467,0,1.779268874990521,new_900_native_extension,2016317438904467114
stereographic,805,False,-1,1000000,0.189797,0.0,6484,0,1.7719815410091542,new_900_native_extension,13953948041132729759
stereographic,806,True,2565,2565,0.005847953216374269,0.29980506822612085,24,0,0.005650832987157628,new_900_native_extension,6499734875536177422
stereographic,807,True,195,195,0.035897435897435895,0.22564102564102564,11,0,0.0005710000114049762,new_900_native_extension,16641090573752305261
stereographic,808,True,17,17,0.29411764705882354,0.4117647058823529,1,0,4.095802432857454e-05,new_900_native_extension,1254804833301848654
stereographic,809,False,-1,1000000,0.0,0.197971,6482,0,1.7698426250135526,new_900_native_extension,4164415441097947012
stereographic,810,False,-1,1000000,0.0,0.0,6784,0,1.7635930420074146,new_900_native_extension,17345719695380987824
stereographic,811,True,9,9,0.3333333333333333,0.3333333333333333,1,0,0.0002612499811220914,new_900_native_extension,8108900278499927141
stereographic,812,False,-1,1000000,0.172324,0.0,6592,0,1.7502195829874836,new_900_native_extension,522970206358548461
stereographic,813,False,-1,1000000,0.0,0.182515,6567,0,1.7597570829966571,new_900_native_extension,1821611637629439705
stereographic,814,True,2061,2061,0.0019408054342552159,0.24696749150897623,20,0,0.005594000016571954,new_900_native_extension,16288784636090997508
stereographic,815,True,680,680,0.16029411764705884,0.04264705882352941,12,0,0.0011417500209063292,new_900_native_extension,2613811479064118175
stereographic,816,True,33,33,0.3939393939393939,0.3333333333333333,6,0,6.612497963942587e-05,new_900_native_extension,11200038724847130803
stereographic,817,False,-1,1000000,0.0,0.202226,6607,0,1.762761333025992,new_900_native_extension,5106180572120694415
stereographic,818,True,84,84,0.39285714285714285,0.2619047619047619,4,0,0.0001439159968867898,new_900_native_extension,12874279603675112755
stereographic,819,True,156,156,0.2692307692307692,0.038461538461538464,7,0,0.0004626660083886236,new_900_native_extension,11481471376776415500
stereographic,820,True,42,42,0.2619047619047619,0.2857142857142857,1,0,7.641699630767107e-05,new_900_native_extension,8023955936862470902
stereographic,821,True,104,104,0.33653846153846156,0.4519230769230769,4,0,0.0001899579947348684,new_900_native_extension,9574338240346787490
stereographic,822,False,-1,1000000,0.189212,0.0,6528,0,1.7519293340155855,new_900_native_extension,5685473021397324731
stereographic,823,True,43942,43942,0.00015930089663647535,0.21885667470756906,297,0,0.08728974999394268,new_900_native_extension,1795624627851456093
stereographic,824,True,12,12,0.4166666666666667,0.5,1,0,4.558300133794546e-05,new_900_native_extension,3335631801111669956
stereographic,825,True,165,165,0.05454545454545454,0.07878787878787878,4,0,0.0002771669824142009,new_900_native_extension,10267447518612124087
stereographic,826,True,23,23,0.30434782608695654,0.34782608695652173,1,0,4.2916013626381755e-05,new_900_native_extension,6035995349801206742
stereographic,827,True,53455,53455,0.0003928538022635862,0.18507155551398372,333,0,0.0950584170059301,new_900_native_extension,11580517301906160924
stereographic,828,False,-1,1000000,0.0,0.178801,6590,0,1.7481702090008184,new_900_native_extension,16506993560521147969
stereographic,829,True,803641,803641,0.19740406475030517,1.1199030412833592e-05,5248,0,1.400980750011513,new_900_native_extension,296786219143771526
stereographic,830,True,3,3,0.6666666666666666,0.6666666666666666,2,0,0.00024608400417491794,new_900_native_extension,7652379224432846513
stereographic,831,False,-1,1000000,0.0,0.180426,6553,0,1.731458249996649,new_900_native_extension,3457964385869922732
stereographic,832,True,87,87,0.367816091954023,0.2413793103448276,3,0,0.00016058297478593886,new_900_native_extension,7537247953758615192
stereographic,833,True,57,57,0.3684210526315789,0.3333333333333333,4,0,9.762501576915383e-05,new_900_native_extension,2355736905316464789
stereographic,834,False,-1,1000000,0.0,0.197818,6513,0,1.7384080000047106,new_900_native_extension,8703791173943211101
stereographic,835,False,-1,1000000,0.189142,0.0,6486,0,1.7218088330118917,new_900_native_extension,7667696464348946714
stereographic,836,True,373495,373495,0.00011512871658255131,0.059093160551011395,2478,0,0.6468762500153389,new_900_native_extension,16110258979638235471
stereographic,837,True,22,22,0.2727272727272727,0.22727272727272727,3,0,0.0008141669968608767,new_900_native_extension,17038363667955237683
stereographic,838,True,122,122,0.3360655737704918,0.36885245901639346,3,0,0.00024350002058781683,new_900_native_extension,1292570518781371277
stereographic,839,True,352,352,0.14772727272727273,0.11363636363636363,29,0,0.0005821659869980067,new_900_native_extension,8527753660452856799
stereographic,840,False,-1,1000000,0.0,0.0,13746,0,1.7350891669921111,new_900_native_extension,3300067314167953714
stereographic,841,True,4,4,0.5,0.5,1,0,0.0003516249998938292,new_900_native_extension,10858347324854752327
stereographic,842,True,67,67,0.29850746268656714,0.19402985074626866,3,0,0.0002357920166105032,new_900_native_extension,17017812442536213638
stereographic,843,True,2008,2008,0.00099601593625498,0.28286852589641437,30,0,0.0034520830085966736,new_900_native_extension,14740121484432487652
stereographic,844,True,84,84,0.15476190476190477,0.27380952380952384,3,0,0.00031845798366703093,new_900_native_extension,12038689869233617886
stereographic,845,True,34,34,0.23529411764705882,0.2647058823529412,1,0,0.00011850000009872019,new_900_native_extension,16395713961696667415
stereographic,846,True,61,61,0.3770491803278688,0.32786885245901637,4,0,0.00019687498570419848,new_900_native_extension,4506742879326649591
stereographic,847,True,13,13,0.3076923076923077,0.3076923076923077,2,0,4.891701973974705e-05,new_900_native_extension,17481030042100320693
stereographic,848,False,-1,1000000,0.0,0.198818,6520,0,1.744394832989201,new_900_native_extension,3865871200162365221
stereographic,849,False,-1,1000000,0.0,0.187925,6401,0,1.7454307090083603,new_900_native_extension,5560961311744291858
stereographic,850,True,50,50,0.28,0.12,1,0,0.0002525830059312284,new_900_native_extension,17361918723808276199
stereographic,851,False,-1,1000000,0.0,0.204045,6520,0,1.8658061659953091,new_900_native_extension,4718588324148525575
stereographic,852,False,-1,1000000,0.0,0.0,6923,0,1.8119500419998076,new_900_native_extension,6223443719514231909
stereographic,853,True,2048,2048,0.12646484375,0.0205078125,33,0,0.0035681249864865094,new_900_native_extension,2265228662168121532
stereographic,854,False,-1,1000000,0.0,0.202929,6676,0,1.8213486669992562,new_900_native_extension,13446242206645620469
stereographic,855,True,78,78,0.32051282051282054,0.3717948717948718,3,0,0.0001418330066371709,new_900_native_extension,14357892450928547165
stereographic,856,True,1387,1387,0.18312905551550107,0.004325883201153569,20,0,0.0023079999955371022,new_900_native_extension,11340382446084277275
stereographic,857,False,-1,1000000,0.0,0.193923,6470,0,1.8300229590095114,new_900_native_extension,7231413155724274851
stereographic,858,True,14,14,0.5,0.5,2,0,0.0004562909889500588,new_900_native_extension,2501059235614916120
stereographic,859,True,25,25,0.48,0.44,3,0,9.629200212657452e-05,new_900_native_extension,8497417686135450907
stereographic,860,True,502,502,0.23904382470119523,0.03386454183266932,25,0,0.000966416992014274,new_900_native_extension,5151901407857908656
stereographic,861,True,5,5,0.4,0.6,1,0,0.00021562498295679688,new_900_native_extension,6537108718748264739
stereographic,862,True,1231,1231,0.24289195775792038,0.003249390739236393,7,0,0.0021212090214248747,new_900_native_extension,9554370825728120679
stereographic,863,True,149,149,0.2483221476510067,0.15436241610738255,3,0,0.00042883300920948386,new_900_native_extension,14421163146488421371
stereographic,864,False,-1,1000000,0.138481,0.0,6620,0,1.6974896250176243,new_900_native_extension,9665989520227410657
stereographic,865,True,6,6,0.6666666666666666,0.6666666666666666,1,0,0.0005869999877177179,new_900_native_extension,13227714148040187698
stereographic,866,False,-1,1000000,0.0,0.0,7978,0,1.7155664169986267,new_900_native_extension,9592652471410585530
stereographic,867,True,72,72,0.20833333333333334,0.2916666666666667,7,0,0.0002583330206107348,new_900_native_extension,8006046513109374893
stereographic,868,True,28251,28251,0.0018052458320059466,0.19549750451311457,190,0,0.048421166982734576,new_900_native_extension,17199330381797868594
stereographic,869,False,-1,1000000,0.0,0.0,7555,0,1.7091308330127504,new_900_native_extension,10667098369408486020
stereographic,870,True,35042,35042,0.0009417270703726956,0.20860681467952744,258,0,0.06231300000217743,new_900_native_extension,16959102507546482318
stereographic,871,True,2,2,1.0,1.0,1,0,0.00023516701185144484,new_900_native_extension,3090014817657594475
stereographic,872,True,329,329,0.3860182370820669,0.06990881458966565,11,0,0.000617124984273687,new_900_native_extension,3443956031020964611
stereographic,873,False,-1,1000000,0.0,0.193786,6421,0,1.7193640829937067,new_900_native_extension,2878322985602541363
stereographic,874,True,34,34,0.23529411764705882,0.38235294117647056,8,0,0.0003812909999396652,new_900_native_extension,12928626173862054298
stereographic,875,True,207317,207317,5.7882373370249424e-05,0.1816348876358427,1298,0,0.35357262499746867,new_900_native_extension,7043747235857899824
stereographic,876,False,-1,1000000,0.205394,0.0,6458,0,1.7165172079985496,new_900_native_extension,6249747599288039453
stereographic,877,True,96,96,0.25,0.3645833333333333,2,0,0.0003853329981211573,new_900_native_extension,1088944971177206542
stereographic,878,True,28466,28466,0.0043560739127380035,0.19363451134686996,182,0,0.04889025000738911,new_900_native_extension,570790938009202225
stereographic,879,True,393030,393030,0.20270971681551025,7.633005114113427e-06,2531,0,0.6731545419897884,new_900_native_extension,10421894079291638800
stereographic,880,False,-1,1000000,0.17323,0.0,6566,0,1.7321959999972023,new_900_native_extension,17928816664901873138
stereographic,881,True,438110,438110,0.2022528588710598,4.5650635685101914e-05,2911,0,0.7473081249918323,new_900_native_extension,6901948128317616217
stereographic,882,True,60,60,0.5,0.4666666666666667,4,0,0.00029600001289509237,new_900_native_extension,15314570205830730001
stereographic,883,True,1298,1298,0.24036979969183359,0.02234206471494607,8,0,0.002276707993587479,new_900_native_extension,8426752564231038146
stereographic,884,True,679,679,0.33578792341678937,0.011782032400589101,10,0,0.001149249990703538,new_900_native_extension,13346069163860639770
stereographic,885,True,1880,1880,0.0010638297872340426,0.23670212765957446,24,0,0.0031524579972028732,new_900_native_extension,9667163202883475099
stereographic,886,True,63,63,0.14285714285714285,0.14285714285714285,11,0,0.00021800000104121864,new_900_native_extension,9936487702129186490
stereographic,887,True,249,249,0.24096385542168675,0.2570281124497992,21,0,0.0004232079954817891,new_900_native_extension,11345749289797547593
stereographic,888,True,98,98,0.24489795918367346,0.17346938775510204,5,0,0.00016854199930094182,new_900_native_extension,6786108609871422614
stereographic,889,True,73,73,0.4246575342465753,0.1232876712328767,3,0,0.0002831250021699816,new_900_native_extension,11976748459807102524
stereographic,890,True,202,202,0.10891089108910891,0.27722772277227725,4,0,0.00034620799124240875,new_900_native_extension,1437132625456933361
stereographic,891,True,1682,1682,0.09453032104637336,0.007134363852556481,16,0,0.0028002499893773347,new_900_native_extension,10138642824010274656
stereographic,892,False,-1,1000000,0.0,0.115817,6450,0,1.8138319170102477,new_900_native_extension,2677320394018889519
stereographic,893,False,-1,1000000,0.168445,0.0,6488,0,1.8197934159834404,new_900_native_extension,3528143461079618688
stereographic,894,False,-1,1000000,0.197225,0.0,6617,0,1.8525009999866597,new_900_native_extension,11976578753868775096
stereographic,895,True,64444,64444,0.00026379492272360496,0.2268946682390913,466,0,0.11252600001171231,new_900_native_extension,9827655247670267994
stereographic,896,True,4,4,0.75,0.75,1,0,3.4500000765547156e-05,new_900_native_extension,12852516979013070604
stereographic,897,True,50,50,0.12,0.18,3,0,0.0011757919855881482,new_900_native_extension,9387709461395532410
stereographic,898,True,94,94,0.43617021276595747,0.3404255319148936,3,0,0.00016437500016763806,new_900_native_extension,5950642069944427983
stereographic,899,True,29,29,0.3793103448275862,0.3793103448275862,1,0,5.387500277720392e-05,new_900_native_extension,4094329947793099669
stereographic,900,True,177671,177671,0.17021348447411228,0.00015196627474376798,1169,0,0.3559655839926563,new_900_native_extension,16039799878752470073
stereographic,901,True,36180,36180,0.22603648424543946,0.001271420674405749,239,0,0.062186958006350324,new_900_native_extension,13375542129524111625
stereographic,902,True,46,46,0.32608695652173914,0.41304347826086957,2,0,0.0002434579946566373,new_900_native_extension,12685692355738513634
stereographic,903,True,3632,3632,0.23705947136563876,0.0008259911894273128,12,0,0.006369041977450252,new_900_native_extension,15679433768684105420
stereographic,904,True,2571,2571,0.20770128354725786,0.0011668611435239206,21,0,0.004434374975971878,new_900_native_extension,321680740508229258
stereographic,905,True,30636,30636,0.0003264133698916308,0.0624102363232798,198,0,0.05521491600666195,new_900_native_extension,10412756427583804346
stereographic,906,False,-1,1000000,0.196115,0.0,6588,0,1.8552210830093827,new_900_native_extension,2606507308809156954
stereographic,907,False,-1,1000000,0.0,0.13857,6950,0,1.8328537500055972,new_900_native_extension,5180599076537280858
stereographic,908,False,-1,1000000,0.0,0.165031,6515,0,1.829422374983551,new_900_native_extension,7153454621112971813
stereographic,909,False,-1,1000000,0.0,0.180265,6598,0,1.8408237920084503,new_900_native_extension,13268664360754444506
stereographic,910,True,134,134,0.13432835820895522,0.16417910447761194,5,0,0.00039429101161658764,new_900_native_extension,631627145269258338
stereographic,911,False,-1,1000000,0.183136,0.0,6596,0,1.806469917006325,new_900_native_extension,4931511784663299191
stereographic,912,False,-1,1000000,0.0,0.187253,6674,0,1.8161881659762003,new_900_native_extension,6252799016714478318
stereographic,913,True,46,46,0.43478260869565216,0.5,2,0,0.0004377499863039702,new_900_native_extension,4079609827223426100
stereographic,914,True,11,11,0.45454545454545453,0.45454545454545453,1,0,5.9542013332247734e-05,new_900_native_extension,9065494632421896112
stereographic,915,True,31,31,0.45161290322580644,0.45161290322580644,2,0,7.650000043213367e-05,new_900_native_extension,13796931963355954473
stereographic,916,True,35,35,0.42857142857142855,0.45714285714285713,2,0,6.487499922513962e-05,new_900_native_extension,3194911297763487876
stereographic,917,False,-1,1000000,0.0,0.0,7109,0,1.7958994159998838,new_900_native_extension,16573581268419585775
stereographic,918,False,-1,1000000,0.0,0.201319,6491,0,1.767711207998218,new_900_native_extension,174861695155144568
stereographic,919,True,64,64,0.234375,0.265625,7,0,0.0002989170025102794,new_900_native_extension,16917992876449923623
stereographic,920,False,-1,1000000,0.0,0.187799,6583,0,1.6990138750115875,new_900_native_extension,17993762438320234624
stereographic,921,False,-1,1000000,0.0,0.0,8425,0,1.7050176670018118,new_900_native_extension,9047725412791558484
stereographic,922,True,71789,71789,0.0002507347922383652,0.1967014445109975,475,0,0.13519333300064318,new_900_native_extension,8983605181463581240
stereographic,923,True,2287,2287,0.011805859204197638,0.25185832968954963,20,0,0.0038811250124126673,new_900_native_extension,469557129641487107
stereographic,924,False,-1,1000000,0.17714,0.0,6459,0,1.6845173749898095,new_900_native_extension,9331302537609810539
stereographic,925,True,824,824,0.006067961165048544,0.2645631067961165,8,0,0.0015577499871142209,new_900_native_extension,2448935855211086523
stereographic,926,False,-1,1000000,0.123007,0.0,6888,0,1.6788311670243274,new_900_native_extension,4639227641235168483
stereographic,927,False,-1,1000000,0.19097,0.0,6625,0,1.688261458009947,new_900_native_extension,4179145746066365305
stereographic,928,False,-1,1000000,0.181068,0.0,6423,0,1.6878518750017975,new_900_native_extension,11755038245813781509
stereographic,929,True,37,37,0.32432432432432434,0.2972972972972973,4,0,0.00035079201916232705,new_900_native_extension,9759948308221027843
stereographic,930,False,-1,1000000,0.0,0.1864,6635,0,1.6931980840163305,new_900_native_extension,16477589986808324723
stereographic,931,False,-1,1000000,0.166747,0.0,6607,0,1.6883983750012703,new_900_native_extension,1620566798677827606
stereographic,932,False,-1,1000000,0.204102,0.0,6454,0,1.681220166006824,new_900_native_extension,6733209388733427243
stereographic,933,False,-1,1000000,0.0,0.167602,6686,0,1.6866974580043461,new_900_native_extension,16025751867498111889
stereographic,934,False,-1,1000000,0.0,0.0,6991,0,1.6762348329939414,new_900_native_extension,7877471766692686901
stereographic,935,True,485,485,0.334020618556701,0.041237113402061855,14,0,0.000827458017738536,new_900_native_extension,10711904016583740076
stereographic,936,True,140896,140896,0.21616653418124007,0.00012775380422439247,907,0,0.23681500001112,new_900_native_extension,8308104440472362300
stereographic,937,False,-1,1000000,0.0,0.1794,6587,0,1.6903504579968285,new_900_native_extension,17016696859662065848
stereographic,938,True,4161,4161,0.0067291516462388845,0.20475847152126891,36,0,0.0072500419919379056,new_900_native_extension,13655543938843615777
stereographic,939,False,-1,1000000,0.115144,0.0,6636,0,1.67986158299027,new_900_native_extension,13187029158726615574
stereographic,940,False,-1,1000000,0.184934,0.0,6369,0,1.6803057919896673,new_900_native_extension,2366499737880293845
stereographic,941,True,6,6,0.5,0.6666666666666666,1,0,0.00022270798217505217,new_900_native_extension,17949173731553422194
stereographic,942,True,222,222,0.25225225225225223,0.26576576576576577,10,0,0.0004295840044505894,new_900_native_extension,9859776364047511466
stereographic,943,True,11,11,0.36363636363636365,0.5454545454545454,1,0,2.6458001229912043e-05,new_900_native_extension,1374548624758990230
stereographic,944,True,535413,535413,0.18021975559054412,9.338585353736274e-06,3460,0,0.8972760840260889,new_900_native_extension,12964418558666585725
stereographic,945,True,1224,1224,0.0032679738562091504,0.1772875816993464,10,0,0.002171750005800277,new_900_native_extension,16909947297965527547
stereographic,946,True,15,15,0.6666666666666666,0.6666666666666666,2,0,0.00026170897763222456,new_900_native_extension,2580860812260765913
stereographic,947,False,-1,1000000,0.0,0.194578,6583,0,1.6977718749840278,new_900_native_extension,15928490572292813257
stereographic,948,False,-1,1000000,0.202514,0.0,6586,0,1.6918237910140306,new_900_native_extension,16146603664430738021
stereographic,949,False,-1,1000000,0.0,0.185589,6419,0,1.6970103749772534,new_900_native_extension,1421379526660016304
stereographic,950,False,-1,1000000,0.0,0.0,7680,0,1.682630417024484,new_900_native_extension,6484880794111583429
stereographic,951,True,421,421,0.31353919239904987,0.040380047505938245,7,0,0.0007324170146603137,new_900_native_extension,12665537645830204283
stereographic,952,False,-1,1000000,0.0,0.186364,6510,0,1.6892534590151627,new_900_native_extension,3304463544056227240
stereographic,953,True,496,496,0.32056451612903225,0.05241935483870968,12,0,0.0008815000182949007,new_900_native_extension,15335429900555569339
stereographic,954,True,93,93,0.0967741935483871,0.21505376344086022,31,0,0.00037229200825095177,new_900_native_extension,6870183065593509519
stereographic,955,True,198,198,0.2777777777777778,0.06060606060606061,4,0,0.00040941699990071356,new_900_native_extension,8415915345968336863
stereographic,956,True,237,237,0.16455696202531644,0.3206751054852321,3,0,0.0004236249951645732,new_900_native_extension,8195347159180165936
stereographic,957,False,-1,1000000,0.0,0.198294,6558,0,1.6866700000246055,new_900_native_extension,7389315335073616515
stereographic,958,True,13,13,0.46153846153846156,0.46153846153846156,4,0,0.0002900830004364252,new_900_native_extension,9148996959333992513
stereographic,959,True,37,37,0.4594594594594595,0.43243243243243246,3,0,0.00012874999083578587,new_900_native_extension,17055867226444110773
stereographic,960,True,181,181,0.04419889502762431,0.19337016574585636,13,0,0.00030524999601766467,new_900_native_extension,6041831070382202450
stereographic,961,False,-1,1000000,0.0,0.203271,6464,0,1.6907228750060312,new_900_native_extension,13391361944918855777
stereographic,962,True,164,164,0.2865853658536585,0.2865853658536585,8,0,0.000401416007662192,new_900_native_extension,845691042898946872
stereographic,963,True,5726,5726,0.001047851903597625,0.062172546280125744,42,0,0.009859000012511387,new_900_native_extension,4980118808030040881
stereographic,964,True,14441,14441,0.21432033792673638,0.0015926874870161346,81,0,0.024935665976954624,new_900_native_extension,11206147427191933874
stereographic,965,True,18,18,0.5555555555555556,0.5,2,0,4.195800283923745e-05,new_900_native_extension,12245794618310704078
stereographic,966,True,63,63,0.2857142857142857,0.15873015873015872,1,0,0.00011091699707321823,new_900_native_extension,15967596288820440507
stereographic,967,True,11,11,0.45454545454545453,0.36363636363636365,2,0,2.2417021682485938e-05,new_900_native_extension,5599449178200380005
stereographic,968,False,-1,1000000,0.0,0.0,7127,0,1.6838459580030758,new_900_native_extension,6383747830275591605
stereographic,969,False,-1,1000000,0.202928,0.0,6570,0,1.6863958339963574,new_900_native_extension,11715446974958748415
stereographic,970,True,15548,15548,0.20028299459737586,0.00038590172369436584,206,0,0.026054999994812533,new_900_native_extension,13562048585617578081
stereographic,971,False,-1,1000000,0.0,0.0,7809,0,1.6886518750106916,new_900_native_extension,7436013746931577849
stereographic,972,True,834,834,0.2182254196642686,0.007194244604316547,5,0,0.0014371669967658818,new_900_native_extension,17559326130270040162
stereographic,973,True,91,91,0.2857142857142857,0.3076923076923077,6,0,0.0001678749977145344,new_900_native_extension,17983556527870004244
stereographic,974,True,30204,30204,9.932459276916965e-05,0.2243080386703748,199,0,0.05198133402154781,new_900_native_extension,6066900648690690257
stereographic,975,True,146,146,0.3835616438356164,0.3561643835616438,5,0,0.0004214579821564257,new_900_native_extension,7150842435612079737
stereographic,976,True,6,6,0.8333333333333334,0.5,1,0,6.512500112876296e-05,new_900_native_extension,16885751019953074213
stereographic,977,True,2,2,1.0,1.0,1,0,9.624985978007317e-06,new_900_native_extension,7436713050767513210
stereographic,978,True,32,32,0.09375,0.3125,1,0,5.816700286231935e-05,new_900_native_extension,433047416493350717
stereographic,979,True,41,41,0.34146341463414637,0.2682926829268293,3,0,7.087501580826938e-05,new_900_native_extension,15261276028271118716
stereographic,980,False,-1,1000000,0.0,0.11106,6463,0,1.6987541250127833,new_900_native_extension,10233327121124507208
stereographic,981,True,7,7,0.5714285714285714,0.5714285714285714,1,0,0.00018541698227636516,new_900_native_extension,5104586786566713510
stereographic,982,False,-1,1000000,0.0,0.178703,6719,0,1.6920758330088574,new_900_native_extension,16468737513848343641
stereographic,983,True,177,177,0.288135593220339,0.2768361581920904,5,0,0.0005508750036824495,new_900_native_extension,4765642902881898281
stereographic,984,False,-1,1000000,0.203955,0.0,6443,0,1.6879315830010455,new_900_native_extension,5447039410670913020
stereographic,985,False,-1,1000000,0.0,0.181352,6706,0,1.68866662500659,new_900_native_extension,16507625185552785833
stereographic,986,True,7229,7229,0.1462166274726795,0.0008299903167796375,61,0,0.01208549999864772,new_900_native_extension,1743280091964949219
stereographic,987,True,1955,1955,0.0020460358056265983,0.25933503836317134,20,0,0.004308125004172325,new_900_native_extension,2837017901993743295
stereographic,988,True,4,4,1.0,0.75,1,0,3.220900543965399e-05,new_900_native_extension,12412713534836793912
stereographic,989,True,10,10,0.2,0.3,4,0,4.320798325352371e-05,new_900_native_extension,8771993090592040809
stereographic,990,False,-1,1000000,0.0,0.162659,6613,0,1.6855195839889348,new_900_native_extension,9754304204505754718
stereographic,991,True,458791,458791,4.359283420991257e-05,0.13055399953355667,3041,0,0.774579332995927,new_900_native_extension,1722659789227542357
stereographic,992,False,-1,1000000,0.188355,0.0,6713,0,1.6996087089937646,new_900_native_extension,7695542145871843766
stereographic,993,True,596,596,0.013422818791946308,0.026845637583892617,12,0,0.0010168330045416951,new_900_native_extension,15509869394274146594
stereographic,994,True,87,87,0.06896551724137931,0.06896551724137931,13,0,0.00014820901560597122,new_900_native_extension,7290448161629598357
stereographic,995,True,1908,1908,0.03878406708595388,0.2279874213836478,17,0,0.003265125007601455,new_900_native_extension,9354516093864312324
stereographic,996,False,-1,1000000,0.0,0.180081,6636,0,1.697292208991712,new_900_native_extension,1421034487507115212
stereographic,997,True,107,107,0.24299065420560748,0.2897196261682243,4,0,0.0003922920150216669,new_900_native_extension,10620469865128303560
stereographic,998,False,-1,1000000,0.0,0.172783,6521,0,1.6934324169997126,new_900_native_extension,5814857819361176551
stereographic,999,False,-1,1000000,0.0,0.184515,6578,0,1.675799416989321,new_900_native_extension,12674382491906564073
