method,replicate,met,meeting_time,iterations,acceptance_rate_chain1,acceptance_rate_chain2,proposal_meetings,boundary_rejections,elapsed_seconds,provenance,seed
stereographic,0,False,-1,1000000,0.0,0.0,8022,0,19.960132000007434,reused_original_100rep,original_shard_seeds
stereographic,1,True,82,82,0.2682926829268293,0.3170731707317073,6,0,0.0015823749999981374,reused_original_100rep,original_shard_seeds
stereographic,2,False,-1,1000000,0.0,0.159012,6699,0,20.08043566599372,reused_original_100rep,original_shard_seeds
stereographic,3,True,108,108,0.37037037037037035,0.37962962962962965,4,0,0.0036459999973885715,reused_original_100rep,original_shard_seeds
stereographic,4,True,25,25,0.4,0.28,1,0,0.0008387499838136137,reused_original_100rep,original_shard_seeds
stereographic,5,False,-1,1000000,0.0,0.182477,6653,0,22.217867915984243,reused_original_100rep,original_shard_seeds
stereographic,6,False,-1,1000000,0.0,0.188299,6546,0,23.082523458986543,reused_original_100rep,original_shard_seeds
stereographic,7,False,-1,1000000,0.0,0.168871,6671,0,22.368195125018246,reused_original_100rep,original_shard_seeds
stereographic,8,False,-1,1000000,0.0,0.163502,6601,0,22.429777792014647,reused_original_100rep,original_shard_seeds
stereographic,9,False,-1,1000000,0.192824,0.0,6614,0,22.79439383299905,reused_original_100rep,original_shard_seeds
stereographic,10,True,33209,33209,0.1357162215062182,0.00012044927579872926,253,0,0.7347425420011859,reused_original_100rep,original_shard_seeds
stereographic,11,True,213122,213122,9.853511134467582e-05,0.12313135199557061,1372,0,4.9754112499940675,reused_original_100rep,original_shard_seeds
stereographic,12,False,-1,1000000,0.0,0.02397,6955,0,22.415718875010498,reused_original_100rep,original_shard_seeds
stereographic,13,False,-1,1000000,0.0,0.0,10652,0,22.961515292001422,reused_original_100rep,original_shard_seeds
stereographic,14,True,219625,219625,0.1657962435970404,0.00011383039271485487,1530,0,4.959873083018465,reused_original_100rep,original_shard_seeds
stereographic,15,False,-1,1000000,0.0,0.0,6956,0,22.449812334001763,reused_original_100rep,original_shard_seeds
stereographic,16,True,2,2,1.0,1.0,1,0,0.0002125409955624491,reused_original_100rep,original_shard_seeds
stereographic,17,True,14,14,0.21428571428571427,0.2857142857142857,3,0,0.0003751249751076102,reused_original_100rep,original_shard_seeds
stereographic,18,False,-1,1000000,0.0,0.201341,6582,0,23.16730670799734,reused_original_100rep,original_shard_seeds
stereographic,19,True,524433,524433,3.0509140347766065e-05,0.21093828954318283,3342,0,12.2532019589853,reused_original_100rep,original_shard_seeds
stereographic,20,True,245,245,0.1469387755102041,0.1673469387755102,11,0,0.0044889579876326025,reused_original_100rep,original_shard_seeds
stereographic,21,True,20,20,0.4,0.65,1,0,0.0028131250001024455,reused_original_100rep,original_shard_seeds
stereographic,22,False,-1,1000000,0.0,0.112568,6637,0,16.81416100001661,reused_original_100rep,original_shard_seeds
stereographic,23,True,88,88,0.3977272727272727,0.45454545454545453,5,0,0.0017430410080123693,reused_original_100rep,original_shard_seeds
stereographic,24,False,-1,1000000,0.0,0.167731,6591,0,16.264525833015796,reused_original_100rep,original_shard_seeds
stereographic,25,True,7,7,0.5714285714285714,0.7142857142857143,1,0,0.6147085420088843,reused_original_100rep,original_shard_seeds
stereographic,26,False,-1,1000000,0.0,0.193128,6466,0,19.970716874988284,reused_original_100rep,original_shard_seeds
stereographic,27,False,-1,1000000,0.0,0.190392,6761,0,20.38735450000968,reused_original_100rep,original_shard_seeds
stereographic,28,True,26,26,0.38461538461538464,0.5769230769230769,1,0,0.001194083975860849,reused_original_100rep,original_shard_seeds
stereographic,29,True,12872,12872,0.17743940335612182,0.0006215040397762585,92,0,0.2656804999860469,reused_original_100rep,original_shard_seeds
stereographic,30,True,3,3,0.6666666666666666,0.6666666666666666,1,0,0.001717833016300574,reused_original_100rep,original_shard_seeds
stereographic,31,True,40,40,0.45,0.475,2,0,0.0009298750082962215,reused_original_100rep,original_shard_seeds
stereographic,32,True,163,163,0.1901840490797546,0.25153374233128833,6,0,0.003100667003309354,reused_original_100rep,original_shard_seeds
stereographic,33,True,78,78,0.16666666666666666,0.1794871794871795,2,0,0.002288707997649908,reused_original_100rep,original_shard_seeds
stereographic,34,True,58,58,0.08620689655172414,0.43103448275862066,1,0,0.002531041012844071,reused_original_100rep,original_shard_seeds
stereographic,35,False,-1,1000000,0.161276,0.0,6668,0,21.669690832990455,reused_original_100rep,original_shard_seeds
stereographic,36,False,-1,1000000,0.0,0.167682,6394,0,23.373025791021064,reused_original_100rep,original_shard_seeds
stereographic,37,False,-1,1000000,0.184848,0.0,6669,0,23.507981250004377,reused_original_100rep,original_shard_seeds
stereographic,38,False,-1,1000000,0.0,0.164796,6575,0,23.624666583986254,reused_original_100rep,original_shard_seeds
stereographic,39,False,-1,1000000,0.0,0.191389,6311,0,22.430617875012103,reused_original_100rep,original_shard_seeds
stereographic,40,False,-1,1000000,0.0,0.188252,6593,0,22.568485333991703,reused_original_100rep,original_shard_seeds
stereographic,41,True,60,60,0.3333333333333333,0.45,3,0,0.0019745829922612756,reused_original_100rep,original_shard_seeds
stereographic,42,False,-1,1000000,0.191215,0.0,6665,0,22.147014291986125,reused_original_100rep,original_shard_seeds
stereographic,43,True,25475,25475,0.19697742885181552,0.0005888125613346418,173,0,0.5897309170104563,reused_original_100rep,original_shard_seeds
stereographic,44,True,17,17,0.17647058823529413,0.23529411764705882,1,0,0.0005004589911550283,reused_original_100rep,original_shard_seeds
stereographic,45,False,-1,1000000,0.0,0.191573,6437,0,23.135263040981954,reused_original_100rep,original_shard_seeds
stereographic,46,True,51,51,0.3333333333333333,0.3137254901960784,4,0,0.001127166993683204,reused_original_100rep,original_shard_seeds
stereographic,47,False,-1,1000000,0.129744,0.0,6626,0,23.539482666994445,reused_original_100rep,original_shard_seeds
stereographic,48,False,-1,1000000,0.149769,0.0,6562,0,23.47306458299863,reused_original_100rep,original_shard_seeds
stereographic,49,False,-1,1000000,0.166089,0.0,6826,0,16.301549084018916,reused_original_100rep,original_shard_seeds
stereographic,50,False,-1,1000000,0.0,0.196268,6558,0,20.255608875013422,reused_original_100rep,original_shard_seeds
stereographic,51,True,413,413,0.03631961259079903,0.24939467312348668,6,0,0.006412582995835692,reused_original_100rep,original_shard_seeds
stereographic,52,True,48,48,0.2708333333333333,0.25,10,0,0.001444209017790854,reused_original_100rep,original_shard_seeds
stereographic,53,False,-1,1000000,0.0,0.20088,6490,0,20.91295333398739,reused_original_100rep,original_shard_seeds
stereographic,54,False,-1,1000000,0.182562,0.0,6445,0,22.453153042006306,reused_original_100rep,original_shard_seeds
stereographic,55,True,84,84,0.023809523809523808,0.30952380952380953,3,0,0.0030506670009344816,reused_original_100rep,original_shard_seeds
stereographic,56,False,-1,1000000,0.182459,0.0,6537,0,23.418142499984242,reused_original_100rep,original_shard_seeds
stereographic,57,True,9,9,0.3333333333333333,0.3333333333333333,1,0,0.0008344579837284982,reused_original_100rep,original_shard_seeds
stereographic,58,True,22,22,0.5909090909090909,0.36363636363636365,1,0,0.0010939580097328871,reused_original_100rep,original_shard_seeds
stereographic,59,True,6,6,0.5,0.5,2,0,0.0005077499954495579,reused_original_100rep,original_shard_seeds
stereographic,60,True,68,68,0.36764705882352944,0.38235294117647056,8,0,0.002104041981510818,reused_original_100rep,original_shard_seeds
stereographic,61,True,25,25,0.36,0.08,7,0,0.0011773330043070018,reused_original_100rep,original_shard_seeds
stereographic,62,False,-1,1000000,0.0,0.174042,6626,0,23.880008792009903,reused_original_100rep,original_shard_seeds
stereographic,63,False,-1,1000000,0.162855,0.0,6617,0,23.720732082991162,reused_original_100rep,original_shard_seeds
stereographic,64,True,15,15,0.4666666666666667,0.6,5,0,0.0009341670083813369,reused_original_100rep,original_shard_seeds
stereographic,65,True,173,173,0.23121387283236994,0.2138728323699422,10,0,0.004806374985491857,reused_original_100rep,original_shard_seeds
stereographic,66,True,10,10,0.8,0.6,1,0,0.00028175002080388367,reused_original_100rep,original_shard_seeds
stereographic,67,False,-1,1000000,0.0,0.191363,6429,0,23.199797125009354,reused_original_100rep,original_shard_seeds
stereographic,68,False,-1,1000000,0.158597,0.0,6758,0,23.234848874999443,reused_original_100rep,original_shard_seeds
stereographic,69,False,-1,1000000,0.178632,0.0,6582,0,23.440954999998212,reused_original_100rep,original_shard_seeds
stereographic,70,False,-1,1000000,0.0,0.186123,6551,0,22.704992749990197,reused_original_100rep,original_shard_seeds
stereographic,71,False,-1,1000000,0.0,0.0,7876,0,22.954451500001596,reused_original_100rep,original_shard_seeds
stereographic,72,True,7,7,0.2857142857142857,0.2857142857142857,4,0,0.0006650409777648747,reused_original_100rep,original_shard_seeds
stereographic,73,True,5,5,0.8,0.8,1,0,0.0002876659855246544,reused_original_100rep,original_shard_seeds
stereographic,74,True,129,129,0.20155038759689922,0.17829457364341086,6,0,0.005104040988953784,reused_original_100rep,original_shard_seeds
stereographic,75,True,9636,9636,0.005085097550850975,0.23723536737235368,74,0,0.820597457990516,reused_original_100rep,original_shard_seeds
stereographic,76,False,-1,1000000,0.19509,0.0,6511,0,21.24693045800086,reused_original_100rep,original_shard_seeds
stereographic,77,False,-1,1000000,0.0,0.192076,6604,0,19.96103520898032,reused_original_100rep,original_shard_seeds
stereographic,78,True,157,157,0.03184713375796178,0.2484076433121019,3,0,0.003775541001232341,reused_original_100rep,original_shard_seeds
stereographic,79,False,-1,1000000,0.160319,0.0,6648,0,22.264865082979668,reused_original_100rep,original_shard_seeds
stereographic,80,False,-1,1000000,0.185446,0.0,6715,0,23.306083375005983,reused_original_100rep,original_shard_seeds
stereographic,81,False,-1,1000000,0.0,0.154058,6721,0,23.943411124986596,reused_original_100rep,original_shard_seeds
stereographic,82,True,19,19,0.3684210526315789,0.3684210526315789,1,0,0.0009814169898163527,reused_original_100rep,original_shard_seeds
stereographic,83,True,12,12,0.5833333333333334,0.5833333333333334,1,0,0.00036270800046622753,reused_original_100rep,original_shard_seeds
stereographic,84,True,108,108,0.10185185185185185,0.3888888888888889,1,0,0.0031143339874688536,reused_original_100rep,original_shard_seeds
stereographic,85,False,-1,1000000,0.135616,0.0,6872,0,23.11405095801456,reused_original_100rep,original_shard_seeds
stereographic,86,True,65,65,0.3076923076923077,0.27692307692307694,3,0,0.0018597499874886125,reused_original_100rep,original_shard_seeds
stereographic,87,True,98,98,0.2755102040816326,0.2653061224489796,7,0,0.0020834160095546395,reused_original_100rep,original_shard_seeds
stereographic,88,False,-1,1000000,0.0,0.202345,6496,0,22.45770833399729,reused_original_100rep,original_shard_seeds
stereographic,89,False,-1,1000000,0.0,0.176487,6444,0,22.563267624995206,reused_original_100rep,original_shard_seeds
stereographic,90,False,-1,1000000,0.161547,0.0,6492,0,23.27820691699162,reused_original_100rep,original_shard_seeds
stereographic,91,True,139,139,0.38848920863309355,0.12949640287769784,4,0,0.003322542004752904,reused_original_100rep,original_shard_seeds
stereographic,92,False,-1,1000000,0.0,0.0,8039,0,22.933298374991864,reused_original_100rep,original_shard_seeds
stereographic,93,True,24,24,0.2916666666666667,0.2916666666666667,2,0,0.0025238749803975224,reused_original_100rep,original_shard_seeds
stereographic,94,True,77,77,0.37662337662337664,0.37662337662337664,5,0,0.0013184580020606518,reused_original_100rep,original_shard_seeds
stereographic,95,False,-1,1000000,0.0,0.16136,6642,0,23.081614584021736,reused_original_100rep,original_shard_seeds
stereographic,96,True,87,87,0.42528735632183906,0.41379310344827586,3,0,0.004149834014242515,reused_original_100rep,original_shard_seeds
stereographic,97,True,41,41,0.17073170731707318,0.43902439024390244,1,0,0.0009709589940030128,reused_original_100rep,original_shard_seeds
stereographic,98,True,280,280,0.04285714285714286,0.04642857142857143,8,0,0.004855417006183416,reused_original_100rep,original_shard_seeds
stereographic,99,True,19,19,0.3157894736842105,0.3684210526315789,3,0,0.0010885829979088157,reused_original_100rep,original_shard_seeds
stereographic,100,False,-1,1000000,0.0,0.0,6941,0,5.050735917000566,new_900_native_extension,8890910712398302130
stereographic,101,True,9314,9314,0.0009662873094266695,0.2336267983680481,55,0,0.024198792001698166,new_900_native_extension,12720144853749065706
stereographic,102,False,-1,1000000,0.18131,0.0,6525,0,5.1724792910099495,new_900_native_extension,11528903341604352201
stereographic,103,False,-1,1000000,0.195478,0.0,6509,0,5.115043291007169,new_900_native_extension,11149288694308459712
stereographic,104,True,889122,889122,0.19167110925159878,2.0244690829829876e-05,5782,0,4.540682999999262,new_900_native_extension,17772016260156264995
stereographic,105,False,-1,1000000,0.133395,0.0,6640,0,5.333750416000839,new_900_native_extension,13047653451853759822
stereographic,106,True,18783,18783,0.0006388755789809935,0.22200926369589521,117,0,0.17808845799299888,new_900_native_extension,8388168304350517541
stereographic,107,False,-1,1000000,0.0,0.187953,6442,0,5.250027625006624,new_900_native_extension,10695751296776411906
stereographic,108,False,-1,1000000,0.0,0.129985,6624,0,5.327727624971885,new_900_native_extension,5970317766159488210
stereographic,109,True,138,138,0.2898550724637681,0.2753623188405797,10,0,0.0002503330179024488,new_900_native_extension,1764115122684594881
stereographic,110,False,-1,1000000,0.0,0.143015,6457,0,5.31975920801051,new_900_native_extension,17258746563329755769
stereographic,111,False,-1,1000000,0.0,0.108219,6870,0,5.34503825000138,new_900_native_extension,11380301885697161728
stereographic,112,False,-1,1000000,0.141123,0.0,6650,0,5.330530249979347,new_900_native_extension,6748799662651103115
stereographic,113,True,8,8,0.5,0.625,1,0,0.00254995800787583,new_900_native_extension,10948549356788971150
stereographic,114,True,3,3,0.6666666666666666,0.6666666666666666,1,0,0.0012470000074245036,new_900_native_extension,2695094237534482129
stereographic,115,True,36350,36350,5.502063273727648e-05,0.24269601100412655,243,0,0.13093858398497105,new_900_native_extension,13411548298899185070
stereographic,116,True,1665,1665,0.006606606606606606,0.2018018018018018,16,0,0.004180125019047409,new_900_native_extension,9376110816217708208
stereographic,117,True,31693,31693,0.21878648281955007,0.0018616098192029786,206,0,0.10539870799402706,new_900_native_extension,18004289129807888718
stereographic,118,True,29,29,0.3793103448275862,0.20689655172413793,1,0,6.608400144614279e-05,new_900_native_extension,9463864797149120816
stereographic,119,True,10021,10021,0.25147190899111865,0.003792036722881948,74,0,0.05625437499838881,new_900_native_extension,2248650215092576568
stereographic,120,False,-1,1000000,0.0,0.0,8160,0,5.302990540978499,new_900_native_extension,7994976721727050326
stereographic,121,False,-1,1000000,0.187229,0.0,6522,0,5.2908335409883875,new_900_native_extension,6806226600965023561
stereographic,122,False,-1,1000000,0.181701,0.0,6534,0,4.046048375021201,new_900_native_extension,14984446198997297265
stereographic,123,False,-1,1000000,0.178997,0.0,6622,0,4.066197707987158,new_900_native_extension,2831271131601745613
stereographic,124,True,152,152,0.26973684210526316,0.2565789473684211,7,0,0.0015880830178502947,new_900_native_extension,16944654594300296581
stereographic,125,False,-1,1000000,0.168311,0.0,6435,0,4.146714083995903,new_900_native_extension,12896357911680612949
stereographic,126,False,-1,1000000,0.167698,0.0,6605,0,4.081972999993013,new_900_native_extension,16039030543977388608
stereographic,127,True,386947,386947,0.1696821528529747,3.101199905930269e-05,2446,0,1.9888329170062207,new_900_native_extension,2803167017887471136
stereographic,128,True,48,48,0.3541666666666667,0.3333333333333333,3,0,0.000472041021566838,new_900_native_extension,9285360878120571903
stereographic,129,False,-1,1000000,0.205188,0.0,6501,0,4.732746875000885,new_900_native_extension,2357592374677687920
stereographic,130,True,274,274,0.33211678832116787,0.029197080291970802,1,0,0.003381290996912867,new_900_native_extension,5973821465167790831
stereographic,131,True,6,6,0.6666666666666666,0.3333333333333333,1,0,2.7332978788763285e-05,new_900_native_extension,18087056164929660497
stereographic,132,True,33,33,0.30303030303030304,0.36363636363636365,7,0,5.891700857318938e-05,new_900_native_extension,14441068673808414650
stereographic,133,False,-1,1000000,0.095094,0.0,6882,0,4.861665792006534,new_900_native_extension,4401195106851034805
stereographic,134,True,74,74,0.17567567567567569,0.16216216216216217,6,0,0.013072958012344316,new_900_native_extension,2532110030452837087
stereographic,135,False,-1,1000000,0.0,0.0,6964,0,4.779489916982129,new_900_native_extension,13833563221142086064
stereographic,136,False,-1,1000000,0.192032,0.0,6411,0,4.740184333990328,new_900_native_extension,16484494622245599673
stereographic,137,True,12,12,0.5,0.4166666666666667,1,0,0.008454124996205792,new_900_native_extension,5225197219674299248
stereographic,138,True,7,7,0.5714285714285714,0.7142857142857143,1,0,0.012480915989726782,new_900_native_extension,17463338853892529690
stereographic,139,True,366672,366672,2.1817864467425928e-05,0.21237509272592398,2408,0,1.6695851660042536,new_900_native_extension,8473205338257056465
stereographic,140,True,28,28,0.4642857142857143,0.4642857142857143,4,0,0.0013694170047529042,new_900_native_extension,7733163555003088569
stereographic,141,False,-1,1000000,0.0,0.173095,6635,0,4.718568249983946,new_900_native_extension,18208043430203297180
stereographic,142,True,1543,1543,0.0012961762799740765,0.3149708360337006,26,0,0.02807370899245143,new_900_native_extension,5627953043929008944
stereographic,143,False,-1,1000000,0.0,0.018863,6926,0,4.593830416997662,new_900_native_extension,6518178753873598832
stereographic,144,False,-1,1000000,0.0,0.0,11196,0,5.0350010419788305,new_900_native_extension,7450384458791065884
stereographic,145,False,-1,1000000,0.0,0.138986,6584,0,4.952601333003258,new_900_native_extension,9023700585904316389
stereographic,146,True,282,282,0.1879432624113475,0.2695035460992908,15,0,0.008850290992995724,new_900_native_extension,13055198285006170564
stereographic,147,False,-1,1000000,0.197824,0.0,6610,0,6.34513687499566,new_900_native_extension,9116018815231591595
stereographic,148,True,107,107,0.2897196261682243,0.2803738317757009,5,0,0.00019679201068356633,new_900_native_extension,15327012232581494203
stereographic,149,True,5,5,1.0,0.8,1,0,1.3124983524903655e-05,new_900_native_extension,7465167599563336590
stereographic,150,False,-1,1000000,0.0,0.0,7391,0,6.376357415982056,new_900_native_extension,7375502260279926917
stereographic,151,False,-1,1000000,0.0,0.199811,6441,0,6.277975959004834,new_900_native_extension,8493541953300158499
stereographic,152,False,-1,1000000,0.170532,0.0,6521,0,6.201437540992629,new_900_native_extension,18108663374423537402
stereographic,153,False,-1,1000000,0.17978,0.0,6690,0,4.795726415992249,new_900_native_extension,10902679374647322262
stereographic,154,False,-1,1000000,0.200298,0.0,6420,0,4.850051624991465,new_900_native_extension,4742150725002351910
stereographic,155,True,344,344,0.2877906976744186,0.0377906976744186,4,0,0.0006333329947665334,new_900_native_extension,11143904051733364123
stereographic,156,True,15538,15538,0.000707941820054061,0.148989573947741,93,0,0.06815016598557122,new_900_native_extension,3614806244104969605
stereographic,157,False,-1,1000000,0.0,0.0,7592,0,4.636711167026078,new_900_native_extension,6708443349582707058
stereographic,158,True,145,145,0.296551724137931,0.06206896551724138,3,0,0.00039424997521564364,new_900_native_extension,15171098445648079943
stereographic,159,False,-1,1000000,0.0,0.0,6617,0,4.562344167003175,new_900_native_extension,263256770628556416
stereographic,160,False,-1,1000000,0.132299,0.0,6800,0,5.009556208999129,new_900_native_extension,8682871929947157211
stereographic,161,False,-1,1000000,0.177238,0.0,6212,0,4.999703459005104,new_900_native_extension,16390685589095050413
stereographic,162,False,-1,1000000,0.189225,0.0,6525,0,5.009723249997478,new_900_native_extension,5689172905339468088
stereographic,163,True,3346,3346,0.23430962343096234,0.002390914524805738,19,0,0.029965916997753084,new_900_native_extension,14670683981698929595
stereographic,164,True,131,131,0.1450381679389313,0.26717557251908397,7,0,0.005356500012567267,new_900_native_extension,15449253740433303319
stereographic,165,False,-1,1000000,0.0,0.0,7642,0,4.926159624999855,new_900_native_extension,2338005356090371821
stereographic,166,False,-1,1000000,0.196353,0.0,6601,0,5.218569750024471,new_900_native_extension,6261683421541510768
stereographic,167,True,251,251,0.30677290836653387,0.0796812749003984,5,0,0.004216625005938113,new_900_native_extension,8458862852481959880
stereographic,168,True,10,10,0.3,0.4,2,0,5.583401070907712e-05,new_900_native_extension,12135225777866341879
stereographic,169,True,16690,16690,0.027082085080886758,0.16746554823247453,124,0,0.07771216699620709,new_900_native_extension,13814412606109445652
stereographic,170,False,-1,1000000,0.152827,0.0,6562,0,5.430751749983756,new_900_native_extension,8502536580469316937
stereographic,171,True,69,69,0.391304347826087,0.463768115942029,3,0,0.006111458991654217,new_900_native_extension,14257143728586864771
stereographic,172,False,-1,1000000,0.154897,0.0,6528,0,5.474141458020313,new_900_native_extension,15668947984520179164
stereographic,173,True,556,556,0.25719424460431656,0.07553956834532374,7,0,0.0009451670048292726,new_900_native_extension,2944768224184335926
stereographic,174,True,12,12,0.75,0.8333333333333334,1,0,2.6958005037158728e-05,new_900_native_extension,3242278083179232420
stereographic,175,False,-1,1000000,0.0,0.16454,6535,0,5.604618042008951,new_900_native_extension,1313226235753259086
stereographic,176,True,282513,282513,0.17553882476204635,2.8317280974680812e-05,1823,0,1.7057837919855956,new_900_native_extension,5200874816491735220
stereographic,177,True,147,147,0.06802721088435375,0.12244897959183673,2,0,0.000880292005604133,new_900_native_extension,12364550413370965376
stereographic,178,True,22,22,0.2727272727272727,0.4090909090909091,2,0,5.166602204553783e-05,new_900_native_extension,10631485414631351574
stereographic,179,False,-1,1000000,0.203578,0.0,6531,0,4.644912832998671,new_900_native_extension,1210617282485347468
stereographic,180,True,190,190,0.19473684210526315,0.25263157894736843,9,0,0.00035937500069849193,new_900_native_extension,11963543912076157434
stereographic,181,False,-1,1000000,0.0678,0.0,7062,0,4.568715166999027,new_900_native_extension,13832816922879634516
stereographic,182,True,3,3,1.0,1.0,1,0,3.674998879432678e-05,new_900_native_extension,8988956628725124087
stereographic,183,True,153,153,0.24183006535947713,0.20261437908496732,8,0,0.002306750015122816,new_900_native_extension,5938865478447520448
stereographic,184,False,-1,1000000,0.0,0.17655,6577,0,4.6301241669862065,new_900_native_extension,9184193042407065128
stereographic,185,True,64,64,0.21875,0.1875,4,0,0.00012320801033638418,new_900_native_extension,17067515428633633606
stereographic,186,False,-1,1000000,0.0,0.0,7174,0,4.60181754201767,new_900_native_extension,7950548372767528228
stereographic,187,True,416,416,0.21394230769230768,0.0889423076923077,9,0,0.0007436249870806932,new_900_native_extension,9671105929521626201
stereographic,188,True,131,131,0.42748091603053434,0.07633587786259542,3,0,0.0002275829901918769,new_900_native_extension,5639163929606863974
stereographic,189,False,-1,1000000,0.183157,0.0,6628,0,5.327161458000774,new_900_native_extension,238639846273929464
stereographic,190,False,-1,1000000,0.165909,0.0,6531,0,5.171143541985657,new_900_native_extension,11108786013200514617
stereographic,191,True,208,208,0.20673076923076922,0.22115384615384615,9,0,0.008980292011983693,new_900_native_extension,2575390610386151725
stereographic,192,False,-1,1000000,0.0,0.165871,6644,0,5.070591124997009,new_900_native_extension,13380473793935400656
stereographic,193,False,-1,1000000,0.0,0.171217,6567,0,5.067318332992727,new_900_native_extension,13585170393954036314
stereographic,194,False,-1,1000000,0.0,0.201446,6369,0,6.118009999976493,new_900_native_extension,2554230097043332748
stereographic,195,True,1117,1117,0.005371530886302597,0.22202327663384064,13,0,0.008117040997603908,new_900_native_extension,7774738741526664083
stereographic,196,False,-1,1000000,0.0,0.170288,6574,0,6.464748833997874,new_900_native_extension,6414287487857566889
stereographic,197,True,894837,894837,0.19864064628530112,3.3525658863010804e-06,5732,0,5.84847987498506,new_900_native_extension,7164187650714445301
stereographic,198,True,2,2,0.5,0.5,1,0,1.329201040789485e-05,new_900_native_extension,1466252743722512930
stereographic,199,False,-1,1000000,0.0,0.205828,6494,0,6.526216250000289,new_900_native_extension,14404806214293430710
stereographic,200,True,6,6,0.5,0.3333333333333333,1,0,0.001705875009065494,new_900_native_extension,16890674985570975722
stereographic,201,False,-1,1000000,0.0,0.0,7146,0,6.031126749992836,new_900_native_extension,12517218771906912323
stereographic,202,True,10,10,0.4,0.3,4,0,0.0014393329911399633,new_900_native_extension,13491646789618979508
stereographic,203,False,-1,1000000,0.0,0.0,7776,0,5.81134824999026,new_900_native_extension,17651978762581262087
stereographic,204,True,6,6,0.3333333333333333,0.5,1,0,3.358302637934685e-05,new_900_native_extension,4854608148545093804
stereographic,205,False,-1,1000000,0.0,0.168472,6564,0,5.612856209016172,new_900_native_extension,8899135240814518716
stereographic,206,True,6,6,0.3333333333333333,0.5,1,0,3.0957977287471294e-05,new_900_native_extension,3803772332173681973
stereographic,207,False,-1,1000000,0.0,0.0,6980,0,5.7999978750012815,new_900_native_extension,5270722303363594564
stereographic,208,False,-1,1000000,0.0,0.19596,6501,0,5.936467500025174,new_900_native_extension,869596214158773659
stereographic,209,True,8,8,0.5,0.5,1,0,0.005661917006364092,new_900_native_extension,4638825432713957943
stereographic,210,False,-1,1000000,0.0,0.193835,6550,0,5.990087790996768,new_900_native_extension,11483424777840615158
stereographic,211,True,33,33,0.3333333333333333,0.30303030303030304,3,0,0.01093537497217767,new_900_native_extension,4568063400064573004
stereographic,212,False,-1,1000000,0.209519,0.0,6409,0,6.203883249982027,new_900_native_extension,834393010929437050
stereographic,213,False,-1,1000000,0.0,0.171234,6498,0,6.210419666982489,new_900_native_extension,3203166632993796867
stereographic,214,True,581226,581226,2.7528018361188246e-05,0.196328106450847,3705,0,4.272003666992532,new_900_native_extension,2715791703966292013
stereographic,215,True,6,6,0.6666666666666666,0.6666666666666666,2,0,0.0020945419964846224,new_900_native_extension,7344320709051046640
stereographic,216,False,-1,1000000,0.205498,0.0,6494,0,7.314123791991733,new_900_native_extension,4764584743926086670
stereographic,217,False,-1,1000000,0.198858,0.0,6605,0,7.40491512499284,new_900_native_extension,101886073146127042
stereographic,218,False,-1,1000000,0.197401,0.0,6494,0,7.28978887500125,new_900_native_extension,10739738667130488872
stereographic,219,False,-1,1000000,0.204119,0.0,6405,0,6.840132915996946,new_900_native_extension,13058490503812086032
stereographic,220,True,107,107,0.34579439252336447,0.102803738317757,4,0,0.0020026250276714563,new_900_native_extension,4696425354026360461
stereographic,221,False,-1,1000000,0.111952,0.0,6511,0,6.948033374996157,new_900_native_extension,4554086047718163333
stereographic,222,False,-1,1000000,0.0,0.195056,6561,0,6.7483868330018595,new_900_native_extension,2137003071737582749
stereographic,223,True,26,26,0.4230769230769231,0.38461538461538464,6,0,0.005132083024363965,new_900_native_extension,10468331300959867732
stereographic,224,True,33,33,0.21212121212121213,0.21212121212121213,2,0,0.05312525000772439,new_900_native_extension,12348381231665260651
stereographic,225,True,3,3,0.6666666666666666,0.6666666666666666,1,0,0.0018085409828927368,new_900_native_extension,1412533292257449841
stereographic,226,False,-1,1000000,0.188263,0.0,6533,0,6.793528458016226,new_900_native_extension,5580984719336480931
stereographic,227,False,-1,1000000,0.158046,0.0,6618,0,7.005618208000669,new_900_native_extension,16958780808314067668
stereographic,228,True,87,87,0.20689655172413793,0.20689655172413793,4,0,0.003563792008208111,new_900_native_extension,16636811510349506164
stereographic,229,False,-1,1000000,0.0,0.0,7096,0,7.0954905829858035,new_900_native_extension,1246600260731317897
stereographic,230,True,429248,429248,2.7955867004622036e-05,0.15979340614283585,2841,0,3.1185279579949565,new_900_native_extension,15097529542973998707
stereographic,231,True,102086,102086,0.2219501204866485,3.918264992261427e-05,694,0,0.7674220420012716,new_900_native_extension,2199846837106810479
stereographic,232,True,57,57,0.3333333333333333,0.3684210526315789,3,0,0.008107209025183693,new_900_native_extension,1962227950176237126
stereographic,233,True,342163,342163,1.7535502085263455e-05,0.1611980255024652,2265,0,2.2740502920059953,new_900_native_extension,3502732723656692318
stereographic,234,True,24,24,0.375,0.16666666666666666,3,0,0.00048266700468957424,new_900_native_extension,16569950756316817812
stereographic,235,True,15,15,0.5333333333333333,0.4,2,0,0.003771624993532896,new_900_native_extension,5850819532704310864
stereographic,236,True,56,56,0.26785714285714285,0.35714285714285715,6,0,0.03909158302121796,new_900_native_extension,13966598711329150722
stereographic,237,True,382,382,0.034031413612565446,0.1518324607329843,6,0,0.0025682910054456443,new_900_native_extension,13681790636866034191
stereographic,238,False,-1,1000000,0.140427,0.0,6534,0,7.404324083006941,new_900_native_extension,7705057978181767632
stereographic,239,False,-1,1000000,0.0,0.0,7662,0,7.343148915999336,new_900_native_extension,10769187279125594235
stereographic,240,False,-1,1000000,0.200062,0.0,6534,0,7.50533024998731,new_900_native_extension,3847490780434194443
stereographic,241,True,12,12,0.4166666666666667,0.4166666666666667,1,0,0.0006979590107221156,new_900_native_extension,15412192264538289565
stereographic,242,False,-1,1000000,0.18223,0.0,6594,0,7.231411290995311,new_900_native_extension,14911098933268487120
stereographic,243,True,20,20,0.3,0.3,2,0,0.0026519579987507313,new_900_native_extension,17571159482582361728
stereographic,244,True,37,37,0.43243243243243246,0.40540540540540543,3,0,7.579100201837718e-05,new_900_native_extension,11899712870784845209
stereographic,245,False,-1,1000000,0.195186,0.0,6460,0,6.877257665997604,new_900_native_extension,8078771228589488653
stereographic,246,True,72,72,0.375,0.3888888888888889,4,0,0.014305749995401129,new_900_native_extension,9218566853095394398
stereographic,247,True,249421,249421,0.00028465927087133804,0.18162464267242934,1636,0,1.6947712079854682,new_900_native_extension,1652987252916111399
stereographic,248,True,125,125,0.336,0.056,2,0,0.00045445800060406327,new_900_native_extension,1450989738374156248
stereographic,249,True,12,12,0.6666666666666666,0.5833333333333334,1,0,3.1458010198548436e-05,new_900_native_extension,17394147859994446094
stereographic,250,True,9,9,0.4444444444444444,0.4444444444444444,4,0,2.3250002413988113e-05,new_900_native_extension,8916529003011973735
stereographic,251,True,36,36,0.3888888888888889,0.4166666666666667,3,0,6.64590043015778e-05,new_900_native_extension,6236098555531416268
stereographic,252,True,6954,6954,0.0005752085130859936,0.1091458153580673,61,0,0.03875420897384174,new_900_native_extension,9287584724101990348
stereographic,253,True,1263,1263,0.2058590657165479,0.013460015835312747,6,0,0.0021218749752733856,new_900_native_extension,8566156575069433056
stereographic,254,True,2139,2139,0.04254324450677887,0.2912575970079476,19,0,0.004471041989745572,new_900_native_extension,11809148496881520490
stereographic,255,True,19,19,0.3684210526315789,0.3684210526315789,4,0,3.783401916734874e-05,new_900_native_extension,809741190545645818
stereographic,256,True,73,73,0.2465753424657534,0.2328767123287671,2,0,0.00013258299441076815,new_900_native_extension,1761537322171322845
stereographic,257,True,35,35,0.37142857142857144,0.3142857142857143,1,0,7.050001295283437e-05,new_900_native_extension,6920743404525631849
stereographic,258,False,-1,1000000,0.0,0.176809,6666,0,6.886142625007778,new_900_native_extension,15875576353937959868
stereographic,259,False,-1,1000000,0.0,0.18643,6604,0,6.819524708000245,new_900_native_extension,8091865795318470982
stereographic,260,True,19989,19989,0.0005002751513332333,0.0004002201210665866,147,0,0.15606808400480077,new_900_native_extension,6375270349333160263
stereographic,261,True,13,13,0.3076923076923077,0.23076923076923078,6,0,0.0044397079909686,new_900_native_extension,11874158792811719739
stereographic,262,True,99,99,0.2727272727272727,0.25252525252525254,3,0,0.014101083012064919,new_900_native_extension,6550434053612888969
stereographic,263,True,722,722,0.09833795013850416,0.015235457063711912,39,0,0.011031875008484349,new_900_native_extension,5150766995906604641
stereographic,264,True,654,654,0.0030581039755351682,0.27370030581039756,6,0,0.01313595799729228,new_900_native_extension,2476565345609407541
stereographic,265,True,22,22,0.5,0.45454545454545453,3,0,0.014318667002953589,new_900_native_extension,9056065094533763692
stereographic,266,False,-1,1000000,0.000177,0.0,6677,0,6.950339750008425,new_900_native_extension,8583191404443863891
stereographic,267,True,10,10,0.3,0.4,3,0,0.02678895799908787,new_900_native_extension,17460998147759593787
stereographic,268,True,4,4,0.5,0.5,2,0,0.006065209017833695,new_900_native_extension,13210837919033405744
stereographic,269,False,-1,1000000,0.204259,0.0,6552,0,6.886188042000867,new_900_native_extension,4055731663315203626
stereographic,270,True,7,7,0.5714285714285714,0.5714285714285714,1,0,0.017050416994607076,new_900_native_extension,2766978409848212597
stereographic,271,False,-1,1000000,0.184454,0.0,6524,0,6.989700250007445,new_900_native_extension,6008465007273040465
stereographic,272,False,-1,1000000,0.07487,0.0,7686,0,6.858545458992012,new_900_native_extension,17312102458216817045
stereographic,273,False,-1,1000000,0.0,0.195495,6599,0,6.902481833007187,new_900_native_extension,6419734552432867551
stereographic,274,False,-1,1000000,0.183116,0.0,6677,0,6.866377916972851,new_900_native_extension,18407436186488476022
stereographic,275,False,-1,1000000,0.0,0.182346,6335,0,6.90969558301731,new_900_native_extension,9817918526047536869
stereographic,276,False,-1,1000000,0.18278,0.0,6583,0,6.8331855419964995,new_900_native_extension,5100207515013659321
stereographic,277,False,-1,1000000,0.191597,0.0,6499,0,6.726037165994057,new_900_native_extension,13997039298643390811
stereographic,278,False,-1,1000000,0.197295,0.0,6407,0,6.960414959001355,new_900_native_extension,5410829571007376998
stereographic,279,True,277,277,0.09747292418772563,0.09747292418772563,11,0,0.008554291998734698,new_900_native_extension,15271232112905560544
stereographic,280,True,1239,1239,0.05972558514931396,0.2033898305084746,19,0,0.0072923339903354645,new_900_native_extension,10998020997248918620
stereographic,281,False,-1,1000000,0.189777,0.0,6652,0,6.964562750014011,new_900_native_extension,18168149472755610086
stereographic,282,False,-1,1000000,0.0,0.18769,6508,0,6.879627082991647,new_900_native_extension,3548774978534097482
stereographic,283,True,211,211,0.27488151658767773,0.35071090047393366,6,0,0.0004217910172883421,new_900_native_extension,12338915160595398255
stereographic,284,True,191,191,0.18324607329842932,0.193717277486911,17,0,0.00037979200715199113,new_900_native_extension,9282232426752214725
stereographic,285,True,3,3,0.6666666666666666,0.6666666666666666,2,0,2.012500772252679e-05,new_900_native_extension,6149140928719578190
stereographic,286,True,89,89,0.16853932584269662,0.12359550561797752,23,0,0.0005598750140052289,new_900_native_extension,11442503683116330238
stereographic,287,True,33,33,0.36363636363636365,0.24242424242424243,1,0,0.0017872500175144523,new_900_native_extension,6312191908726893232
stereographic,288,False,-1,1000000,0.191188,0.0,6381,0,6.928973750007572,new_900_native_extension,17438601409496505582
stereographic,289,False,-1,1000000,0.194399,0.0,6636,0,7.117084375000559,new_900_native_extension,13779495196791482682
stereographic,290,False,-1,1000000,0.180015,0.0,6524,0,7.099403416999849,new_900_native_extension,862380951545813701
stereographic,291,True,91,91,0.18681318681318682,0.27472527472527475,6,0,0.0027684159867931157,new_900_native_extension,14671361627643492572
stereographic,292,True,407104,407104,0.18236617670177646,3.930199654142431e-05,2624,0,2.80182441699435,new_900_native_extension,18152100294647573639
stereographic,293,False,-1,1000000,0.182007,0.0,6487,0,6.987153750000289,new_900_native_extension,7419563531973957744
stereographic,294,True,270,270,0.12222222222222222,0.1,16,0,0.000947667023865506,new_900_native_extension,17150974745029049684
stereographic,295,True,1666,1666,0.0078031212484993995,0.12725090036014405,9,0,0.0028492080164141953,new_900_native_extension,400086819852214281
stereographic,296,False,-1,1000000,0.0,0.146672,6557,0,7.062740332999965,new_900_native_extension,7423560358654185202
stereographic,297,True,9,9,0.4444444444444444,0.3333333333333333,2,0,0.003892749984515831,new_900_native_extension,11194773384210155539
stereographic,298,True,54973,54973,0.0005639131937496589,0.14887308314990996,373,0,0.3581729580182582,new_900_native_extension,446811154805415442
stereographic,299,True,24,24,0.5,0.375,2,0,0.0029247500060591847,new_900_native_extension,489681189747825906
stereographic,300,False,-1,1000000,0.0,0.0,9317,0,6.953834624990122,new_900_native_extension,6536991162443911335
stereographic,301,False,-1,1000000,0.0,0.163054,6499,0,6.935930040985113,new_900_native_extension,10776921866311887589
stereographic,302,True,78,78,0.3333333333333333,0.28205128205128205,3,0,0.053576875012367964,new_900_native_extension,6055117641870281770
stereographic,303,False,-1,1000000,0.0,0.208653,6423,0,6.887637625011848,new_900_native_extension,4605922580804764932
stereographic,304,True,865,865,0.012716763005780347,0.1838150289017341,12,0,0.008099083002889529,new_900_native_extension,7474906565629147221
stereographic,305,False,-1,1000000,0.0,0.167729,6618,0,6.874385417002486,new_900_native_extension,8080911625504928098
stereographic,306,False,-1,1000000,0.193626,0.0,6570,0,6.7114287090080325,new_900_native_extension,6120523227027441274
stereographic,307,False,-1,1000000,0.0,0.0,6797,0,6.831647167011397,new_900_native_extension,16035157316196090005
stereographic,308,False,-1,1000000,0.197779,0.0,6518,0,7.146331416995963,new_900_native_extension,6863985013829588216
stereographic,309,False,-1,1000000,0.201963,0.0,6555,0,7.1961324580188375,new_900_native_extension,4208178072788156869
stereographic,310,True,44742,44742,0.00022350364310938267,0.085445442760717,294,0,0.3745463330124039,new_900_native_extension,10109462044177017520
stereographic,311,False,-1,1000000,0.0,0.192716,6581,0,7.1188818749797065,new_900_native_extension,15087707486902348970
stereographic,312,True,4,4,0.5,0.5,1,0,0.02255762499407865,new_900_native_extension,4219758806556697061
stereographic,313,True,25,25,0.44,0.36,1,0,5.295799928717315e-05,new_900_native_extension,8623182387840780468
stereographic,314,False,-1,1000000,0.0,0.0,8515,0,7.047216458013281,new_900_native_extension,6207594534054581486
stereographic,315,False,-1,1000000,0.179995,0.0,6512,0,6.884643832978327,new_900_native_extension,17244780580567032470
stereographic,316,False,-1,1000000,0.172589,0.0,6560,0,7.157155624998268,new_900_native_extension,12846195149314688023
stereographic,317,False,-1,1000000,0.0,0.205362,6340,0,7.408176917000674,new_900_native_extension,7647588217758593495
stereographic,318,True,136,136,0.14705882352941177,0.08823529411764706,6,0,0.018652541999472305,new_900_native_extension,5982259453862076741
stereographic,319,True,24,24,0.5,0.5,1,0,0.009470624994719401,new_900_native_extension,7204313091487248273
stereographic,320,False,-1,1000000,0.169605,0.0,6510,0,7.392805166018661,new_900_native_extension,17649948548455536062
stereographic,321,True,168,168,0.3392857142857143,0.2857142857142857,5,0,0.0005122080037835985,new_900_native_extension,7620041876161037951
stereographic,322,False,-1,1000000,0.196172,0.0,6426,0,7.149357291025808,new_900_native_extension,10204922524540744404
stereographic,323,True,4,4,0.5,0.5,1,0,0.006880000000819564,new_900_native_extension,9414893317974718510
stereographic,324,False,-1,1000000,0.0,0.175636,6407,0,7.184644624998327,new_900_native_extension,17632642741841793752
stereographic,325,False,-1,1000000,0.0,0.202094,6491,0,6.676348708017031,new_900_native_extension,15227914859557341858
stereographic,326,False,-1,1000000,0.0,0.0,8365,0,6.607158750004601,new_900_native_extension,17985160275996016004
stereographic,327,True,20,20,0.3,0.4,2,0,0.013110750005580485,new_900_native_extension,6784103339007956021
stereographic,328,True,143,143,0.36363636363636365,0.07692307692307693,2,0,0.014288208010839298,new_900_native_extension,6490896636097341420
stereographic,329,True,29,29,0.27586206896551724,0.2413793103448276,2,0,0.024531292001483962,new_900_native_extension,3467743779957366757
stereographic,330,False,-1,1000000,0.181445,0.0,6549,0,7.023076334007783,new_900_native_extension,11411142209354026263
stereographic,331,False,-1,1000000,0.0,0.152241,6673,0,7.35865858301986,new_900_native_extension,1702581325550574003
stereographic,332,True,44,44,0.5,0.45454545454545453,1,0,0.0010474160080775619,new_900_native_extension,6316230227497181963
stereographic,333,False,-1,1000000,0.201433,0.0,6462,0,8.00048504100414,new_900_native_extension,12074824480250198219
stereographic,334,True,70814,70814,0.22134041291270087,0.00012709351258225775,465,0,0.5463289589970373,new_900_native_extension,9384950982876007090
stereographic,335,True,28691,28691,0.00048795789620438465,0.2025373810602628,187,0,0.2443022500083316,new_900_native_extension,5640182028658535810
stereographic,336,True,63,63,0.4444444444444444,0.47619047619047616,4,0,0.020568582986015826,new_900_native_extension,3388199510455516156
stereographic,337,True,26,26,0.38461538461538464,0.5,2,0,0.01804304198594764,new_900_native_extension,249873873821707507
stereographic,338,False,-1,1000000,0.187492,0.0,6617,0,7.794004166993545,new_900_native_extension,6607614137232486754
stereographic,339,True,487,487,0.3531827515400411,0.061601642710472276,4,0,0.0008397080237045884,new_900_native_extension,17247350224523176035
stereographic,340,False,-1,1000000,0.201468,0.0,6615,0,7.868732791976072,new_900_native_extension,14827866281237214704
stereographic,341,False,-1,1000000,0.0,0.186217,6534,0,7.484402958012652,new_900_native_extension,17022324612624547168
stereographic,342,False,-1,1000000,0.0,0.200205,6541,0,7.094944667012896,new_900_native_extension,9281092433484563131
stereographic,343,True,39,39,0.28205128205128205,0.28205128205128205,2,0,0.0010958329949062318,new_900_native_extension,13346431536835870748
stereographic,344,False,-1,1000000,0.172801,0.0,6470,0,7.0519707089988515,new_900_native_extension,9259673839642067038
stereographic,345,True,326,326,0.05521472392638037,0.3220858895705521,24,0,0.015666374994907528,new_900_native_extension,10479052572528897967
stereographic,346,False,-1,1000000,0.0,0.189218,6507,0,6.821628292003879,new_900_native_extension,7189162451278863425
stereographic,347,True,64,64,0.171875,0.15625,5,0,0.002729750005528331,new_900_native_extension,3086382668343265403
stereographic,348,False,-1,1000000,0.057745,0.0,7281,0,7.1287217079952825,new_900_native_extension,11244614729033055579
stereographic,349,False,-1,1000000,0.0,0.161494,6704,0,6.931968250020873,new_900_native_extension,1491791664023995798
stereographic,350,False,-1,1000000,0.196235,0.0,6408,0,6.973598874988966,new_900_native_extension,3008044280420647757
stereographic,351,True,44,44,0.18181818181818182,0.11363636363636363,3,0,0.00967308398685418,new_900_native_extension,8706093060580586954
stereographic,352,False,-1,1000000,0.0,0.209033,6480,0,7.014953167003114,new_900_native_extension,15173568883595975779
stereographic,353,True,39,39,0.20512820512820512,0.38461538461538464,1,0,0.0033797910145949572,new_900_native_extension,4816953746633420604
stereographic,354,True,71,71,0.23943661971830985,0.2676056338028169,13,0,0.0001782500185072422,new_900_native_extension,8706275094075629774
stereographic,355,False,-1,1000000,0.196932,0.0,6626,0,6.959805958002107,new_900_native_extension,14659028719547019789
stereographic,356,True,33,33,0.42424242424242425,0.42424242424242425,3,0,0.0036000840191263705,new_900_native_extension,5731914987091969940
stereographic,357,False,-1,1000000,0.159708,0.0,6475,0,7.45437820799998,new_900_native_extension,14727249241635916218
stereographic,358,True,46,46,0.13043478260869565,0.10869565217391304,4,0,0.004354708013124764,new_900_native_extension,15055631414959045885
stereographic,359,False,-1,1000000,0.0,0.186451,6558,0,7.561343749985099,new_900_native_extension,8461529033157578599
stereographic,360,True,26,26,0.4230769230769231,0.46153846153846156,1,0,0.0017368330154567957,new_900_native_extension,5861662443213180894
stereographic,361,True,35141,35141,0.15380894112290486,0.00022765430693491933,253,0,0.2610300410015043,new_900_native_extension,13078424448876254368
stereographic,362,False,-1,1000000,0.178937,0.0,6626,0,8.471828458015807,new_900_native_extension,3358074084497861896
stereographic,363,False,-1,1000000,0.106415,0.0,6690,0,8.525594625010854,new_900_native_extension,10814533826711283220
stereographic,364,True,75,75,0.21333333333333335,0.10666666666666667,2,0,0.012969375005923212,new_900_native_extension,5326053790409931502
stereographic,365,True,2854,2854,0.1885073580939033,0.026278906797477224,24,0,0.022535541997058317,new_900_native_extension,13043398720529025229
stereographic,366,True,100500,100500,1.990049751243781e-05,0.19648756218905472,653,0,0.8119847919733729,new_900_native_extension,8455761983515688193
stereographic,367,False,-1,1000000,0.161728,0.0,6544,0,8.256385125016095,new_900_native_extension,16196568842922598899
stereographic,368,False,-1,1000000,0.174144,0.0,6547,0,8.356797457992798,new_900_native_extension,7390140323687024894
stereographic,369,True,1125,1125,0.16444444444444445,0.0071111111111111115,10,0,0.0020878330105915666,new_900_native_extension,10311334269777686764
stereographic,370,False,-1,1000000,0.182635,0.0,6562,0,7.485985041013919,new_900_native_extension,15898051012074285073
stereographic,371,True,58,58,0.25862068965517243,0.20689655172413793,4,0,0.0038865839887876064,new_900_native_extension,12691086861340740349
stereographic,372,False,-1,1000000,0.0,0.19074,6586,0,7.346773166995263,new_900_native_extension,16999746592176826263
stereographic,373,True,31,31,0.16129032258064516,0.5483870967741935,3,0,0.005468582996400073,new_900_native_extension,15010915166811975486
stereographic,374,True,28,28,0.4642857142857143,0.2857142857142857,2,0,6.716599455103278e-05,new_900_native_extension,8099824783152977203
stereographic,375,True,98,98,0.3469387755102041,0.40816326530612246,9,0,0.03252116698422469,new_900_native_extension,615008248354502881
stereographic,376,True,761,761,0.04862023653088042,0.2325886990801577,14,0,0.006571832986082882,new_900_native_extension,10270415455774366446
stereographic,377,True,99,99,0.26262626262626265,0.32323232323232326,5,0,0.00018083298346027732,new_900_native_extension,14592794629437019947
stereographic,378,True,34,34,0.17647058823529413,0.47058823529411764,2,0,6.154199945740402e-05,new_900_native_extension,4535697165460889352
stereographic,379,True,311,311,0.2990353697749196,0.2990353697749196,20,0,0.0017383339873049408,new_900_native_extension,6775528206575455528
stereographic,380,True,35,35,0.08571428571428572,0.3142857142857143,3,0,6.770799518562853e-05,new_900_native_extension,11770219101653575077
stereographic,381,False,-1,1000000,0.0,0.05035,6757,0,6.627917667006841,new_900_native_extension,4473229378284094184
stereographic,382,True,16,16,0.375,0.3125,1,0,0.00037283299025148153,new_900_native_extension,462356976277100244
stereographic,383,True,4566,4566,0.006789312308366185,0.2777047744196233,35,0,0.008300875022541732,new_900_native_extension,5862947580354106642
stereographic,384,False,-1,1000000,0.198435,0.0,6548,0,6.816591584007256,new_900_native_extension,8273143017937113336
stereographic,385,False,-1,1000000,0.0,0.197918,6665,0,6.475036916992394,new_900_native_extension,11593339383019753542
stereographic,386,True,154,154,0.03896103896103896,0.35064935064935066,3,0,0.0038892090087756515,new_900_native_extension,7675513661939556886
stereographic,387,True,9,9,0.4444444444444444,0.4444444444444444,2,0,5.7833007303997874e-05,new_900_native_extension,7527996368521720770
stereographic,388,True,25,25,0.4,0.28,1,0,0.006691832997603342,new_900_native_extension,943449610578358756
stereographic,389,True,1134,1134,0.06966490299823633,0.18871252204585537,14,0,0.005846708023454994,new_900_native_extension,3350732738221925491
stereographic,390,True,4333,4333,0.23078698361412417,0.0020770828525271175,32,0,0.008180790988262743,new_900_native_extension,3032494004051594526
stereographic,391,True,23,23,0.391304347826087,0.34782608695652173,1,0,4.470799467526376e-05,new_900_native_extension,15500899695074301109
stereographic,392,True,4,4,0.75,0.75,1,0,1.1374999303370714e-05,new_900_native_extension,1641296229385163407
stereographic,393,False,-1,1000000,0.0,0.098453,6910,0,6.431349457998294,new_900_native_extension,13134562819244782263
stereographic,394,True,150,150,0.1,0.2866666666666667,3,0,0.006965084001421928,new_900_native_extension,17716035931745128331
stereographic,395,True,25,25,0.36,0.36,5,0,0.00019720799173228443,new_900_native_extension,12063229780166270564
stereographic,396,False,-1,1000000,0.0,0.198453,6565,0,6.334205749997636,new_900_native_extension,3245123786110928145
stereographic,397,False,-1,1000000,0.0,0.161065,6600,0,6.329169500007993,new_900_native_extension,11415930792572821394
stereographic,398,True,3452,3452,0.2653534183082271,0.0005793742757821553,22,0,0.08549766702344641,new_900_native_extension,15827341180285898409
stereographic,399,False,-1,1000000,0.195191,0.0,6502,0,6.64041779199033,new_900_native_extension,8896106296031684113
stereographic,400,False,-1,1000000,0.182155,0.0,6541,0,6.793208417017013,new_900_native_extension,10316709646242324591
stereographic,401,True,2,2,0.5,0.5,1,0,0.004732458997750655,new_900_native_extension,8129034128401434957
stereographic,402,True,403,403,0.2853598014888337,0.019851116625310174,3,0,0.01123495798674412,new_900_native_extension,4622605395757663950
stereographic,403,False,-1,1000000,0.0,0.0,7996,0,6.900240582996048,new_900_native_extension,668314815403538818
stereographic,404,True,68622,68622,0.1995424207979948,0.00023316137681793012,467,0,0.5798682080057915,new_900_native_extension,9694912575655606753
stereographic,405,True,23,23,0.5652173913043478,0.43478260869565216,2,0,0.0014956249797251076,new_900_native_extension,9685773199393960147
stereographic,406,True,23,23,0.5652173913043478,0.5217391304347826,2,0,5.075000808574259e-05,new_900_native_extension,13175038141274855930
stereographic,407,False,-1,1000000,0.203649,0.0,6622,0,6.9110208339989185,new_900_native_extension,17991936728964638159
stereographic,408,True,83,83,0.26506024096385544,0.25301204819277107,5,0,0.005285457998979837,new_900_native_extension,2176927389896041136
stereographic,409,False,-1,1000000,0.0,0.0,7823,0,7.024570916983066,new_900_native_extension,13768646518641917981
stereographic,410,True,244,244,0.3360655737704918,0.3319672131147541,26,0,0.0004335420089773834,new_900_native_extension,14209595892898187059
stereographic,411,False,-1,1000000,0.197853,0.0,6562,0,7.009941875003278,new_900_native_extension,5707210984399793747
stereographic,412,True,79,79,0.25316455696202533,0.27848101265822783,5,0,0.017151292006019503,new_900_native_extension,8432676324789846021
stereographic,413,True,48,48,0.375,0.375,4,0,0.00971124999341555,new_900_native_extension,3366313304874244745
stereographic,414,False,-1,1000000,0.0,0.0,13523,0,6.902763749996666,new_900_native_extension,9474517337674290470
stereographic,415,True,236,236,0.0847457627118644,0.19491525423728814,6,0,0.00412720802705735,new_900_native_extension,73063008937683441
stereographic,416,False,-1,1000000,0.204911,0.0,6624,0,7.135510124993743,new_900_native_extension,5462543609674009977
stereographic,417,True,5,5,0.8,0.8,1,0,0.0006259590154513717,new_900_native_extension,4558905914029544358
stereographic,418,True,24,24,0.3333333333333333,0.5,1,0,6.166601087898016e-05,new_900_native_extension,18242337194000979904
stereographic,419,False,-1,1000000,0.0,0.150705,6781,0,7.256363708002027,new_900_native_extension,12131513322760947180
stereographic,420,False,-1,1000000,0.177683,0.0,6536,0,7.002669790992513,new_900_native_extension,7819504280430325868
stereographic,421,False,-1,1000000,0.0,0.190464,6406,0,6.737988292006776,new_900_native_extension,13187935093624881213
stereographic,422,True,14218,14218,0.23681249120832748,0.0006330004220002813,85,0,0.10440308300894685,new_900_native_extension,4182279040812277636
stereographic,423,False,-1,1000000,0.181385,0.0,6389,0,6.316637167008594,new_900_native_extension,14588257735631052359
stereographic,424,False,-1,1000000,0.0,0.174375,6325,0,6.134696416993393,new_900_native_extension,2779858882439335018
stereographic,425,True,56,56,0.21428571428571427,0.19642857142857142,1,0,0.0021375409851316363,new_900_native_extension,5832500492990945769
stereographic,426,False,-1,1000000,0.178557,0.0,6635,0,6.100742541020736,new_900_native_extension,7200310357909011410
stereographic,427,False,-1,1000000,0.214117,0.0,6546,0,6.516873291984666,new_900_native_extension,17887865924399995572
stereographic,428,True,32,32,0.4375,0.125,3,0,0.003167874994687736,new_900_native_extension,13395154631409748013
stereographic,429,False,-1,1000000,0.0,0.113148,6770,0,6.549345417006407,new_900_native_extension,2372583064365585290
stereographic,430,False,-1,1000000,0.193837,0.0,6600,0,6.319531916000415,new_900_native_extension,5915448224731984823
stereographic,431,True,4,4,0.5,0.5,1,0,0.010978583013638854,new_900_native_extension,7255281498711047130
stereographic,432,True,16575,16575,0.0033182503770739064,0.20911010558069382,120,0,0.08325387499644421,new_900_native_extension,338268849830864998
stereographic,433,True,32,32,0.3125,0.4375,1,0,7.245899178087711e-05,new_900_native_extension,15911589165748664733
stereographic,434,True,5,5,0.4,0.4,3,0,1.2499978765845299e-05,new_900_native_extension,3266861526367693831
stereographic,435,True,44,44,0.25,0.06818181818181818,1,0,8.312499267049134e-05,new_900_native_extension,10152218520563517756
stereographic,436,False,-1,1000000,0.095212,0.0,6610,0,6.332701125007588,new_900_native_extension,2953682559432497031
stereographic,437,True,4,4,0.75,0.75,1,0,0.009130042017204687,new_900_native_extension,15928699955478157655
stereographic,438,True,7,7,0.5714285714285714,0.5714285714285714,1,0,0.0830477089912165,new_900_native_extension,15154692139898296353
stereographic,439,True,1,1,1.0,1.0,1,0,2.2958003683015704e-05,new_900_native_extension,4321757810744593219
stereographic,440,False,-1,1000000,0.111297,0.0,6515,0,6.029732082999544,new_900_native_extension,4754647220943460670
stereographic,441,True,33,33,0.5151515151515151,0.45454545454545453,2,0,0.008399667014600709,new_900_native_extension,1814638948230146873
stereographic,442,True,236008,236008,5.93200230500661e-05,5.93200230500661e-05,1586,0,1.3541202080086805,new_900_native_extension,13535231864462139483
stereographic,443,False,-1,1000000,0.0,0.208331,6517,0,6.585806249990128,new_900_native_extension,720165566472183600
stereographic,444,True,646741,646741,1.2369712141336332e-05,0.12313120708289717,4274,0,4.016506791987922,new_900_native_extension,16589685428768393451
stereographic,445,False,-1,1000000,0.193459,0.0,6490,0,6.711318583023967,new_900_native_extension,4735284916722651584
stereographic,446,False,-1,1000000,0.0,0.191706,6612,0,6.407762417016784,new_900_native_extension,10717223850196579387
stereographic,447,False,-1,1000000,0.185507,0.0,6390,0,6.372061166999629,new_900_native_extension,17057561733266171643
stereographic,448,False,-1,1000000,0.0,0.148108,6655,0,6.145995625003707,new_900_native_extension,1397992920201803307
stereographic,449,True,163518,163518,0.19794762656099021,0.0001895815751171125,1076,0,0.9763041250116657,new_900_native_extension,17802408124555544105
stereographic,450,False,-1,1000000,0.0,0.18082,6508,0,5.8984445839887485,new_900_native_extension,14918965028678499661
stereographic,451,True,11,11,0.5454545454545454,0.5454545454545454,1,0,0.008560957998270169,new_900_native_extension,1996245416714703123
stereographic,452,False,-1,1000000,0.0,0.191698,6492,0,6.61343837500317,new_900_native_extension,3992341673553724268
stereographic,453,False,-1,1000000,0.0,0.070143,6647,0,6.893021209019935,new_900_native_extension,15976739976669839144
stereographic,454,True,36,36,0.3611111111111111,0.3333333333333333,3,0,0.00527429100475274,new_900_native_extension,16481879290833275494
stereographic,455,False,-1,1000000,0.175741,0.0,6614,0,7.21809816599125,new_900_native_extension,17130851817537637348
stereographic,456,True,61,61,0.36065573770491804,0.08196721311475409,3,0,0.007045375008601695,new_900_native_extension,8229672784274992504
stereographic,457,True,103,103,0.2621359223300971,0.20388349514563106,5,0,0.0001846659870352596,new_900_native_extension,7281143518708348502
stereographic,458,False,-1,1000000,0.165855,0.0,6615,0,7.400864166993415,new_900_native_extension,167577420061927037
stereographic,459,False,-1,1000000,0.0,0.0,7061,0,7.105296499998076,new_900_native_extension,3090824482865190913
stereographic,460,False,-1,1000000,0.136465,0.0,6548,0,7.037029916013125,new_900_native_extension,13724828501856507159
stereographic,461,True,39,39,0.23076923076923078,0.2564102564102564,1,0,0.007181333989137784,new_900_native_extension,1263396721782306578
stereographic,462,False,-1,1000000,0.194423,0.0,6484,0,7.090270665998105,new_900_native_extension,7439469095782598468
stereographic,463,False,-1,1000000,0.0,0.0,7434,0,6.874634416977642,new_900_native_extension,7833464690574943392
stereographic,464,True,11,11,0.18181818181818182,0.36363636363636365,1,0,0.0006814580119680613,new_900_native_extension,17544330613319484023
stereographic,465,False,-1,1000000,0.180354,0.0,6631,0,6.881488750019344,new_900_native_extension,2414584644276163812
stereographic,466,False,-1,1000000,0.0,0.0,7275,0,6.776107208977919,new_900_native_extension,10077761693124260014
stereographic,467,False,-1,1000000,0.0,0.0,6974,0,6.545099457987817,new_900_native_extension,8973796298033810810
stereographic,468,True,27,27,0.48148148148148145,0.5185185185185185,1,0,0.003401540976483375,new_900_native_extension,18006128091367507617
stereographic,469,True,256,256,0.13671875,0.1796875,29,0,0.0021532919781748205,new_900_native_extension,17279987396738270634
stereographic,470,True,19,19,0.3684210526315789,0.2631578947368421,4,0,0.015741750015877187,new_900_native_extension,4048623075869573885
stereographic,471,True,2,2,1.0,1.0,1,0,2.0833977032452822e-05,new_900_native_extension,7540950102050467406
stereographic,472,True,783158,783158,7.661289292837461e-06,0.20183155889360768,5136,0,5.043805041001178,new_900_native_extension,16305850415074756288
stereographic,473,True,27,27,0.37037037037037035,0.4074074074074074,1,0,0.004004209011327475,new_900_native_extension,17582335818165110064
stereographic,474,True,96,96,0.3333333333333333,0.28125,7,0,0.00217424999573268,new_900_native_extension,3901220902275086257
stereographic,475,True,596993,596993,0.15470198143026803,3.3501230332683967e-06,3871,0,3.7307567080133595,new_900_native_extension,4126914375981133416
stereographic,476,True,65,65,0.09230769230769231,0.3384615384615385,5,0,0.0012039160064887255,new_900_native_extension,11683711552099057455
stereographic,477,True,45,45,0.17777777777777778,0.3333333333333333,5,0,0.00020129198674112558,new_900_native_extension,14873147360239109834
stereographic,478,True,2,2,1.0,1.0,1,0,1.775001874193549e-05,new_900_native_extension,3882671449836636314
stereographic,479,False,-1,1000000,0.0,0.068338,7028,0,7.522731000004569,new_900_native_extension,15828254555519198871
stereographic,480,True,18,18,0.3888888888888889,0.2777777777777778,1,0,0.006105874985223636,new_900_native_extension,17037969014397150415
stereographic,481,True,80855,80855,0.1922082740708676,0.0003339311112485313,572,0,0.5278457500098739,new_900_native_extension,4647477718549710474
stereographic,482,False,-1,1000000,0.0,0.199214,6640,0,7.0536886250192765,new_900_native_extension,15579315493938410526
stereographic,483,True,76,76,0.2894736842105263,0.23684210526315788,5,0,0.004931332980049774,new_900_native_extension,7061524236051137206
stereographic,484,True,9,9,0.5555555555555556,0.5555555555555556,2,0,2.5209010345861316e-05,new_900_native_extension,10175836201612926936
stereographic,485,False,-1,1000000,0.0,0.179227,6581,0,7.173335625004256,new_900_native_extension,11985946642918818689
stereographic,486,True,40,40,0.35,0.325,7,0,0.009988000005250797,new_900_native_extension,3791483672538480902
stereographic,487,True,447311,447311,3.576929697682373e-05,0.1822825729749548,2940,0,3.8831880829820875,new_900_native_extension,3611579315911312068
stereographic,488,True,4,4,0.5,0.5,3,0,0.000818375003291294,new_900_native_extension,9002891409776803689
stereographic,489,True,28,28,0.10714285714285714,0.42857142857142855,1,0,5.7958008255809546e-05,new_900_native_extension,9105514771878909999
stereographic,490,False,-1,1000000,0.0,0.17896,6553,0,7.7263231669785455,new_900_native_extension,12803900308719884330
stereographic,491,False,-1,1000000,0.126489,0.0,6512,0,7.650271624996094,new_900_native_extension,1102789695809366006
stereographic,492,False,-1,1000000,0.152877,0.0,6487,0,7.907173790998058,new_900_native_extension,1539044915414008329
stereographic,493,False,-1,1000000,0.0,0.186964,6312,0,7.712045167019824,new_900_native_extension,878447239968232382
stereographic,494,True,23,23,0.5217391304347826,0.21739130434782608,3,0,0.0006475000118371099,new_900_native_extension,8326343167385650416
stereographic,495,True,4306,4306,0.001625638643752903,0.2849512308406874,25,0,0.007223791006254032,new_900_native_extension,1123155299259869176
stereographic,496,False,-1,1000000,0.0,0.0,8380,0,6.412824208004167,new_900_native_extension,9431437627615151250
stereographic,497,False,-1,1000000,0.0,0.187109,6589,0,6.455537000001641,new_900_native_extension,16787750742901180455
stereographic,498,True,1193,1193,0.006705783738474434,0.2766135792120704,16,0,0.002143125020666048,new_900_native_extension,17064972749131841474
stereographic,499,False,-1,1000000,0.198211,0.0,6476,0,6.436861666996265,new_900_native_extension,16056881226037404634
stereographic,500,False,-1,1000000,0.192703,0.0,6496,0,6.52871712500928,new_900_native_extension,558733574969023383
stereographic,501,False,-1,1000000,0.0,0.0,10152,0,6.404603792005219,new_900_native_extension,144555940835668794
stereographic,502,True,50,50,0.44,0.5,4,0,0.00043700000969693065,new_900_native_extension,3453775269845218917
stereographic,503,False,-1,1000000,0.0,0.189269,6481,0,6.498633917013649,new_900_native_extension,18230343180339131941
stereographic,504,True,253,253,0.25691699604743085,0.32806324110671936,8,0,0.010341791989048943,new_900_native_extension,10088608751382321409
stereographic,505,False,-1,1000000,0.176043,0.0,6600,0,7.096288666973123,new_900_native_extension,6934182706603123094
stereographic,506,True,81,81,0.37037037037037035,0.04938271604938271,2,0,0.0006114169955253601,new_900_native_extension,6998349879371980778
stereographic,507,True,21,21,0.7142857142857143,0.5714285714285714,2,0,4.2750005377456546e-05,new_900_native_extension,5647240122340188525
stereographic,508,False,-1,1000000,0.0,0.20033,6512,0,7.145500708022155,new_900_native_extension,10645200091657220467
stereographic,509,False,-1,1000000,0.0,0.0557,7176,0,7.6769396669988055,new_900_native_extension,6977196117570806595
stereographic,510,True,36,36,0.1388888888888889,0.4444444444444444,4,0,0.0017380409990437329,new_900_native_extension,17276861407509299407
stereographic,511,False,-1,1000000,0.184176,0.0,6459,0,7.678339333011536,new_900_native_extension,2482360813214653267
stereographic,512,True,14,14,0.42857142857142855,0.35714285714285715,4,0,0.0019366249907761812,new_900_native_extension,13406123990879873673
stereographic,513,False,-1,1000000,0.150734,0.0,6451,0,7.279653208999662,new_900_native_extension,1161086160490005787
stereographic,514,True,804,804,0.18407960199004975,0.011194029850746268,11,0,0.002461249998304993,new_900_native_extension,5784762940629613401
stereographic,515,True,164,164,0.1524390243902439,0.27439024390243905,5,0,0.0007798330043442547,new_900_native_extension,6135903460300660111
stereographic,516,True,29,29,0.3103448275862069,0.2413793103448276,2,0,0.002180917013902217,new_900_native_extension,2431036397171205104
stereographic,517,False,-1,1000000,0.197438,0.0,6558,0,7.066233124991413,new_900_native_extension,5799101597354545642
stereographic,518,True,54,54,0.4074074074074074,0.37037037037037035,3,0,0.004734541988000274,new_900_native_extension,14168312848794445766
stereographic,519,False,-1,1000000,0.0,0.0,7467,0,6.488288541993825,new_900_native_extension,5358357632702284790
stereographic,520,False,-1,1000000,0.181572,0.0,6441,0,6.396684874984203,new_900_native_extension,10306930461098849834
stereographic,521,False,-1,1000000,0.0,0.0,6839,0,5.981126500002574,new_900_native_extension,5226278276175693221
stereographic,522,False,-1,1000000,0.143627,0.0,6638,0,5.9629468340135645,new_900_native_extension,9624710566162529353
stereographic,523,False,-1,1000000,0.0,0.0,7527,0,5.903497042017989,new_900_native_extension,16060783293667673787
stereographic,524,False,-1,1000000,0.0,0.158677,6655,0,5.9559610840224195,new_900_native_extension,5249838299819224684
stereographic,525,False,-1,1000000,0.0,0.0,7203,0,6.294885624985909,new_900_native_extension,14119981371637948039
stereographic,526,False,-1,1000000,0.194376,0.0,6439,0,6.280788333009696,new_900_native_extension,1407728454136981964
stereographic,527,False,-1,1000000,0.183722,0.0,6551,0,6.26537224999629,new_900_native_extension,8501818237050105430
stereographic,528,True,507,507,0.027613412228796843,0.29191321499013806,6,0,0.00541541600250639,new_900_native_extension,4340518422662545045
stereographic,529,True,258,258,0.06201550387596899,0.21705426356589147,6,0,0.002489457983756438,new_900_native_extension,9810296851077177355
stereographic,530,True,18134,18134,0.22195875151648836,0.00011029006286533584,122,0,0.13507304197992198,new_900_native_extension,5134304037036218004
stereographic,531,False,-1,1000000,0.0,0.193495,6557,0,6.160093999991659,new_900_native_extension,16700581418960106809
stereographic,532,True,47,47,0.5106382978723404,0.425531914893617,1,0,0.0025436659925617278,new_900_native_extension,2914740494738368282
stereographic,533,True,25038,25038,7.987858455148175e-05,0.19702052879622972,164,0,0.06745020899688825,new_900_native_extension,14519772677982549440
stereographic,534,False,-1,1000000,0.0,0.181545,6301,0,5.896094166004332,new_900_native_extension,18437020576415989243
stereographic,535,False,-1,1000000,0.0,0.111808,6470,0,5.870552500011399,new_900_native_extension,7534530604569202557
stereographic,536,True,77,77,0.35064935064935066,0.33766233766233766,6,0,0.0018550830136518925,new_900_native_extension,14588046201546346542
stereographic,537,False,-1,1000000,0.0,0.137724,6607,0,6.0040600830107,new_900_native_extension,3267349366219884601
stereographic,538,True,39,39,0.3333333333333333,0.1794871794871795,8,0,0.04981229201075621,new_900_native_extension,6239506433072004486
stereographic,539,False,-1,1000000,0.0,0.194098,6584,0,5.991924291010946,new_900_native_extension,12721466595846329996
stereographic,540,False,-1,1000000,0.165049,0.0,6676,0,6.352612499991665,new_900_native_extension,17117296547861239605
stereographic,541,True,3,3,1.0,1.0,1,0,0.0028177089989185333,new_900_native_extension,17145654509794118933
stereographic,542,True,512,512,0.23046875,0.01953125,9,0,0.00272362501709722,new_900_native_extension,11698597143737472293
stereographic,543,False,-1,1000000,0.194364,0.0,6414,0,6.21714404199156,new_900_native_extension,8314061722907274465
stereographic,544,True,103861,103861,0.21269774024898663,3.8513012584126865e-05,703,0,0.7819905840151478,new_900_native_extension,8789823309165609475
stereographic,545,False,-1,1000000,0.0,0.19603,6593,0,6.1431457080179825,new_900_native_extension,1142923122897913871
stereographic,546,True,22702,22702,0.1603382961853581,0.00030834287727953485,145,0,0.08852891699643806,new_900_native_extension,17199336409320521447
stereographic,547,True,29,29,0.41379310344827586,0.3793103448275862,3,0,0.005460707994643599,new_900_native_extension,12930772406463976492
stereographic,548,True,29,29,0.3103448275862069,0.3793103448275862,1,0,6.483300239779055e-05,new_900_native_extension,1214039359024338044
stereographic,549,False,-1,1000000,0.0,0.159167,6680,0,6.183866957988357,new_900_native_extension,12131606514459522789
stereographic,550,True,20,20,0.45,0.55,1,0,0.004929916991386563,new_900_native_extension,13249194978839310887
stereographic,551,False,-1,1000000,0.0,0.196156,6481,0,6.372837833012454,new_900_native_extension,3325721514790323523
stereographic,552,False,-1,1000000,0.0,0.198145,6447,0,6.3003457080048975,new_900_native_extension,5509816242780975219
stereographic,553,True,28,28,0.39285714285714285,0.39285714285714285,4,0,0.009243625012459233,new_900_native_extension,3994757209918839757
stereographic,554,True,28,28,0.4642857142857143,0.42857142857142855,1,0,0.013548541988711804,new_900_native_extension,92811297338011587
stereographic,555,True,186,186,0.26344086021505375,0.25268817204301075,7,0,0.013537416001781821,new_900_native_extension,8673666819570654057
stereographic,556,True,530,530,0.12452830188679245,0.024528301886792454,13,0,0.013941374985734,new_900_native_extension,15354478766951929551
stereographic,557,True,114,114,0.32456140350877194,0.2894736842105263,6,0,0.00021141700563021004,new_900_native_extension,14589416374980854262
stereographic,558,False,-1,1000000,0.0,0.198897,6513,0,6.701991667010589,new_900_native_extension,7986349223476335705
stereographic,559,False,-1,1000000,0.0,0.206385,6356,0,6.592367708013626,new_900_native_extension,9070701810454636531
stereographic,560,False,-1,1000000,0.181591,0.0,6648,0,6.411684833001345,new_900_native_extension,4570963668179157876
stereographic,561,True,5995,5995,0.0003336113427856547,0.13794829024186822,43,0,0.010983584012137726,new_900_native_extension,9168907988823789206
stereographic,562,False,-1,1000000,0.0,0.212561,6517,0,6.540916500001913,new_900_native_extension,14295193512609012972
stereographic,563,True,35,35,0.34285714285714286,0.4857142857142857,1,0,0.009620875003747642,new_900_native_extension,15571834510682885053
stereographic,564,True,28,28,0.35714285714285715,0.35714285714285715,5,0,0.01110154198249802,new_900_native_extension,17781981850316607211
stereographic,565,False,-1,1000000,0.0,0.0,6470,0,6.851904916984495,new_900_native_extension,7552949594934493901
stereographic,566,True,166,166,0.2469879518072289,0.07228915662650602,6,0,0.00313745898893103,new_900_native_extension,3083411379448221283
stereographic,567,True,27,27,0.3333333333333333,0.3333333333333333,2,0,6.674998439848423e-05,new_900_native_extension,14591038711149249866
stereographic,568,True,52,52,0.40384615384615385,0.4230769230769231,3,0,9.250000584870577e-05,new_900_native_extension,7311514830957292789
stereographic,569,False,-1,1000000,0.167878,0.0,6556,0,6.795488625008147,new_900_native_extension,12857146659714407745
stereographic,570,True,23,23,0.43478260869565216,0.4782608695652174,1,0,0.0002784999960567802,new_900_native_extension,15024597921104835659
stereographic,571,True,24786,24786,0.25736302751553297,0.0027434842249657062,181,0,0.12342620798153803,new_900_native_extension,18359688664181950
stereographic,572,False,-1,1000000,0.0,0.173483,6443,0,6.866436624986818,new_900_native_extension,5794429606953685538
stereographic,573,True,3323,3323,0.06349684020463436,0.06169124285284382,19,0,0.007636666996404529,new_900_native_extension,11364084430719174039
stereographic,574,True,16,16,0.75,0.75,2,0,4.116701893508434e-05,new_900_native_extension,5471257557620205682
stereographic,575,True,60,60,0.13333333333333333,0.13333333333333333,3,0,0.00010312499944120646,new_900_native_extension,10292752486187288555
stereographic,576,False,-1,1000000,0.189982,0.0,6550,0,6.92772049998166,new_900_native_extension,8649522117767431233
stereographic,577,True,104,104,0.15384615384615385,0.23076923076923078,4,0,0.005252125003607944,new_900_native_extension,8201464328935745792
stereographic,578,False,-1,1000000,0.0,0.186305,6731,0,6.48826154199196,new_900_native_extension,1241747077936141882
stereographic,579,False,-1,1000000,0.183733,0.0,6491,0,6.474022667011013,new_900_native_extension,17551433081199038783
stereographic,580,True,237,237,0.05063291139240506,0.29957805907172996,4,0,0.0029016670014243573,new_900_native_extension,2330051695003248882
stereographic,581,False,-1,1000000,0.0,0.19063,6338,0,6.363778957980685,new_900_native_extension,9287767564768617747
stereographic,582,True,108,108,0.2037037037037037,0.2037037037037037,10,0,0.0019898749887943268,new_900_native_extension,15662478934433174024
stereographic,583,False,-1,1000000,0.203943,0.0,6477,0,6.2619370839965995,new_900_native_extension,12846985764048137273
stereographic,584,False,-1,1000000,0.0,0.17873,6455,0,5.987871916004224,new_900_native_extension,2678154846500069340
stereographic,585,True,45,45,0.13333333333333333,0.4666666666666667,1,0,0.002778708003461361,new_900_native_extension,11530136197245303347
stereographic,586,False,-1,1000000,0.0,0.0,7402,0,5.985990833025426,new_900_native_extension,1054833972351289395
stereographic,587,True,13,13,0.46153846153846156,0.38461538461538464,1,0,0.0005251250113360584,new_900_native_extension,2203826802690243693
stereographic,588,True,30,30,0.43333333333333335,0.5,2,0,6.883300375193357e-05,new_900_native_extension,12497684292087118669
stereographic,589,False,-1,1000000,0.202948,0.0,6520,0,6.15573666599812,new_900_native_extension,11909359547824665235
stereographic,590,True,8,8,0.75,0.75,1,0,0.012058292020810768,new_900_native_extension,5340868568380349918
stereographic,591,False,-1,1000000,0.0,0.116594,6768,0,6.0714723330165725,new_900_native_extension,729534426801250051
stereographic,592,True,18,18,0.5,0.5,4,0,0.004328583017922938,new_900_native_extension,6265223533614682474
stereographic,593,False,-1,1000000,0.192399,0.0,6556,0,5.954878499993356,new_900_native_extension,2335007240724936583
stereographic,594,True,12,12,0.75,0.6666666666666666,2,0,0.0009210830030497164,new_900_native_extension,16411813331704188774
stereographic,595,True,2235,2235,0.21118568232662194,0.0058165548098434005,18,0,0.003732666024006903,new_900_native_extension,16366683497143637972
stereographic,596,True,43,43,0.3488372093023256,0.3488372093023256,2,0,7.570799789391458e-05,new_900_native_extension,13105681620507106679
stereographic,597,False,-1,1000000,0.0,0.195772,6345,0,5.99276579200523,new_900_native_extension,3335794978813302396
stereographic,598,False,-1,1000000,0.0,0.178453,6668,0,6.077217625017511,new_900_native_extension,2116346600847041396
stereographic,599,False,-1,1000000,0.0,0.164786,6589,0,6.011399624985643,new_900_native_extension,12540397706637334761
stereographic,600,True,78,78,0.11538461538461539,0.15384615384615385,3,0,0.0008888750162441283,new_900_native_extension,1025470258015594563
stereographic,601,True,12,12,0.5,0.16666666666666666,1,0,3.266602288931608e-05,new_900_native_extension,9844568583240682474
stereographic,602,True,172,172,0.22093023255813954,0.22674418604651161,7,0,0.0002912500058300793,new_900_native_extension,18224541971634632701
stereographic,603,False,-1,1000000,0.0,0.17508,6400,0,6.180809667013818,new_900_native_extension,4428283797311060451
stereographic,604,False,-1,1000000,0.0,0.052531,6942,0,6.394523041002685,new_900_native_extension,10834823545894827848
stereographic,605,True,118,118,0.3559322033898305,0.3050847457627119,12,0,0.004881583008682355,new_900_native_extension,2950184251244822597
stereographic,606,True,26,26,0.4230769230769231,0.5,2,0,6.345799192786217e-05,new_900_native_extension,310137921963200266
stereographic,607,False,-1,1000000,0.174251,0.0,6615,0,6.4237402500002645,new_900_native_extension,12359249417252305682
stereographic,608,False,-1,1000000,0.178101,0.0,6702,0,6.341511249978794,new_900_native_extension,109548062783199724
stereographic,609,True,114,114,0.2807017543859649,0.3157894736842105,7,0,0.00253274998976849,new_900_native_extension,8729260984118284314
stereographic,610,False,-1,1000000,0.0,0.198179,6545,0,6.831166916992515,new_900_native_extension,17954243049936659192
stereographic,611,True,743748,743748,0.19222102109854414,8.067248584197874e-06,4759,0,5.030647625011625,new_900_native_extension,15599926815138105790
stereographic,612,True,31,31,0.2903225806451613,0.2903225806451613,4,0,0.008857499982696027,new_900_native_extension,3356789420542709323
stereographic,613,True,2786,2786,0.21213208901651112,0.005384063173007897,25,0,0.020022665994474664,new_900_native_extension,14046745278807121888
stereographic,614,True,86,86,0.1744186046511628,0.12790697674418605,10,0,0.000920082995435223,new_900_native_extension,11345227742438595272
stereographic,615,False,-1,1000000,0.0,0.0,7826,0,7.077511458017398,new_900_native_extension,16105745606051238150
stereographic,616,False,-1,1000000,0.17286,0.0,6659,0,7.061335415986832,new_900_native_extension,6110561820683506108
stereographic,617,True,699,699,0.027181688125894134,0.0715307582260372,18,0,0.002698374999454245,new_900_native_extension,1015952615122930543
stereographic,618,False,-1,1000000,0.0,0.199525,6581,0,7.061370999988867,new_900_native_extension,8458117871041949998
stereographic,619,True,60,60,0.31666666666666665,0.21666666666666667,11,0,0.0030475829844363034,new_900_native_extension,431121867077445808
stereographic,620,True,24584,24584,0.0007728603970061829,0.20399446794663195,168,0,0.23912120799650438,new_900_native_extension,3149552207051405975
stereographic,621,True,48,48,0.125,0.375,4,0,0.0011811250005848706,new_900_native_extension,5610548060659096871
stereographic,622,True,2358,2358,0.1458863443596268,0.006785411365564037,20,0,0.02502375000040047,new_900_native_extension,492194114372730884
stereographic,623,True,58,58,0.46551724137931033,0.3448275862068966,2,0,0.0010717920085880905,new_900_native_extension,4443099462721898364
stereographic,624,True,4,4,0.5,0.5,1,0,2.012500772252679e-05,new_900_native_extension,7475832132249970562
stereographic,625,True,59,59,0.15254237288135594,0.2542372881355932,2,0,0.00010395800927653909,new_900_native_extension,1350357914932715269
stereographic,626,False,-1,1000000,0.0,0.193963,6604,0,6.8573017079907,new_900_native_extension,7648850725852228768
stereographic,627,True,138398,138398,0.1946776687524386,1.4451075882599459e-05,916,0,0.88481991700246,new_900_native_extension,1169348648406679536
stereographic,628,False,-1,1000000,0.0,0.184436,6516,0,6.9314310000045225,new_900_native_extension,9294537557376252365
stereographic,629,True,34,34,0.29411764705882354,0.35294117647058826,3,0,0.002947542001493275,new_900_native_extension,12314737136314708722
stereographic,630,True,1183,1183,0.0033812341504649195,0.1834319526627219,13,0,0.00351070798933506,new_900_native_extension,16918370645648927182
stereographic,631,False,-1,1000000,0.0,0.155819,6451,0,6.825657667010091,new_900_native_extension,14582230149287981624
stereographic,632,True,68,68,0.25,0.2647058823529412,4,0,0.0002849169832188636,new_900_native_extension,8591664075192616252
stereographic,633,False,-1,1000000,0.199822,0.0,6472,0,7.125805791991297,new_900_native_extension,14138944047758852775
stereographic,634,True,3,3,0.6666666666666666,0.6666666666666666,1,0,0.029248957987874746,new_900_native_extension,10602030562391757308
stereographic,635,True,73,73,0.1506849315068493,0.3424657534246575,2,0,0.0003641249786596745,new_900_native_extension,4761639859211206150
stereographic,636,True,208,208,0.15865384615384615,0.10096153846153846,47,0,0.008523208001861349,new_900_native_extension,16324646124924635569
stereographic,637,True,29,29,0.3793103448275862,0.3793103448275862,3,0,5.916701047681272e-05,new_900_native_extension,8175684538270949591
stereographic,638,False,-1,1000000,0.0,0.153573,6599,0,7.223878832999617,new_900_native_extension,151257547705847862
stereographic,639,True,126,126,0.3888888888888889,0.373015873015873,4,0,0.004711167013738304,new_900_native_extension,17267050995848015281
stereographic,640,True,45,45,0.35555555555555557,0.28888888888888886,3,0,9.512499673292041e-05,new_900_native_extension,11893232956454827529
stereographic,641,True,1623,1623,0.006777572396796057,0.20948860135551448,12,0,0.02945391699904576,new_900_native_extension,18053775905369689068
stereographic,642,True,195,195,0.2564102564102564,0.26153846153846155,8,0,0.00037566598621197045,new_900_native_extension,5503126117791369924
stereographic,643,False,-1,1000000,0.0,0.196174,6548,0,7.409429583989549,new_900_native_extension,17586487846946196255
stereographic,644,True,784,784,0.33163265306122447,0.002551020408163265,12,0,0.001339916983852163,new_900_native_extension,17140641220964309145
stereographic,645,True,98,98,0.29591836734693877,0.2755102040816326,20,0,0.0001634579966776073,new_900_native_extension,1398809361471683998
stereographic,646,True,52,52,0.2692307692307692,0.25,3,0,9.333298658020794e-05,new_900_native_extension,146568477656619037
stereographic,647,False,-1,1000000,0.155743,0.0,6472,0,7.6943948330008425,new_900_native_extension,170390828712163858
stereographic,648,False,-1,1000000,0.205,0.0,6486,0,6.893945416988572,new_900_native_extension,3792999530814121790
stereographic,649,True,20126,20126,0.19591573089535924,0.0004471827486832952,140,0,0.2112761249882169,new_900_native_extension,4881920875572792279
stereographic,650,True,76,76,0.35526315789473684,0.39473684210526316,4,0,0.0005962920258753002,new_900_native_extension,5795081945716995148
stereographic,651,False,-1,1000000,0.0,0.0,7049,0,6.935253000003286,new_900_native_extension,723081229475148044
stereographic,652,True,43,43,0.3953488372093023,0.37209302325581395,3,0,0.0009417080145794898,new_900_native_extension,9023583524057875882
stereographic,653,True,143,143,0.32167832167832167,0.32167832167832167,6,0,0.00024750002194195986,new_900_native_extension,2986855699747570493
stereographic,654,False,-1,1000000,0.063954,0.0,6923,0,6.978541916992981,new_900_native_extension,4490882972661863777
stereographic,655,True,67,67,0.26865671641791045,0.3283582089552239,1,0,0.0007203750137705356,new_900_native_extension,12282491801816508970
stereographic,656,True,90,90,0.4,0.34444444444444444,7,0,0.00033766700653359294,new_900_native_extension,6814257036321682495
stereographic,657,True,121,121,0.10743801652892562,0.4297520661157025,3,0,0.0004442090285010636,new_900_native_extension,4593383825493480715
stereographic,658,False,-1,1000000,0.0,0.170724,6736,0,6.797588833986083,new_900_native_extension,2723046184709213993
stereographic,659,True,688,688,0.00872093023255814,0.2936046511627907,7,0,0.005413292004959658,new_900_native_extension,18126224006258913610
stereographic,660,False,-1,1000000,0.0,0.185037,6593,0,6.648740167001961,new_900_native_extension,8395612933678360732
stereographic,661,True,122,122,0.22950819672131148,0.21311475409836064,7,0,0.0014254589914344251,new_900_native_extension,3406911281031123211
stereographic,662,True,65,65,0.046153846153846156,0.2153846153846154,9,0,0.0009974999993573874,new_900_native_extension,12059251290145456402
stereographic,663,False,-1,1000000,0.0,0.0,7965,0,6.341384666011436,new_900_native_extension,10296245523699270851
stereographic,664,False,-1,1000000,0.0,0.0,7350,0,6.060194040997885,new_900_native_extension,15130040407583307694
stereographic,665,False,-1,1000000,0.165695,0.0,6585,0,5.97059983300278,new_900_native_extension,9075069229902327266
stereographic,666,False,-1,1000000,0.19235,0.0,6595,0,6.356813708000118,new_900_native_extension,9245492129802834833
stereographic,667,False,-1,1000000,0.0,0.094974,6591,0,6.257239667000249,new_900_native_extension,16735267934046619716
stereographic,668,False,-1,1000000,0.19083,0.0,6571,0,6.064110957988305,new_900_native_extension,14951827899857408722
stereographic,669,False,-1,1000000,0.175095,0.0,6533,0,6.2295349999913014,new_900_native_extension,14114066252647084471
stereographic,670,False,-1,1000000,0.0,0.15642,6442,0,5.79008595799678,new_900_native_extension,9955831300845193459
stereographic,671,True,3656,3656,0.23659737417943108,0.0008205689277899343,64,0,0.09269362498889677,new_900_native_extension,7508717673313710761
stereographic,672,True,34114,34114,0.00017588087002403706,0.20938617576361612,195,0,0.18482258400763385,new_900_native_extension,5434373868049805109
stereographic,673,True,92,92,0.40217391304347827,0.391304347826087,3,0,0.00421166600426659,new_900_native_extension,13191823382796743600
stereographic,674,False,-1,1000000,0.106798,0.0,6855,0,5.849447042011889,new_900_native_extension,17010129105596176283
stereographic,675,True,16,16,0.4375,0.5,1,0,0.015461417002370581,new_900_native_extension,5528643313788496481
stereographic,676,True,275749,275749,0.00024660107561586805,0.20331533387247097,1813,0,1.6282201670110226,new_900_native_extension,17791939936979925436
stereographic,677,True,3,3,1.0,0.6666666666666666,1,0,0.0006121250044088811,new_900_native_extension,13159298190783312776
stereographic,678,False,-1,1000000,0.172188,0.0,6631,0,6.075487416994292,new_900_native_extension,9634348832066629253
stereographic,679,False,-1,1000000,0.0,0.192917,6511,0,6.329255374992499,new_900_native_extension,4894191989866936832
stereographic,680,True,33,33,0.2727272727272727,0.2727272727272727,1,0,0.007274500007042661,new_900_native_extension,13040327947233056025
stereographic,681,False,-1,1000000,0.191113,0.0,6628,0,6.462572000018554,new_900_native_extension,11846176490026459933
stereographic,682,False,-1,1000000,0.173332,0.0,6564,0,6.645395208004629,new_900_native_extension,14301121873423277280
stereographic,683,False,-1,1000000,0.0,0.0,8497,0,6.314162832975853,new_900_native_extension,17946972282178442835
stereographic,684,True,4,4,0.5,0.5,2,0,0.015613291994668543,new_900_native_extension,6572980815380210746
stereographic,685,False,-1,1000000,0.0,0.0,11572,0,6.048191209003562,new_900_native_extension,2936629485617912253
stereographic,686,True,20,20,0.25,0.25,4,0,0.0005669580132234842,new_900_native_extension,6718488502010842338
stereographic,687,True,68,68,0.23529411764705882,0.22058823529411764,2,0,0.00013237498933449388,new_900_native_extension,13380496131514917255
stereographic,688,False,-1,1000000,0.20184,0.0,6709,0,6.264486875006696,new_900_native_extension,5966040961475387699
stereographic,689,False,-1,1000000,0.0,0.190095,6512,0,6.15050949997385,new_900_native_extension,4229274714098393077
stereographic,690,False,-1,1000000,0.0,0.15682,6492,0,6.354833040997619,new_900_native_extension,1887357009472912100
stereographic,691,True,7,7,0.7142857142857143,0.5714285714285714,2,0,0.004950790986185893,new_900_native_extension,18417604292679442046
stereographic,692,False,-1,1000000,0.0,0.18313,6565,0,6.371717250003712,new_900_native_extension,4854853553753142037
stereographic,693,False,-1,1000000,0.0,0.183105,6525,0,6.185591166984523,new_900_native_extension,14085626982123731762
stereographic,694,True,10,10,0.5,0.2,1,0,0.005209082999499515,new_900_native_extension,1204216027088446699
stereographic,695,True,77,77,0.16883116883116883,0.14285714285714285,3,0,0.0005292079877108335,new_900_native_extension,12968785997318545424
stereographic,696,False,-1,1000000,0.0,0.0,6821,0,6.345117874996504,new_900_native_extension,135579426532524173
stereographic,697,False,-1,1000000,0.0,0.144903,6547,0,6.406510667002294,new_900_native_extension,5874399715010327159
stereographic,698,True,171,171,0.15789473684210525,0.14619883040935672,17,0,0.004561125009786338,new_900_native_extension,10058535188160889959
stereographic,699,False,-1,1000000,0.193746,0.0,6392,0,6.478484833001858,new_900_native_extension,14001462326263818842
stereographic,700,False,-1,1000000,0.0,0.0,7371,0,6.581097082991619,new_900_native_extension,10359675427798373511
stereographic,701,False,-1,1000000,0.19453,0.0,6496,0,6.394997082999907,new_900_native_extension,2380895280238578716
stereographic,702,False,-1,1000000,0.0,0.0,8117,0,6.111363125004573,new_900_native_extension,12166520192658964725
stereographic,703,False,-1,1000000,0.0,0.0,7222,0,6.126102957990952,new_900_native_extension,18434446561450588786
stereographic,704,True,72,72,0.25,0.3611111111111111,5,0,0.00026354100555181503,new_900_native_extension,15439820149307148374
stereographic,705,True,581,581,0.20309810671256454,0.01549053356282272,5,0,0.015071957983309403,new_900_native_extension,12851009539214311411
stereographic,706,False,-1,1000000,0.0,0.0,8284,0,6.13608354202006,new_900_native_extension,647775956963399246
stereographic,707,False,-1,1000000,0.0,0.0,7428,0,6.917554124986054,new_900_native_extension,586576960940415285
stereographic,708,False,-1,1000000,0.0,0.0,7374,0,5.971115124993958,new_900_native_extension,11450354797669063028
stereographic,709,True,2,2,1.0,1.0,1,0,0.006329416006337851,new_900_native_extension,3631563676589211086
stereographic,710,False,-1,1000000,0.2049,0.0,6490,0,5.452141209010733,new_900_native_extension,7353149816364367004
stereographic,711,False,-1,1000000,0.190737,0.0,6578,0,4.931557292002253,new_900_native_extension,515743297780152236
stereographic,712,True,15678,15678,0.012437810945273632,0.18140068886337543,180,0,0.05704375001369044,new_900_native_extension,12823957116722356644
stereographic,713,True,4,4,0.75,0.75,1,0,0.0004290000069886446,new_900_native_extension,12736311939765966585
stereographic,714,False,-1,1000000,0.0,0.0,7055,0,3.278452958998969,new_900_native_extension,8918995782494493114
stereographic,715,True,8,8,0.5,0.625,1,0,0.0018957499996758997,new_900_native_extension,17337819314910353687
stereographic,716,False,-1,1000000,0.0,0.0,6687,0,2.754981540987501,new_900_native_extension,594456176031888747
stereographic,717,False,-1,1000000,0.0,0.0,7737,0,2.8596442920097616,new_900_native_extension,12831917651545008677
stereographic,718,True,110,110,0.14545454545454545,0.2727272727272727,9,0,0.003975750005338341,new_900_native_extension,12897001612885855524
stereographic,719,True,103,103,0.32038834951456313,0.33980582524271846,3,0,0.00019483399228192866,new_900_native_extension,13180874053084762237
stereographic,720,True,5,5,0.4,0.4,1,0,1.3540993677452207e-05,new_900_native_extension,9429281064028309088
stereographic,721,True,282375,282375,0.0001912350597609562,0.1995360779105799,1858,0,0.8267209159967024,new_900_native_extension,15828296114226467728
stereographic,722,True,66,66,0.15151515151515152,0.15151515151515152,3,0,0.0013211669865995646,new_900_native_extension,9772799413774817312
stereographic,723,False,-1,1000000,0.0,0.169924,6770,0,2.833896583004389,new_900_native_extension,15815147906196103645
stereographic,724,False,-1,1000000,0.0,0.18774,6523,0,2.8823060000140686,new_900_native_extension,5498307250723624943
stereographic,725,True,72188,72188,0.0004432869729040838,0.00470992408710589,465,0,0.2240711670019664,new_900_native_extension,12952252434555305728
stereographic,726,False,-1,1000000,0.0,0.129282,6403,0,2.843553000013344,new_900_native_extension,2198530869983984125
stereographic,727,True,27,27,0.2962962962962963,0.2222222222222222,3,0,0.007130334008252248,new_900_native_extension,1023525816249582288
stereographic,728,False,-1,1000000,0.203093,0.0,6539,0,2.8418690839898773,new_900_native_extension,7459131700987680212
stereographic,729,True,57,57,0.3333333333333333,0.21052631578947367,3,0,0.00873929201043211,new_900_native_extension,12000126254018222729
stereographic,730,True,195,195,0.2205128205128205,0.24102564102564103,5,0,0.0006908339855726808,new_900_native_extension,16825120024908326822
stereographic,731,False,-1,1000000,0.0,0.194618,6653,0,2.6921944999776315,new_900_native_extension,4555995847882514349
stereographic,732,False,-1,1000000,0.0,0.0,7781,0,2.6267440840019844,new_900_native_extension,13377146100016539174
stereographic,733,True,1163,1163,0.24505588993981084,0.010318142734307825,9,0,0.001964582974324003,new_900_native_extension,5778850459604463800
stereographic,734,True,28186,28186,0.23816788476548642,0.0012772298304122615,185,0,0.15423495799768716,new_900_native_extension,16555091418426411179
stereographic,735,False,-1,1000000,0.0,0.177442,6566,0,2.103764917002991,new_900_native_extension,10744822049268995735
stereographic,736,True,90,90,0.05555555555555555,0.05555555555555555,17,0,0.010405375011032447,new_900_native_extension,17169745313249445944
stereographic,737,True,7,7,0.42857142857142855,0.2857142857142857,2,0,4.8999994760379195e-05,new_900_native_extension,16030825099472421270
stereographic,738,True,133,133,0.22556390977443608,0.10526315789473684,5,0,0.0004097500059287995,new_900_native_extension,17671142633033826258
stereographic,739,False,-1,1000000,0.0,0.170144,6622,0,2.0484440829895902,new_900_native_extension,9677292640328402065
stereographic,740,True,49,49,0.40816326530612246,0.3877551020408163,2,0,0.0014313329884316772,new_900_native_extension,17310093963390118204
stereographic,741,False,-1,1000000,0.214549,0.0,6743,0,1.8689044170023408,new_900_native_extension,4444182570903310330
stereographic,742,True,310,310,0.3387096774193548,0.00967741935483871,2,0,0.0005362920055631548,new_900_native_extension,12668162280215436586
stereographic,743,False,-1,1000000,0.0,0.0,7744,0,1.8230066249961965,new_900_native_extension,4053764947731541451
stereographic,744,True,33,33,0.42424242424242425,0.45454545454545453,3,0,0.0015480000001844019,new_900_native_extension,9949084120634186841
stereographic,745,True,13,13,0.7692307692307693,0.7692307692307693,1,0,2.9166985768824816e-05,new_900_native_extension,17363976921641458159
stereographic,746,False,-1,1000000,0.107474,0.0,6849,0,1.938583999988623,new_900_native_extension,1132172221628032872
stereographic,747,False,-1,1000000,0.0,0.159043,6659,0,1.8750214590108953,new_900_native_extension,5667385131737060668
stereographic,748,False,-1,1000000,0.0,0.193255,6614,0,1.8646302910055965,new_900_native_extension,418966539765572745
stereographic,749,True,47,47,0.1276595744680851,0.2978723404255319,3,0,0.00010841700714081526,new_900_native_extension,11318995044627372397
stereographic,750,False,-1,1000000,0.199154,0.0,6463,0,1.8484858750016429,new_900_native_extension,10853893286994672540
stereographic,751,True,654962,654962,0.006270592797750099,0.15040719919628925,4281,0,1.1672907499887515,new_900_native_extension,11231977871974641160
stereographic,752,True,163,163,0.2822085889570552,0.2085889570552147,8,0,0.00028533401200547814,new_900_native_extension,8217081435705853429
stereographic,753,True,20602,20602,0.12678380739734008,0.0015047082807494417,149,0,0.03989958399324678,new_900_native_extension,8525202986617553683
stereographic,754,True,104890,104890,0.1801506339975212,9.533797311469158e-05,706,0,0.19421487499494106,new_900_native_extension,7350455603666795582
stereographic,755,True,50,50,0.54,0.5,1,0,0.0008046660223044455,new_900_native_extension,16883075764301071495
stereographic,756,False,-1,1000000,0.0,0.199419,6624,0,1.9086182079918217,new_900_native_extension,4532408985252739816
stereographic,757,True,23066,23066,0.0016040926038324806,0.18091563339980923,154,0,0.041067165991989896,new_900_native_extension,9633518964879505081
stereographic,758,True,12,12,0.5,0.5833333333333334,1,0,3.608298720791936e-05,new_900_native_extension,3895630199323037696
stereographic,759,True,182248,182248,0.16905535314516484,1.0974057328475484e-05,1164,0,0.32645449999836273,new_900_native_extension,671110418911019028
stereographic,760,False,-1,1000000,0.164709,0.0,6453,0,1.8614640000159852,new_900_native_extension,3314323072312342755
stereographic,761,False,-1,1000000,0.0,0.196191,6428,0,1.874429624993354,new_900_native_extension,1055511342518237730
stereographic,762,False,-1,1000000,0.0,0.161975,6527,0,1.8804412919853348,new_900_native_extension,3188567596995452027
stereographic,763,False,-1,1000000,0.0,0.0,7672,0,1.7490722500078846,new_900_native_extension,15196043690079197886
stereographic,764,False,-1,1000000,0.0,0.192496,6544,0,1.7644650830188766,new_900_native_extension,18004884445757378350
stereographic,765,False,-1,1000000,0.0,0.0,7136,0,1.7519622080144472,new_900_native_extension,8474517531345881685
stereographic,766,True,150,150,0.09333333333333334,0.2,13,0,0.0004933330055791885,new_900_native_extension,7172096917383614426
stereographic,767,False,-1,1000000,0.0,0.0,7171,0,1.7445750840124674,new_900_native_extension,16929589359850669255
stereographic,768,True,39,39,0.1282051282051282,0.10256410256410256,6,0,0.0005683330236934125,new_900_native_extension,13957511272139187927
stereographic,769,True,107,107,0.18691588785046728,0.18691588785046728,6,0,0.00031479200697503984,new_900_native_extension,9378425355051821776
stereographic,770,True,15932,15932,0.16294250564900828,0.0004393673110720562,108,0,0.02739575001760386,new_900_native_extension,2111131936906915848
stereographic,771,False,-1,1000000,0.0,0.196173,6707,0,1.7414241249789484,new_900_native_extension,5718700946245388157
stereographic,772,False,-1,1000000,0.169233,0.0,6381,0,1.7245115420082584,new_900_native_extension,1172323787139828475
stereographic,773,True,158,158,0.12658227848101267,0.189873417721519,44,0,0.00040049999370239675,new_900_native_extension,5923408102444445356
stereographic,774,True,54,54,0.5,0.4444444444444444,2,0,0.00015875001554377377,new_900_native_extension,16423918854998261992
stereographic,775,False,-1,1000000,0.184501,0.0,6588,0,1.7325133330014069,new_900_native_extension,9370701327784196385
stereographic,776,False,-1,1000000,0.0,0.192658,6474,0,1.7430571250151843,new_900_native_extension,2778763040973109086
stereographic,777,True,7,7,0.5714285714285714,0.5714285714285714,2,0,0.0002641669998411089,new_900_native_extension,13151312815128158410
stereographic,778,False,-1,1000000,0.171636,0.0,6483,0,1.7366795419948176,new_900_native_extension,7615983051989372964
stereographic,779,False,-1,1000000,0.193666,0.0,6530,0,1.7441631249967031,new_900_native_extension,8235437230354048238
stereographic,780,True,11,11,0.6363636363636364,0.5454545454545454,1,0,0.0004234999942127615,new_900_native_extension,15026878604720540858
stereographic,781,True,29,29,0.3448275862068966,0.27586206896551724,7,0,0.0001237079850398004,new_900_native_extension,10202485782613043949
stereographic,782,False,-1,1000000,0.0,0.0,6872,0,1.7504829170065932,new_900_native_extension,9431014189281266759
stereographic,783,True,32,32,0.5,0.40625,3,0,6.195798050612211e-05,new_900_native_extension,13854745248729256041
stereographic,784,True,257,257,0.30739299610894943,0.19844357976653695,9,0,0.00043183297384530306,new_900_native_extension,7509788302538612398
stereographic,785,True,81,81,0.18518518518518517,0.18518518518518517,1,0,0.0001404999929945916,new_900_native_extension,1761919508679982194
stereographic,786,False,-1,1000000,0.183071,0.0,6667,0,1.7360576659848448,new_900_native_extension,1945682596863947438
stereographic,787,False,-1,1000000,0.0,0.169037,6608,0,1.769555417005904,new_900_native_extension,14160611070871578701
stereographic,788,False,-1,1000000,0.0,0.185025,6545,0,1.7791765839792788,new_900_native_extension,3687045503327434338
stereographic,789,False,-1,1000000,0.0,0.164815,6546,0,1.7808406660042237,new_900_native_extension,4907771532098966045
stereographic,790,False,-1,1000000,0.169792,0.0,6494,0,1.7706304999883287,new_900_native_extension,14148726839994693416
stereographic,791,False,-1,1000000,0.0,0.155076,6422,0,1.76197679201141,new_900_native_extension,17030586179217185554
stereographic,792,True,611,611,0.01800327332242226,0.25859247135842883,3,0,0.001078582979971543,new_900_native_extension,18364462073146949292
stereographic,793,False,-1,1000000,0.0,0.0,6720,0,1.7625152920081746,new_900_native_extension,8166742826032241124
stereographic,794,True,186,186,0.20430107526881722,0.0913978494623656,10,0,0.0006264999974519014,new_900_native_extension,4354031084298971576
stereographic,795,True,4993,4993,0.14119767674744643,0.0026036451031444022,31,0,0.008453332993667573,new_900_native_extension,18124919620021710698
stereographic,796,True,11,11,0.2727272727272727,0.2727272727272727,1,0,0.0002292920253239572,new_900_native_extension,2787010792966637300
stereographic,797,True,41,41,0.2926829268292683,0.2926829268292683,3,0,0.00020562499412335455,new_900_native_extension,9987466695992912050
stereographic,798,False,-1,1000000,0.177386,0.0,6504,0,1.778178749984363,new_900_native_extension,14846576981656675002
stereographic,799,True,132,132,0.09090909090909091,0.30303030303030304,2,0,0.00048629200318828225,new_900_native_extension,5020815530309109565
stereographic,800,True,302,302,0.09933774834437085,0.22185430463576158,12,0,0.0009514580015093088,new_900_native_extension,9975995649001027575
stereographic,801,False,-1,1000000,0.188513,0.0,6607,0,1.7773547079996206,new_900_native_extension,17133529356225239210
stereographic,802,True,10872,10872,0.0013796909492273732,0.28421633554083886,81,0,0.01840370800346136,new_900_native_extension,16119492315694643111
stereographic,803,True,35,35,0.14285714285714285,0.17142857142857143,3,0,0.0008265000069513917,new_900_native_extension,3569902267548422993
stereographic,804,False,-1,1000000,0.16811,0.0,6467,0,1.779268874990521,new_900_native_extension,2016317438904467114
stereographic,805,False,-1,1000000,0.189797,0.0,6484,0,1.7719815410091542,new_900_native_extension,13953948041132729759
stereographic,806,True,2565,2565,0.005847953216374269,0.29980506822612085,24,0,0.005650832987157628,new_900_native_extension,6499734875536177422
stereographic,807,True,195,195,0.035897435897435895,0.22564102564102564,11,0,0.0005710000114049762,new_900_native_extension,16641090573752305261
stereographic,808,True,17,17,0.29411764705882354,0.4117647058823529,1,0,4.095802432857454e-05,new_900_native_extension,1254804833301848654
stereographic,809,False,-1,1000000,0.0,0.197971,6482,0,1.7698426250135526,new_900_native_extension,4164415441097947012
stereographic,810,False,-1,1000000,0.0,0.0,6784,0,1.7635930420074146,new_900_native_extension,17345719695380987824
stereographic,811,True,9,9,0.3333333333333333,0.3333333333333333,1,0,0.0002612499811220914,new_900_native_extension,8108900278499927141
stereographic,812,False,-1,1000000,0.172324,0.0,6592,0,1.7502195829874836,new_900_native_extension,522970206358548461
stereographic,813,False,-1,1000000,0.0,0.182515,6567,0,1.7597570829966571,new_900_native_extension,1821611637629439705
stereographic,814,True,2061,2061,0.0019408054342552159,0.24696749150897623,20,0,0.005594000016571954,new_900_native_extension,16288784636090997508
stereographic,815,True,680,680,0.16029411764705884,0.04264705882352941,12,0,0.0011417500209063292,new_900_native_extension,2613811479064118175
stereographic,816,True,33,33,0.3939393939393939,0.3333333333333333,6,0,6.612497963942587e-05,new_900_native_extension,11200038724847130803
stereographic,817,False,-1,1000000,0.0,0.202226,6607,0,1.762761333025992,new_900_native_extension,5106180572120694415
stereographic,818,True,84,84,0.39285714285714285,0.2619047619047619,4,0,0.0001439159968867898,new_900_native_extension,12874279603675112755
stereographic,819,True,156,156,0.2692307692307692,0.038461538461538464,7,0,0.0004626660083886236,new_900_native_extension,11481471376776415500
stereographic,820,True,42,42,0.2619047619047619,0.2857142857142857,1,0,7.641699630767107e-05,new_900_native_extension,8023955936862470902
stereographic,821,True,104,104,0.33653846153846156,0.4519230769230769,4,0,0.0001899579947348684,new_900_native_extension,9574338240346787490
stereographic,822,False,-1,1000000,0.189212,0.0,6528,0,1.7519293340155855,new_900_native_extension,5685473021397324731
stereographic,823,True,43942,43942,0.00015930089663647535,0.21885667470756906,297,0,0.08728974999394268,new_900_native_extension,1795624627851456093
stereographic,824,True,12,12,0.4166666666666667,0.5,1,0,4.558300133794546e-05,new_900_native_extension,3335631801111669956
stereographic,825,True,165,165,0.05454545454545454,0.07878787878787878,4,0,0.0002771669824142009,new_900_native_extension,10267447518612124087
stereographic,826,True,23,23,0.30434782608695654,0.34782608695652173,1,0,4.2916013626381755e-05,new_900_native_extension,6035995349801206742
stereographic,827,True,53455,53455,0.0003928538022635862,0.18507155551398372,333,0,0.0950584170059301,new_900_native_extension,11580517301906160924
stereographic,828,False,-1,1000000,0.0,0.178801,6590,0,1.7481702090008184,new_900_native_extension,16506993560521147969
stereographic,829,True,803641,803641,0.19740406475030517,1.1199030412833592e-05,5248,0,1.400980750011513,new_900_native_extension,296786219143771526
stereographic,830,True,3,3,0.6666666666666666,0.6666666666666666,2,0,0.00024608400417491794,new_900_native_extension,7652379224432846513
stereographic,831,False,-1,1000000,0.0,0.180426,6553,0,1.731458249996649,new_900_native_extension,3457964385869922732
stereographic,832,True,87,87,0.367816091954023,0.2413793103448276,3,0,0.00016058297478593886,new_900_native_extension,7537247953758615192
stereographic,833,True,57,57,0.3684210526315789,0.3333333333333333,4,0,9.762501576915383e-05,new_900_native_extension,2355736905316464789
stereographic,834,False,-1,1000000,0.0,0.197818,6513,0,1.7384080000047106,new_900_native_extension,8703791173943211101
stereographic,835,False,-1,1000000,0.189142,0.0,6486,0,1.7218088330118917,new_900_native_extension,7667696464348946714
stereographic,836,True,373495,373495,0.00011512871658255131,0.059093160551011395,2478,0,0.6468762500153389,new_900_native_extension,16110258979638235471
stereographic,837,True,22,22,0.2727272727272727,0.22727272727272727,3,0,0.0008141669968608767,new_900_native_extension,17038363667955237683
stereographic,838,True,122,122,0.3360655737704918,0.36885245901639346,3,0,0.00024350002058781683,new_900_native_extension,1292570518781371277
stereographic,839,True,352,352,0.14772727272727273,0.11363636363636363,29,0,0.0005821659869980067,new_900_native_extension,8527753660452856799
stereographic,840,False,-1,1000000,0.0,0.0,13746,0,1.7350891669921111,new_900_native_extension,3300067314167953714
stereographic,841,True,4,4,0.5,0.5,1,0,0.0003516249998938292,new_900_native_extension,10858347324854752327
stereographic,842,True,67,67,0.29850746268656714,0.19402985074626866,3,0,0.0002357920166105032,new_900_native_extension,17017812442536213638
stereographic,843,True,2008,2008,0.00099601593625498,0.28286852589641437,30,0,0.0034520830085966736,new_900_native_extension,14740121484432487652
stereographic,844,True,84,84,0.15476190476190477,0.27380952380952384,3,0,0.00031845798366703093,new_900_native_extension,12038689869233617886
stereographic,845,True,34,34,0.23529411764705882,0.2647058823529412,1,0,0.00011850000009872019,new_900_native_extension,16395713961696667415
stereographic,846,True,61,61,0.3770491803278688,0.32786885245901637,4,0,0.00019687498570419848,new_900_native_extension,4506742879326649591
stereographic,847,True,13,13,0.3076923076923077,0.3076923076923077,2,0,4.891701973974705e-05,new_900_native_extension,17481030042100320693
stereographic,848,False,-1,1000000,0.0,0.198818,6520,0,1.744394832989201,new_900_native_extension,3865871200162365221
stereographic,849,False,-1,1000000,0.0,0.187925,6401,0,1.7454307090083603,new_900_native_extension,5560961311744291858
stereographic,850,True,50,50,0.28,0.12,1,0,0.0002525830059312284,new_900_native_extension,17361918723808276199
stereographic,851,False,-1,1000000,0.0,0.204045,6520,0,1.8658061659953091,new_900_native_extension,4718588324148525575
stereographic,852,False,-1,1000000,0.0,0.0,6923,0,1.8119500419998076,new_900_native_extension,6223443719514231909
stereographic,853,True,2048,2048,0.12646484375,0.0205078125,33,0,0.0035681249864865094,new_900_native_extension,2265228662168121532
stereographic,854,False,-1,1000000,0.0,0.202929,6676,0,1.8213486669992562,new_900_native_extension,13446242206645620469
stereographic,855,True,78,78,0.32051282051282054,0.3717948717948718,3,0,0.0001418330066371709,new_900_native_extension,14357892450928547165
stereographic,856,True,1387,1387,0.18312905551550107,0.004325883201153569,20,0,0.0023079999955371022,new_900_native_extension,11340382446084277275
stereographic,857,False,-1,1000000,0.0,0.193923,6470,0,1.8300229590095114,new_900_native_extension,7231413155724274851
stereographic,858,True,14,14,0.5,0.5,2,0,0.0004562909889500588,new_900_native_extension,2501059235614916120
stereographic,859,True,25,25,0.48,0.44,3,0,9.629200212657452e-05,new_900_native_extension,8497417686135450907
stereographic,860,True,502,502,0.23904382470119523,0.03386454183266932,25,0,0.000966416992014274,new_900_native_extension,5151901407857908656
stereographic,861,True,5,5,0.4,0.6,1,0,0.00021562498295679688,new_900_native_extension,6537108718748264739
stereographic,862,True,1231,1231,0.24289195775792038,0.003249390739236393,7,0,0.0021212090214248747,new_900_native_extension,9554370825728120679
stereographic,863,True,149,149,0.2483221476510067,0.15436241610738255,3,0,0.00042883300920948386,new_900_native_extension,14421163146488421371
stereographic,864,False,-1,1000000,0.138481,0.0,6620,0,1.6974896250176243,new_900_native_extension,9665989520227410657
stereographic,865,True,6,6,0.6666666666666666,0.6666666666666666,1,0,0.0005869999877177179,new_900_native_extension,13227714148040187698
stereographic,866,False,-1,1000000,0.0,0.0,7978,0,1.7155664169986267,new_900_native_extension,9592652471410585530
stereographic,867,True,72,72,0.20833333333333334,0.2916666666666667,7,0,0.0002583330206107348,new_900_native_extension,8006046513109374893
stereographic,868,True,28251,28251,0.0018052458320059466,0.19549750451311457,190,0,0.048421166982734576,new_900_native_extension,17199330381797868594
stereographic,869,False,-1,1000000,0.0,0.0,7555,0,1.7091308330127504,new_900_native_extension,10667098369408486020
stereographic,870,True,35042,35042,0.0009417270703726956,0.20860681467952744,258,0,0.06231300000217743,new_900_native_extension,16959102507546482318
stereographic,871,True,2,2,1.0,1.0,1,0,0.00023516701185144484,new_900_native_extension,3090014817657594475
stereographic,872,True,329,329,0.3860182370820669,0.06990881458966565,11,0,0.000617124984273687,new_900_native_extension,3443956031020964611
stereographic,873,False,-1,1000000,0.0,0.193786,6421,0,1.7193640829937067,new_900_native_extension,2878322985602541363
stereographic,874,True,34,34,0.23529411764705882,0.38235294117647056,8,0,0.0003812909999396652,new_900_native_extension,12928626173862054298
stereographic,875,True,207317,207317,5.7882373370249424e-05,0.1816348876358427,1298,0,0.35357262499746867,new_900_native_extension,7043747235857899824
stereographic,876,False,-1,1000000,0.205394,0.0,6458,0,1.7165172079985496,new_900_native_extension,6249747599288039453
stereographic,877,True,96,96,0.25,0.3645833333333333,2,0,0.0003853329981211573,new_900_native_extension,1088944971177206542
stereographic,878,True,28466,28466,0.0043560739127380035,0.19363451134686996,182,0,0.04889025000738911,new_900_native_extension,570790938009202225
stereographic,879,True,393030,393030,0.20270971681551025,7.633005114113427e-06,2531,0,0.6731545419897884,new_900_native_extension,10421894079291638800
stereographic,880,False,-1,1000000,0.17323,0.0,6566,0,1.7321959999972023,new_900_native_extension,17928816664901873138
stereographic,881,True,438110,438110,0.2022528588710598,4.5650635685101914e-05,2911,0,0.7473081249918323,new_900_native_extension,6901948128317616217
stereographic,882,True,60,60,0.5,0.4666666666666667,4,0,0.00029600001289509237,new_900_native_extension,15314570205830730001
stereographic,883,True,1298,1298,0.24036979969183359,0.02234206471494607,8,0,0.002276707993587479,new_900_native_extension,8426752564231038146
stereographic,884,True,679,679,0.33578792341678937,0.011782032400589101,10,0,0.001149249990703538,new_900_native_extension,13346069163860639770
stereographic,885,True,1880,1880,0.0010638297872340426,0.23670212765957446,24,0,0.0031524579972028732,new_900_native_extension,9667163202883475099
stereographic,886,True,63,63,0.14285714285714285,0.14285714285714285,11,0,0.00021800000104121864,new_900_native_extension,9936487702129186490
stereographic,887,True,249,249,0.24096385542168675,0.2570281124497992,21,0,0.0004232079954817891,new_900_native_extension,11345749289797547593
stereographic,888,True,98,98,0.24489795918367346,0.17346938775510204,5,0,0.00016854199930094182,new_900_native_extension,6786108609871422614
stereographic,889,True,73,73,0.4246575342465753,0.1232876712328767,3,0,0.0002831250021699816,new_900_native_extension,11976748459807102524
stereographic,890,True,202,202,0.10891089108910891,0.27722772277227725,4,0,0.00034620799124240875,new_900_native_extension,1437132625456933361
stereographic,891,True,1682,1682,0.09453032104637336,0.007134363852556481,16,0,0.0028002499893773347,new_900_native_extension,10138642824010274656
stereographic,892,False,-1,1000000,0.0,0.115817,6450,0,1.8138319170102477,new_900_native_extension,2677320394018889519
stereographic,893,False,-1,1000000,0.168445,0.0,6488,0,1.8197934159834404,new_900_native_extension,3528143461079618688
stereographic,894,False,-1,1000000,0.197225,0.0,6617,0,1.8525009999866597,new_900_native_extension,11976578753868775096
stereographic,895,True,64444,64444,0.00026379492272360496,0.2268946682390913,466,0,0.11252600001171231,new_900_native_extension,9827655247670267994
stereographic,896,True,4,4,0.75,0.75,1,0,3.4500000765547156e-05,new_900_native_extension,12852516979013070604
stereographic,897,True,50,50,0.12,0.18,3,0,0.0011757919855881482,new_900_native_extension,9387709461395532410
stereographic,898,True,94,94,0.43617021276595747,0.3404255319148936,3,0,0.00016437500016763806,new_900_native_extension,5950642069944427983
stereographic,899,True,29,29,0.3793103448275862,0.3793103448275862,1,0,5.387500277720392e-05,new_900_native_extension,4094329947793099669
stereographic,900,True,177671,177671,0.17021348447411228,0.00015196627474376798,1169,0,0.3559655839926563,new_900_native_extension,16039799878752470073
stereographic,901,True,36180,36180,0.22603648424543946,0.001271420674405749,239,0,0.062186958006350324,new_900_native_extension,13375542129524111625
stereographic,902,True,46,46,0.32608695652173914,0.41304347826086957,2,0,0.0002434579946566373,new_900_native_extension,12685692355738513634
stereographic,903,True,3632,3632,0.23705947136563876,0.0008259911894273128,12,0,0.006369041977450252,new_900_native_extension,15679433768684105420
stereographic,904,True,2571,2571,0.20770128354725786,0.0011668611435239206,21,0,0.004434374975971878,new_900_native_extension,321680740508229258
stereographic,905,True,30636,30636,0.0003264133698916308,0.0624102363232798,198,0,0.05521491600666195,new_900_native_extension,10412756427583804346
stereographic,906,False,-1,1000000,0.196115,0.0,6588,0,1.8552210830093827,new_900_native_extension,2606507308809156954
stereographic,907,False,-1,1000000,0.0,0.13857,6950,0,1.8328537500055972,new_900_native_extension,5180599076537280858
stereographic,908,False,-1,1000000,0.0,0.165031,6515,0,1.829422374983551,new_900_native_extension,7153454621112971813
stereographic,909,False,-1,1000000,0.0,0.180265,6598,0,1.8408237920084503,new_900_native_extension,13268664360754444506
stereographic,910,True,134,134,0.13432835820895522,0.16417910447761194,5,0,0.00039429101161658764,new_900_native_extension,631627145269258338
stereographic,911,False,-1,1000000,0.183136,0.0,6596,0,1.806469917006325,new_900_native_extension,4931511784663299191
stereographic,912,False,-1,1000000,0.0,0.187253,6674,0,1.8161881659762003,new_900_native_extension,6252799016714478318
stereographic,913,True,46,46,0.43478260869565216,0.5,2,0,0.0004377499863039702,new_900_native_extension,4079609827223426100
stereographic,914,True,11,11,0.45454545454545453,0.45454545454545453,1,0,5.9542013332247734e-05,new_900_native_extension,9065494632421896112
stereographic,915,True,31,31,0.45161290322580644,0.45161290322580644,2,0,7.650000043213367e-05,new_900_native_extension,13796931963355954473
stereographic,916,True,35,35,0.42857142857142855,0.45714285714285713,2,0,6.487499922513962e-05,new_900_native_extension,3194911297763487876
stereographic,917,False,-1,1000000,0.0,0.0,7109,0,1.7958994159998838,new_900_native_extension,16573581268419585775
stereographic,918,False,-1,1000000,0.0,0.201319,6491,0,1.767711207998218,new_900_native_extension,174861695155144568
stereographic,919,True,64,64,0.234375,0.265625,7,0,0.0002989170025102794,new_900_native_extension,16917992876449923623
stereographic,920,False,-1,1000000,0.0,0.187799,6583,0,1.6990138750115875,new_900_native_extension,17993762438320234624
stereographic,921,False,-1,1000000,0.0,0.0,8425,0,1.7050176670018118,new_900_native_extension,9047725412791558484
stereographic,922,True,71789,71789,0.0002507347922383652,0.1967014445109975,475,0,0.13519333300064318,new_900_native_extension,8983605181463581240
stereographic,923,True,2287,2287,0.011805859204197638,0.25185832968954963,20,0,0.0038811250124126673,new_900_native_extension,469557129641487107
stereographic,924,False,-1,1000000,0.17714,0.0,6459,0,1.6845173749898095,new_900_native_extension,9331302537609810539
stereographic,925,True,824,824,0.006067961165048544,0.2645631067961165,8,0,0.0015577499871142209,new_900_native_extension,2448935855211086523
stereographic,926,False,-1,1000000,0.123007,0.0,6888,0,1.6788311670243274,new_900_native_extension,4639227641235168483
stereographic,927,False,-1,1000000,0.19097,0.0,6625,0,1.688261458009947,new_900_native_extension,4179145746066365305
stereographic,928,False,-1,1000000,0.181068,0.0,6423,0,1.6878518750017975,new_900_native_extension,11755038245813781509
stereographic,929,True,37,37,0.32432432432432434,0.2972972972972973,4,0,0.00035079201916232705,new_900_native_extension,9759948308221027843
stereographic,930,False,-1,1000000,0.0,0.1864,6635,0,1.6931980840163305,new_900_native_extension,16477589986808324723
stereographic,931,False,-1,1000000,0.166747,0.0,6607,0,1.6883983750012703,new_900_native_extension,1620566798677827606
stereographic,932,False,-1,1000000,0.204102,0.0,6454,0,1.681220166006824,new_900_native_extension,6733209388733427243
stereographic,933,False,-1,1000000,0.0,0.167602,6686,0,1.6866974580043461,new_900_native_extension,16025751867498111889
stereographic,934,False,-1,1000000,0.0,0.0,6991,0,1.6762348329939414,new_900_native_extension,7877471766692686901
stereographic,935,True,485,485,0.334020618556701,0.041237113402061855,14,0,0.000827458017738536,new_900_native_extension,10711904016583740076
stereographic,936,True,140896,140896,0.21616653418124007,0.00012775380422439247,907,0,0.23681500001112,new_900_native_extension,8308104440472362300
stereographic,937,False,-1,1000000,0.0,0.1794,6587,0,1.6903504579968285,new_900_native_extension,17016696859662065848
stereographic,938,True,4161,4161,0.0067291516462388845,0.20475847152126891,36,0,0.0072500419919379056,new_900_native_extension,13655543938843615777
stereographic,939,False,-1,1000000,0.115144,0.0,6636,0,1.67986158299027,new_900_native_extension,13187029158726615574
stereographic,940,False,-1,1000000,0.184934,0.0,6369,0,1.6803057919896673,new_900_native_extension,2366499737880293845
stereographic,941,True,6,6,0.5,0.6666666666666666,1,0,0.00022270798217505217,new_900_native_extension,17949173731553422194
stereographic,942,True,222,222,0.25225225225225223,0.26576576576576577,10,0,0.0004295840044505894,new_900_native_extension,9859776364047511466
stereographic,943,True,11,11,0.36363636363636365,0.5454545454545454,1,0,2.6458001229912043e-05,new_900_native_extension,1374548624758990230
stereographic,944,True,535413,535413,0.18021975559054412,9.338585353736274e-06,3460,0,0.8972760840260889,new_900_native_extension,12964418558666585725
stereographic,945,True,1224,1224,0.0032679738562091504,0.1772875816993464,10,0,0.002171750005800277,new_900_native_extension,16909947297965527547
stereographic,946,True,15,15,0.6666666666666666,0.6666666666666666,2,0,0.00026170897763222456,new_900_native_extension,2580860812260765913
stereographic,947,False,-1,1000000,0.0,0.194578,6583,0,1.6977718749840278,new_900_native_extension,15928490572292813257
stereographic,948,False,-1,1000000,0.202514,0.0,6586,0,1.6918237910140306,new_900_native_extension,16146603664430738021
stereographic,949,False,-1,1000000,0.0,0.185589,6419,0,1.6970103749772534,new_900_native_extension,1421379526660016304
stereographic,950,False,-1,1000000,0.0,0.0,7680,0,1.682630417024484,new_900_native_extension,6484880794111583429
stereographic,951,True,421,421,0.31353919239904987,0.040380047505938245,7,0,0.0007324170146603137,new_900_native_extension,12665537645830204283
stereographic,952,False,-1,1000000,0.0,0.186364,6510,0,1.6892534590151627,new_900_native_extension,3304463544056227240
stereographic,953,True,496,496,0.32056451612903225,0.05241935483870968,12,0,0.0008815000182949007,new_900_native_extension,15335429900555569339
stereographic,954,True,93,93,0.0967741935483871,0.21505376344086022,31,0,0.00037229200825095177,new_900_native_extension,6870183065593509519
stereographic,955,True,198,198,0.2777777777777778,0.06060606060606061,4,0,0.00040941699990071356,new_900_native_extension,8415915345968336863
stereographic,956,True,237,237,0.16455696202531644,0.3206751054852321,3,0,0.0004236249951645732,new_900_native_extension,8195347159180165936
stereographic,957,False,-1,1000000,0.0,0.198294,6558,0,1.6866700000246055,new_900_native_extension,7389315335073616515
stereographic,958,True,13,13,0.46153846153846156,0.46153846153846156,4,0,0.0002900830004364252,new_900_native_extension,9148996959333992513
stereographic,959,True,37,37,0.4594594594594595,0.43243243243243246,3,0,0.00012874999083578587,new_900_native_extension,17055867226444110773
stereographic,960,True,181,181,0.04419889502762431,0.19337016574585636,13,0,0.00030524999601766467,new_900_native_extension,6041831070382202450
stereographic,961,False,-1,1000000,0.0,0.203271,6464,0,1.6907228750060312,new_900_native_extension,13391361944918855777
stereographic,962,True,164,164,0.2865853658536585,0.2865853658536585,8,0,0.000401416007662192,new_900_native_extension,845691042898946872
stereographic,963,True,5726,5726,0.001047851903597625,0.062172546280125744,42,0,0.009859000012511387,new_900_native_extension,4980118808030040881
stereographic,964,True,14441,14441,0.21432033792673638,0.0015926874870161346,81,0,0.024935665976954624,new_900_native_extension,11206147427191933874
stereographic,965,True,18,18,0.5555555555555556,0.5,2,0,4.195800283923745e-05,new_900_native_extension,12245794618310704078
stereographic,966,True,63,63,0.2857142857142857,0.15873015873015872,1,0,0.00011091699707321823,new_900_native_extension,15967596288820440507
stereographic,967,True,11,11,0.45454545454545453,0.36363636363636365,2,0,2.2417021682485938e-05,new_900_native_extension,5599449178200380005
stereographic,968,False,-1,1000000,0.0,0.0,7127,0,1.6838459580030758,new_900_native_extension,6383747830275591605
stereographic,969,False,-1,1000000,0.202928,0.0,6570,0,1.6863958339963574,new_900_native_extension,11715446974958748415
stereographic,970,True,15548,15548,0.20028299459737586,0.00038590172369436584,206,0,0.026054999994812533,new_900_native_extension,13562048585617578081
stereographic,971,False,-1,1000000,0.0,0.0,7809,0,1.6886518750106916,new_900_native_extension,7436013746931577849
stereographic,972,True,834,834,0.2182254196642686,0.007194244604316547,5,0,0.0014371669967658818,new_900_native_extension,17559326130270040162
stereographic,973,True,91,91,0.2857142857142857,0.3076923076923077,6,0,0.0001678749977145344,new_900_native_extension,17983556527870004244
stereographic,974,True,30204,30204,9.932459276916965e-05,0.2243080386703748,199,0,0.05198133402154781,new_900_native_extension,6066900648690690257
stereographic,975,True,146,146,0.3835616438356164,0.3561643835616438,5,0,0.0004214579821564257,new_900_native_extension,7150842435612079737
stereographic,976,True,6,6,0.8333333333333334,0.5,1,0,6.512500112876296e-05,new_900_native_extension,16885751019953074213
stereographic,977,True,2,2,1.0,1.0,1,0,9.624985978007317e-06,new_900_native_extension,7436713050767513210
stereographic,978,True,32,32,0.09375,0.3125,1,0,5.816700286231935e-05,new_900_native_extension,433047416493350717
stereographic,979,True,41,41,0.34146341463414637,0.2682926829268293,3,0,7.087501580826938e-05,new_900_native_extension,15261276028271118716
stereographic,980,False,-1,1000000,0.0,0.11106,6463,0,1.6987541250127833,new_900_native_extension,10233327121124507208
stereographic,981,True,7,7,0.5714285714285714,0.5714285714285714,1,0,0.00018541698227636516,new_900_native_extension,5104586786566713510
stereographic,982,False,-1,1000000,0.0,0.178703,6719,0,1.6920758330088574,new_900_native_extension,16468737513848343641
stereographic,983,True,177,177,0.288135593220339,0.2768361581920904,5,0,0.0005508750036824495,new_900_native_extension,4765642902881898281
stereographic,984,False,-1,1000000,0.203955,0.0,6443,0,1.6879315830010455,new_900_native_extension,5447039410670913020
stereographic,985,False,-1,1000000,0.0,0.181352,6706,0,1.68866662500659,new_900_native_extension,16507625185552785833
stereographic,986,True,7229,7229,0.1462166274726795,0.0008299903167796375,61,0,0.01208549999864772,new_900_native_extension,1743280091964949219
stereographic,987,True,1955,1955,0.0020460358056265983,0.25933503836317134,20,0,0.004308125004172325,new_900_native_extension,2837017901993743295
stereographic,988,True,4,4,1.0,0.75,1,0,3.220900543965399e-05,new_900_native_extension,12412713534836793912
stereographic,989,True,10,10,0.2,0.3,4,0,4.320798325352371e-05,new_900_native_extension,8771993090592040809
stereographic,990,False,-1,1000000,0.0,0.162659,6613,0,1.6855195839889348,new_900_native_extension,9754304204505754718
stereographic,991,True,458791,458791,4.359283420991257e-05,0.13055399953355667,3041,0,0.774579332995927,new_900_native_extension,1722659789227542357
stereographic,992,False,-1,1000000,0.188355,0.0,6713,0,1.6996087089937646,new_900_native_extension,7695542145871843766
stereographic,993,True,596,596,0.013422818791946308,0.026845637583892617,12,0,0.0010168330045416951,new_900_native_extension,15509869394274146594
stereographic,994,True,87,87,0.06896551724137931,0.06896551724137931,13,0,0.00014820901560597122,new_900_native_extension,7290448161629598357
stereographic,995,True,1908,1908,0.03878406708595388,0.2279874213836478,17,0,0.003265125007601455,new_900_native_extension,9354516093864312324
stereographic,996,False,-1,1000000,0.0,0.180081,6636,0,1.697292208991712,new_900_native_extension,1421034487507115212
stereographic,997,True,107,107,0.24299065420560748,0.2897196261682243,4,0,0.0003922920150216669,new_900_native_extension,10620469865128303560
stereographic,998,False,-1,1000000,0.0,0.172783,6521,0,1.6934324169997126,new_900_native_extension,5814857819361176551
stereographic,999,False,-1,1000000,0.0,0.184515,6578,0,1.675799416989321,new_900_native_extension,12674382491906564073
euclidean,0,True,112691,112691,0.005546139443256338,0.3482709355671704,31,0,2.130180209001992,reused_original_100rep,original_shard_seeds
euclidean,1,True,3972,3972,0.28323262839879154,0.08585095669687814,3,0,0.05782391698448919,reused_original_100rep,original_shard_seeds
euclidean,2,True,123623,123623,0.7915274665717544,0.2636240828971955,3,0,1.8039877499977592,reused_original_100rep,original_shard_seeds
euclidean,3,True,18113,18113,0.611936178435378,0.44973223651521005,2,0,0.2605270839994773,reused_original_100rep,original_shard_seeds
euclidean,4,True,13865,13865,0.23317706455102777,0.05531914893617021,10,0,0.21058354200795293,reused_original_100rep,original_shard_seeds
euclidean,5,True,57988,57988,0.0006208181002966131,0.0016037800924329172,12,0,0.8348180839966517,reused_original_100rep,original_shard_seeds
euclidean,6,True,11081,11081,0.6733146827903619,0.4746864001443913,1,0,0.16095304198097438,reused_original_100rep,original_shard_seeds
euclidean,7,True,10690,10690,0.5247895229186156,0.20729653882132834,1,0,0.15667133298120461,reused_original_100rep,original_shard_seeds
euclidean,8,True,400792,400792,0.8915148006946246,0.3577741072676101,1,0,5.886259624996455,reused_original_100rep,original_shard_seeds
euclidean,9,True,43710,43710,0.18030199039121483,0.02095630290551361,3,0,0.6329559160221834,reused_original_100rep,original_shard_seeds
euclidean,10,True,136333,136333,0.6928183198491927,0.23241621617656766,6,0,1.7257354999892414,reused_original_100rep,original_shard_seeds
euclidean,11,True,5632,5632,0.05184659090909091,0.10316051136363637,2,0,0.0706572080089245,reused_original_100rep,original_shard_seeds
euclidean,12,True,9992,9992,0.4023218574859888,0.08086469175340272,15,0,0.13764100000844337,reused_original_100rep,original_shard_seeds
euclidean,13,True,128891,128891,0.28418586247294225,0.004825783025967678,3,0,1.6014875000109896,reused_original_100rep,original_shard_seeds
euclidean,14,True,6572,6572,0.4491783323189288,0.22337188070602557,1,0,0.08300129100098275,reused_original_100rep,original_shard_seeds
euclidean,15,True,3893,3893,0.013100436681222707,0.015669149755972257,37,0,0.04875049999100156,reused_original_100rep,original_shard_seeds
euclidean,16,True,12981,12981,0.014251598490100917,0.01394345582004468,85,0,0.1639746250002645,reused_original_100rep,original_shard_seeds
euclidean,17,True,48871,48871,0.1738249677722985,0.7311084283112684,7,0,0.61174583400134,reused_original_100rep,original_shard_seeds
euclidean,18,True,6100,6100,0.05557377049180328,0.09639344262295083,7,0,0.07637266698293388,reused_original_100rep,original_shard_seeds
euclidean,19,True,13160,13160,0.4856382978723404,0.12492401215805471,2,0,0.16567650000797585,reused_original_100rep,original_shard_seeds
euclidean,20,True,12518,12518,0.5837993289662885,0.41252596261383606,2,0,0.15709808300016448,reused_original_100rep,original_shard_seeds
euclidean,21,True,15470,15470,0.5485455720749839,0.2798965740142211,1,0,0.19382225000299513,reused_original_100rep,original_shard_seeds
euclidean,22,True,4618,4618,0.6132524902555219,0.6403204850584668,1,0,0.057712000008905306,reused_original_100rep,original_shard_seeds
euclidean,23,True,48009,48009,0.22514528525901392,0.5852236039076006,4,0,0.6069798330136109,reused_original_100rep,original_shard_seeds
euclidean,24,True,13712,13712,0.35421528588098017,0.03208868144690782,3,0,0.17403475000173785,reused_original_100rep,original_shard_seeds
euclidean,25,True,32680,32680,0.6165850673194615,0.27980416156670745,6,0,0.8646390000067186,reused_original_100rep,original_shard_seeds
euclidean,26,True,43180,43180,0.039578508568781846,0.16496062992125984,44,0,0.6462044579966459,reused_original_100rep,original_shard_seeds
euclidean,27,True,16981,16981,0.47146811141864436,0.08050173723573406,6,0,0.2696810829802416,reused_original_100rep,original_shard_seeds
euclidean,28,True,36512,36512,0.3920628834355828,0.7250766871165644,2,0,0.5414305419835728,reused_original_100rep,original_shard_seeds
euclidean,29,True,4345,4345,0.019102416570771,0.04395857307249712,22,0,0.06605029202182777,reused_original_100rep,original_shard_seeds
euclidean,30,True,100670,100670,0.8305453461805901,0.10307936823283997,1,0,1.4763201669848058,reused_original_100rep,original_shard_seeds
euclidean,31,True,5551,5551,0.3114754098360656,0.16303368762385156,6,0,0.07867195800645277,reused_original_100rep,original_shard_seeds
euclidean,32,True,16115,16115,0.23971455165994415,0.39230530561588584,2,0,0.22490025000297464,reused_original_100rep,original_shard_seeds
euclidean,33,True,8725,8725,0.13810888252148998,0.06269340974212034,1,0,0.12331579098827206,reused_original_100rep,original_shard_seeds
euclidean,34,True,1621,1621,0.07772979642196175,0.06909315237507711,21,0,0.022273709008004516,reused_original_100rep,original_shard_seeds
euclidean,35,False,-1,1000000,0.298072,0.976635,0,0,14.643554625014076,reused_original_100rep,original_shard_seeds
euclidean,36,True,31472,31472,0.2759278088459583,0.15178571428571427,1,0,0.4952528750000056,reused_original_100rep,original_shard_seeds
euclidean,37,True,22880,22880,0.23592657342657342,0.6795017482517482,6,0,0.33359720901353285,reused_original_100rep,original_shard_seeds
euclidean,38,True,113880,113880,0.7442132068844398,0.2686599929750615,4,0,1.697989125008462,reused_original_100rep,original_shard_seeds
euclidean,39,True,21662,21662,0.46385375311605576,0.25625519342627645,9,0,0.3167827920115087,reused_original_100rep,original_shard_seeds
euclidean,40,True,19488,19488,0.024989737274220034,0.5123152709359606,3,0,0.2883429169887677,reused_original_100rep,original_shard_seeds
euclidean,41,True,18740,18740,0.15864461045891143,0.5336712913553895,2,0,0.2666222919942811,reused_original_100rep,original_shard_seeds
euclidean,42,True,18356,18356,0.11603835258226193,0.03186968838526912,26,0,0.27709670798503794,reused_original_100rep,original_shard_seeds
euclidean,43,True,3832,3832,0.15501043841336118,0.07463465553235908,8,0,0.057675749994814396,reused_original_100rep,original_shard_seeds
euclidean,44,True,8851,8851,0.32595186984521524,0.05637781041690205,3,0,0.13088833299116232,reused_original_100rep,original_shard_seeds
euclidean,45,True,14853,14853,0.05399582575910591,0.17760721739715882,1,0,0.21567741598119028,reused_original_100rep,original_shard_seeds
euclidean,46,True,27052,27052,0.3982330326778057,0.19935679432204642,2,0,0.3951318750041537,reused_original_100rep,original_shard_seeds
euclidean,47,True,35041,35041,0.26862817841956566,0.024942210553351787,1,0,0.5119166249933187,reused_original_100rep,original_shard_seeds
euclidean,48,True,8320,8320,0.16201923076923078,0.05,3,0,0.1263306670007296,reused_original_100rep,original_shard_seeds
euclidean,49,True,15655,15655,0.42082401788565954,0.7041839667837752,3,0,0.2327308340172749,reused_original_100rep,original_shard_seeds
euclidean,50,True,23185,23185,0.0190640500323485,0.18602544748759975,7,0,1.1008175000024494,reused_original_100rep,original_shard_seeds
euclidean,51,True,5542,5542,0.07109346806207145,0.06802598339949477,4,0,0.114891166012967,reused_original_100rep,original_shard_seeds
euclidean,52,True,125071,125071,0.31435744497125634,0.8092203628339103,1,0,2.537847833998967,reused_original_100rep,original_shard_seeds
euclidean,53,True,9399,9399,0.5082455580380891,0.38833918501968295,6,0,0.19393291699816473,reused_original_100rep,original_shard_seeds
euclidean,54,True,15472,15472,0.004718200620475698,0.0043950361944157185,167,0,0.3310252499941271,reused_original_100rep,original_shard_seeds
euclidean,55,True,4205,4205,0.08585017835909631,0.15267538644470868,1,0,0.09363345897872932,reused_original_100rep,original_shard_seeds
euclidean,56,True,5622,5622,0.3557452863749555,0.5713269299181786,1,0,0.1330757090181578,reused_original_100rep,original_shard_seeds
euclidean,57,True,1656,1656,0.37620772946859904,0.4245169082125604,1,0,0.03192770900204778,reused_original_100rep,original_shard_seeds
euclidean,58,True,10949,10949,0.05397753219472098,0.1275915608731391,48,0,0.22417649999260902,reused_original_100rep,original_shard_seeds
euclidean,59,True,1791,1791,0.11222780569514237,0.08375209380234507,4,0,0.03646795899840072,reused_original_100rep,original_shard_seeds
euclidean,60,True,19126,19126,0.343877444316637,0.7154658579943532,2,0,0.40594308299478143,reused_original_100rep,original_shard_seeds
euclidean,61,True,13449,13449,0.010186630976280765,0.04855379582125065,12,0,0.2572154589870479,reused_original_100rep,original_shard_seeds
euclidean,62,True,22396,22396,0.06233255938560457,0.3707804965172352,3,0,0.46228979199077,reused_original_100rep,original_shard_seeds
euclidean,63,True,89858,89858,0.14064412740101048,0.004117607781165839,2,0,1.9750280420121271,reused_original_100rep,original_shard_seeds
euclidean,64,True,6884,6884,0.1841952353282975,0.07335851249273678,13,0,0.1528789589938242,reused_original_100rep,original_shard_seeds
euclidean,65,True,337,337,0.27299703264094954,0.27299703264094954,5,0,0.006989499990595505,reused_original_100rep,original_shard_seeds
euclidean,66,True,26872,26872,0.09355462935397439,0.013657338493599286,2,0,0.5445961249934044,reused_original_100rep,original_shard_seeds
euclidean,67,True,5918,5918,0.3727610679283542,0.2211895910780669,1,0,0.11535433298558928,reused_original_100rep,original_shard_seeds
euclidean,68,True,8850,8850,0.33728813559322035,0.5776271186440678,2,0,0.19000391601002775,reused_original_100rep,original_shard_seeds
euclidean,69,True,173444,173444,0.21331380733839164,0.8098982957035123,4,0,3.566886249987874,reused_original_100rep,original_shard_seeds
euclidean,70,True,120739,120739,0.020068080736133313,0.7162225958472408,9,0,2.38598379198811,reused_original_100rep,original_shard_seeds
euclidean,71,True,44493,44493,0.39552289124131884,0.044793563032387115,3,0,0.9147683340124786,reused_original_100rep,original_shard_seeds
euclidean,72,True,5835,5835,0.31859468723221934,0.09905741216795201,7,0,0.12415829199017026,reused_original_100rep,original_shard_seeds
euclidean,73,True,2302,2302,0.0421372719374457,0.13075586446568202,2,0,0.04463520800345577,reused_original_100rep,original_shard_seeds
euclidean,74,True,42074,42074,0.2382944336169606,0.4297903693492418,30,0,0.8453610840078909,reused_original_100rep,original_shard_seeds
euclidean,75,True,6023,6023,0.1210360285571974,0.23592893906691018,2,0,0.5876069579971954,reused_original_100rep,original_shard_seeds
euclidean,76,True,45276,45276,0.22744942132697235,0.0033130135170951498,2,0,0.9349064170091879,reused_original_100rep,original_shard_seeds
euclidean,77,True,6195,6195,0.3962873284907183,0.2797417271993543,1,0,0.14973266600281931,reused_original_100rep,original_shard_seeds
euclidean,78,True,1851,1851,0.4613722312263641,0.41707185305240413,1,0,0.040825208008755,reused_original_100rep,original_shard_seeds
euclidean,79,True,388618,388618,0.24505040939946168,0.8942740686226577,5,0,7.953664708998986,reused_original_100rep,original_shard_seeds
euclidean,80,True,18673,18673,0.4647351791356504,0.18491940234563273,6,0,0.3630120830202941,reused_original_100rep,original_shard_seeds
euclidean,81,True,1789,1789,0.4986025712688653,0.4879821129122415,3,0,0.03696283299359493,reused_original_100rep,original_shard_seeds
euclidean,82,True,2317,2317,0.33923176521363835,0.29736728528269313,1,0,0.04294162499718368,reused_original_100rep,original_shard_seeds
euclidean,83,True,656,656,0.09908536585365854,0.11280487804878049,9,0,0.01347266702214256,reused_original_100rep,original_shard_seeds
euclidean,84,True,5483,5483,0.08918475287251505,0.04048878351267554,2,0,0.10625979100586846,reused_original_100rep,original_shard_seeds
euclidean,85,True,10806,10806,0.10688506385341477,0.027947436609291134,58,0,0.20770683299633674,reused_original_100rep,original_shard_seeds
euclidean,86,True,5283,5283,0.5947378383494227,0.4143479083853871,2,0,0.10120754200033844,reused_original_100rep,original_shard_seeds
euclidean,87,True,25631,25631,0.6021224298700792,0.30197807342670985,1,0,0.5035692499950528,reused_original_100rep,original_shard_seeds
euclidean,88,True,3453,3453,0.597161888213148,0.5554590211410367,1,0,0.0701401250262279,reused_original_100rep,original_shard_seeds
euclidean,89,True,26052,26052,0.03243512974051896,0.19411177644710578,4,0,0.5138333330105525,reused_original_100rep,original_shard_seeds
euclidean,90,True,7126,7126,0.14285714285714285,0.3428290766208251,1,0,0.1471037500014063,reused_original_100rep,original_shard_seeds
euclidean,91,True,1475,1475,0.3464406779661017,0.29627118644067796,6,0,0.022695250023389235,reused_original_100rep,original_shard_seeds
euclidean,92,True,213073,213073,0.0009668048039873659,0.2654864764658122,60,0,4.385567874996923,reused_original_100rep,original_shard_seeds
euclidean,93,True,1919,1919,0.1709223553934341,0.19072433559145388,4,0,0.04557266700430773,reused_original_100rep,original_shard_seeds
euclidean,94,True,17721,17721,0.24755939281078945,0.046724225495175215,6,0,0.35933554099756293,reused_original_100rep,original_shard_seeds
euclidean,95,True,134409,134409,0.8265592333846692,0.20443571487028397,2,0,2.574736375012435,reused_original_100rep,original_shard_seeds
euclidean,96,True,75953,75953,0.18811633510197096,0.7694100298869038,8,0,1.3413594999874476,reused_original_100rep,original_shard_seeds
euclidean,97,True,27243,27243,0.17083287449987153,0.42803655985023675,1,0,0.48520720802480355,reused_original_100rep,original_shard_seeds
euclidean,98,True,4581,4581,0.2944771883868151,0.1462562759222877,4,0,0.0934084580221679,reused_original_100rep,original_shard_seeds
euclidean,99,True,1225,1225,0.09877551020408164,0.1306122448979592,5,0,0.026283459010301158,reused_original_100rep,original_shard_seeds
euclidean,100,True,3964,3964,0.005802219979818365,0.0052976791120080725,8,0,0.3120969792435062,new_900_extension,26092943
euclidean,101,True,8876,8876,0.198400180261379,0.4075033799008562,2,0,0.3120969792435062,new_900_extension,26092943
euclidean,102,True,10201,10201,0.4647583570238212,0.17312028232526222,1,0,0.3120969792435062,new_900_extension,26092943
euclidean,103,True,20440,20440,0.36164383561643837,0.10909980430528375,5,0,0.3120969792435062,new_900_extension,26092943
euclidean,104,True,12013,12013,0.2762840256388912,0.20078248564055606,1,0,0.2385689789953176,new_900_extension,26092943
euclidean,105,True,5953,5953,0.6600033596505963,0.7218209306232152,1,0,0.2385689789953176,new_900_extension,26092943
euclidean,106,True,554,554,0.41335740072202165,0.4007220216606498,1,0,0.2385689789953176,new_900_extension,26092943
euclidean,107,True,12443,12443,0.5796833561038335,0.38318733424415335,1,0,0.2385689789953176,new_900_extension,26092943
euclidean,108,True,14255,14255,0.3862504384426517,0.1706068046299544,8,0,10.880753999997978,new_900_extension,26092943
euclidean,109,True,767,767,0.4041720990873533,0.3898305084745763,4,0,10.880753999997978,new_900_extension,26092943
euclidean,110,True,15809,15809,0.16604465810614208,0.5267885381744576,2,0,10.880753999997978,new_900_extension,26092943
euclidean,111,False,-1,1000000,0.99457,0.285772,0,0,10.880753999997978,new_900_extension,26092943
euclidean,112,True,40869,40869,0.25532799921701044,0.0623210746531601,1,0,0.4561139272482251,new_900_extension,26092943
euclidean,113,True,1092,1092,0.16758241758241757,0.23351648351648352,6,0,0.4561139272482251,new_900_extension,26092943
euclidean,114,True,1658,1658,0.3528347406513872,0.24004825090470447,1,0,0.4561139272482251,new_900_extension,26092943
euclidean,115,True,45386,45386,0.2428061516767285,0.01994006962499449,1,0,0.4561139272482251,new_900_extension,26092943
euclidean,116,True,15472,15472,0.06101344364012409,0.24586349534643226,50,0,0.17617576024349546,new_900_extension,26092943
euclidean,117,True,14069,14069,0.2929134977610349,0.15004620086715473,10,0,0.17617576024349546,new_900_extension,26092943
euclidean,118,True,5531,5531,0.08714518170312782,0.05966371361417465,14,0,0.17617576024349546,new_900_extension,26092943
euclidean,119,True,3654,3654,0.15790914066776135,0.20552818828680897,1,0,0.17617576024349546,new_900_extension,26092943
euclidean,120,True,680981,680981,0.28022220884283117,0.0008487755164975234,13,0,7.163939458245295,new_900_extension,26092943
euclidean,121,True,382184,382184,0.27574414418186005,0.00120099219224248,18,0,7.163939458245295,new_900_extension,26092943
euclidean,122,True,37322,37322,0.08014039976421414,0.4288355393601629,28,0,7.163939458245295,new_900_extension,26092943
euclidean,123,True,33981,33981,0.05461875754097878,0.25349459992348666,126,0,7.163939458245295,new_900_extension,26092943
euclidean,124,True,14325,14325,0.4962652705061082,0.07706806282722513,9,0,0.1673837812486454,new_900_extension,26092943
euclidean,125,True,15511,15511,0.2334472309973567,0.10914834633485913,1,0,0.1673837812486454,new_900_extension,26092943
euclidean,126,True,12517,12517,0.12471039386434449,0.5734600942717903,4,0,0.1673837812486454,new_900_extension,26092943
euclidean,127,True,7405,7405,0.45280216070222823,0.08305199189736664,9,0,0.1673837812486454,new_900_extension,26092943
euclidean,128,True,4628,4628,0.05704407951598963,0.0862143474503025,27,0,0.231642823004222,new_900_extension,26092943
euclidean,129,True,23217,23217,0.40035318947323084,0.8030322608433476,1,0,0.231642823004222,new_900_extension,26092943
euclidean,130,True,1884,1884,0.1464968152866242,0.2489384288747346,3,0,0.231642823004222,new_900_extension,26092943
euclidean,131,True,8432,8432,0.09760436432637572,0.20920303605313093,3,0,0.231642823004222,new_900_extension,26092943
euclidean,132,True,24806,24806,0.06655647827138596,0.26812061598000486,46,0,0.3519968957552919,new_900_extension,26092943
euclidean,133,True,35189,35189,0.34945579584529257,0.674102702549092,1,0,0.3519968957552919,new_900_extension,26092943
euclidean,134,True,7736,7736,0.11776111685625647,0.06812306101344363,2,0,0.3519968957552919,new_900_extension,26092943
euclidean,135,True,21896,21896,0.005434782608695652,0.0038363171355498722,58,0,0.3519968957552919,new_900_extension,26092943
euclidean,136,True,58731,58731,0.588054008956088,0.13989205019495668,1,0,0.6047524269961286,new_900_extension,26092943
euclidean,137,True,1443,1443,0.21413721413721415,0.24532224532224534,7,0,0.6047524269961286,new_900_extension,26092943
euclidean,138,True,17934,17934,0.16995650719304115,0.5944016951042712,4,0,0.6047524269961286,new_900_extension,26092943
euclidean,139,True,10712,10712,0.11295743091859596,0.4558439133681852,2,0,0.6047524269961286,new_900_extension,26092943
euclidean,140,True,8068,8068,0.3761774913237481,0.2389687654933069,8,0,0.09467835425311932,new_900_extension,26092943
euclidean,141,True,6334,6334,0.06188822229239027,0.1537732870224187,37,0,0.09467835425311932,new_900_extension,26092943
euclidean,142,True,6052,6052,0.16176470588235295,0.06642432253800397,6,0,0.09467835425311932,new_900_extension,26092943
euclidean,143,True,3432,3432,0.3327505827505827,0.17336829836829837,1,0,0.09467835425311932,new_900_extension,26092943
euclidean,144,True,588182,588182,0.037184068876640226,0.5503092580187765,3,0,10.825094447747688,new_900_extension,26092943
euclidean,145,False,-1,1000000,1.3e-05,0.285803,0,0,10.825094447747688,new_900_extension,26092943
euclidean,146,True,1713,1713,0.2025685931115003,0.24401634559252772,10,0,10.825094447747688,new_900_extension,26092943
euclidean,147,True,38396,38396,0.22043962912803416,0.03883217001771018,12,0,10.825094447747688,new_900_extension,26092943
euclidean,148,True,23035,23035,0.6563924462774039,0.3006294768830041,3,0,0.4280076354989433,new_900_extension,26092943
euclidean,149,True,1406,1406,0.18634423897581792,0.2283072546230441,1,0,0.4280076354989433,new_900_extension,26092943
euclidean,150,True,40672,40672,0.6195662863886703,0.15128343823760818,3,0,0.4280076354989433,new_900_extension,26092943
euclidean,151,True,31787,31787,0.6723188724950452,0.44121810803158523,1,0,0.4280076354989433,new_900_extension,26092943
euclidean,152,True,15777,15777,0.1829245103631869,0.023832160740318183,5,0,1.3137964270063094,new_900_extension,26092943
euclidean,153,True,37385,37385,0.27856092015514244,0.028326869065133074,3,0,1.3137964270063094,new_900_extension,26092943
euclidean,154,True,129319,129319,0.8020089855319017,0.2853409011823475,1,0,1.3137964270063094,new_900_extension,26092943
euclidean,155,True,25977,25977,0.6534626785233091,0.31316164299187743,11,0,1.3137964270063094,new_900_extension,26092943
euclidean,156,True,8507,8507,0.10438462442694252,0.2211120253908546,10,0,2.3738652187457774,new_900_extension,26092943
euclidean,157,True,247121,247121,0.8509070455363972,0.403442038515545,2,0,2.3738652187457774,new_900_extension,26092943
euclidean,158,True,4877,4877,0.18659011687512816,0.12999794955915522,4,0,2.3738652187457774,new_900_extension,26092943
euclidean,159,True,18690,18690,0.09031567683253076,0.3375066880684858,10,0,2.3738652187457774,new_900_extension,26092943
euclidean,160,True,631857,631857,0.3044961122532472,0.0004890347024722366,31,0,7.538329823000822,new_900_extension,26092943
euclidean,161,True,25410,25410,0.29496261314443134,0.05450609996064541,3,0,7.538329823000822,new_900_extension,26092943
euclidean,162,True,18322,18322,0.17252483353345704,0.45715533238729394,3,0,7.538329823000822,new_900_extension,26092943
euclidean,163,True,1753,1753,0.06046776953793497,0.07358813462635481,7,0,7.538329823000822,new_900_extension,26092943
euclidean,164,True,606,606,0.2722772277227723,0.23597359735973597,6,0,0.4975622707497678,new_900_extension,26092943
euclidean,165,True,41944,41944,0.03693019263780278,0.10835876406637421,2,0,0.4975622707497678,new_900_extension,26092943
euclidean,166,True,7183,7183,0.06919114576082416,0.03327300570792148,44,0,0.4975622707497678,new_900_extension,26092943
euclidean,167,True,35483,35483,0.0079474678014824,0.24090409491869347,1,0,0.4975622707497678,new_900_extension,26092943
euclidean,168,True,20745,20745,0.5766690768859967,0.25085562786213544,6,0,0.3487343124943436,new_900_extension,26092943
euclidean,169,True,3128,3128,0.19501278772378516,0.07161125319693094,5,0,0.3487343124943436,new_900_extension,26092943
euclidean,170,True,31499,31499,0.1747039588558367,0.018572018159306643,1,0,0.3487343124943436,new_900_extension,26092943
euclidean,171,True,6169,6169,0.1387583076673691,0.04506402982655212,11,0,0.3487343124943436,new_900_extension,26092943
euclidean,172,True,17413,17413,0.13156836846034572,0.0331361626371102,4,0,0.36247734374774154,new_900_extension,26092943
euclidean,173,True,2605,2605,0.17044145873320538,0.09865642994241842,3,0,0.36247734374774154,new_900_extension,26092943
euclidean,174,True,17789,17789,0.28967339367024564,0.20956771038282085,7,0,0.36247734374774154,new_900_extension,26092943
euclidean,175,True,30988,30988,0.15112301536078482,0.33632373822124695,1,0,0.36247734374774154,new_900_extension,26092943
euclidean,176,True,789,789,0.46261089987325726,0.4740177439797212,1,0,2.367144489500788,new_900_extension,26092943
euclidean,177,True,188198,188198,0.2416922602790678,0.723541164093136,5,0,2.367144489500788,new_900_extension,26092943
euclidean,178,True,4514,4514,0.2899867080194949,0.2361541869738591,1,0,2.367144489500788,new_900_extension,26092943
euclidean,179,True,7430,7430,0.5001345895020188,0.6262449528936743,1,0,2.367144489500788,new_900_extension,26092943
euclidean,180,True,39480,39480,0.5448581560283688,0.19473150962512664,19,0,11.160335406246304,new_900_extension,26092943
euclidean,181,False,-1,1000000,0.276299,0.982602,0,0,11.160335406246304,new_900_extension,26092943
euclidean,182,True,25323,25323,0.19006436836077875,0.4480116889783991,4,0,11.160335406246304,new_900_extension,26092943
euclidean,183,True,47975,47975,0.09944762897342366,0.22893173527879104,1,0,11.160335406246304,new_900_extension,26092943
euclidean,184,True,14006,14006,0.33899757246894185,0.6328002284735114,3,0,3.7601367292445502,new_900_extension,26092943
euclidean,185,True,346,346,0.3815028901734104,0.3699421965317919,2,0,3.7601367292445502,new_900_extension,26092943
euclidean,186,True,6774,6774,0.0070859167404783,0.013433717153823443,60,0,3.7601367292445502,new_900_extension,26092943
euclidean,187,True,337541,337541,0.41701896954740314,0.8700780053386107,1,0,3.7601367292445502,new_900_extension,26092943
euclidean,188,True,4175,4175,0.1837125748502994,0.11113772455089821,84,0,0.37330591674981406,new_900_extension,26092943
euclidean,189,True,6790,6790,0.2650957290132548,0.17245949926362297,2,0,0.37330591674981406,new_900_extension,26092943
euclidean,190,True,32249,32249,0.1649663555459084,0.055288536078638095,4,0,0.37330591674981406,new_900_extension,26092943
euclidean,191,True,1164,1164,0.23281786941580757,0.23539518900343642,2,0,0.37330591674981406,new_900_extension,26092943
euclidean,192,True,16030,16030,0.14684965689332502,0.3123518402994386,1,0,0.4144536147505278,new_900_extension,26092943
euclidean,193,True,38038,38038,0.48159735001840265,0.046874178453125824,16,0,0.4144536147505278,new_900_extension,26092943
euclidean,194,True,2954,2954,0.027081922816519974,0.02911306702775897,26,0,0.4144536147505278,new_900_extension,26092943
euclidean,195,True,1962,1962,0.08307849133537207,0.11977573904179409,10,0,0.4144536147505278,new_900_extension,26092943
euclidean,196,True,27996,27996,0.007251035862266038,0.06075867981140163,52,0,1.462587052003073,new_900_extension,26092943
euclidean,197,True,8800,8800,0.17125,0.3125,3,0,1.462587052003073,new_900_extension,26092943
euclidean,198,True,133036,133036,0.5204831774857933,0.8214618599476833,2,0,1.462587052003073,new_900_extension,26092943
euclidean,199,True,15986,15986,0.02996371825347179,0.18040785687476543,358,0,1.462587052003073,new_900_extension,26092943
euclidean,200,True,18633,18633,0.4514034240326303,0.023775022808994795,4,0,1.298259218747262,new_900_extension,26092943
euclidean,201,True,22605,22605,0.03485954434859544,0.2787878787878788,11,0,1.298259218747262,new_900_extension,26092943
euclidean,202,True,28025,28025,0.42840321141837645,0.23165031222123103,1,0,1.298259218747262,new_900_extension,26092943
euclidean,203,True,113450,113450,0.6074482150727193,0.07826355222565007,46,0,1.298259218747262,new_900_extension,26092943
euclidean,204,True,748,748,0.11764705882352941,0.10962566844919786,2,0,0.35905828124668915,new_900_extension,26092943
euclidean,205,True,13559,13559,0.08024190574526145,0.1724315952503872,7,0,0.35905828124668915,new_900_extension,26092943
euclidean,206,True,363,363,0.17355371900826447,0.1763085399449036,1,0,0.35905828124668915,new_900_extension,26092943
euclidean,207,True,32840,32840,0.020797807551766138,0.2845615103532278,1,0,0.35905828124668915,new_900_extension,26092943
euclidean,208,True,20649,20649,0.5265630296866677,0.2543948859508935,1,0,0.26969033350178506,new_900_extension,26092943
euclidean,209,True,8109,8109,0.15192995437168577,0.35405105438401774,6,0,0.26969033350178506,new_900_extension,26092943
euclidean,210,True,24555,24555,0.01278761962940338,0.12225615964162086,31,0,0.26969033350178506,new_900_extension,26092943
euclidean,211,True,21255,21255,0.5447659374264879,0.20277581745471654,1,0,0.26969033350178506,new_900_extension,26092943
euclidean,212,True,5184,5184,0.13368055555555555,0.061342592592592594,19,0,0.2841194374996121,new_900_extension,26092943
euclidean,213,True,11974,11974,0.16836479037915483,0.08025722398530148,12,0,0.2841194374996121,new_900_extension,26092943
euclidean,214,True,14160,14160,0.07040960451977402,0.47676553672316385,9,0,0.2841194374996121,new_900_extension,26092943
euclidean,215,True,25069,25069,0.5823527065299773,0.09741114523913998,3,0,0.2841194374996121,new_900_extension,26092943
euclidean,216,True,42791,42791,0.28980393073309807,0.0708326517258302,2,0,3.137889760255348,new_900_extension,26092943
euclidean,217,True,6626,6626,0.15167521883489285,0.3361002112888621,3,0,3.137889760255348,new_900_extension,26092943
euclidean,218,True,6157,6157,0.16777651453630016,0.34773428617833363,2,0,3.137889760255348,new_900_extension,26092943
euclidean,219,True,271140,271140,0.24660323080327506,0.0012392122150918345,46,0,3.137889760255348,new_900_extension,26092943
euclidean,220,True,20450,20450,0.35599022004889974,0.1397555012224939,5,0,0.22685692725644913,new_900_extension,26092943
euclidean,221,True,3947,3947,0.06764631365594122,0.03775019001773499,11,0,0.22685692725644913,new_900_extension,26092943
euclidean,222,True,5494,5494,0.03640334910811795,0.2732071350564252,10,0,0.22685692725644913,new_900_extension,26092943
euclidean,223,True,21085,21085,0.383542802940479,0.1244960872658288,6,0,0.22685692725644913,new_900_extension,26092943
euclidean,224,True,2336,2336,0.03210616438356165,0.0702054794520548,2,0,0.4577600729971891,new_900_extension,26092943
euclidean,225,True,9497,9497,0.3511635253237865,0.04043382120669685,2,0,0.4577600729971891,new_900_extension,26092943
euclidean,226,True,46597,46597,0.26892289203167585,0.002532351868146018,170,0,0.4577600729971891,new_900_extension,26092943
euclidean,227,True,4078,4078,0.4857773418342325,0.3479646885728298,1,0,0.4577600729971891,new_900_extension,26092943
euclidean,228,True,27684,27684,0.5361580696431152,0.2679164860569282,4,0,0.43251349999627564,new_900_extension,26092943
euclidean,229,True,41753,41753,0.2092544248317486,0.0035207050990347997,6,0,0.43251349999627564,new_900_extension,26092943
euclidean,230,True,8989,8989,0.01690955612415174,0.0815441094671265,10,0,0.43251349999627564,new_900_extension,26092943
euclidean,231,True,8369,8369,0.30481539013024256,0.14314732943003944,2,0,0.43251349999627564,new_900_extension,26092943
euclidean,232,True,35620,35620,0.017153284671532848,0.4135597978663672,4,0,1.9583293335017515,new_900_extension,26092943
euclidean,233,True,104815,104815,0.2585412393264323,0.7782855507322425,2,0,1.9583293335017515,new_900_extension,26092943
euclidean,234,True,168858,168858,0.8607054448116168,0.25610276089969086,4,0,1.9583293335017515,new_900_extension,26092943
euclidean,235,True,4397,4397,0.05117125312713214,0.08642256083693427,15,0,1.9583293335017515,new_900_extension,26092943
euclidean,236,True,21411,21411,0.10130306851618327,0.017794591565083367,39,0,0.2407766249962151,new_900_extension,26092943
euclidean,237,True,563,563,0.10124333925399645,0.11900532859680284,2,0,0.2407766249962151,new_900_extension,26092943
euclidean,238,True,15345,15345,0.10101010101010101,0.010492016943629848,11,0,0.2407766249962151,new_900_extension,26092943
euclidean,239,True,5518,5518,0.5761145342515405,0.6203334541500544,9,0,0.2407766249962151,new_900_extension,26092943
euclidean,240,True,87655,87655,0.21292567451942274,0.022406023615310022,3,0,1.043031145745772,new_900_extension,26092943
euclidean,241,True,1960,1960,0.16122448979591836,0.1306122448979592,7,0,1.043031145745772,new_900_extension,26092943
euclidean,242,True,16551,16551,0.12108029726300526,0.3792520089420579,3,0,1.043031145745772,new_900_extension,26092943
euclidean,243,True,21025,21025,0.41227110582639714,0.13617122473246135,1,0,1.043031145745772,new_900_extension,26092943
euclidean,244,False,-1,1000000,0.984415,0.221467,0,0,11.097700947750127,new_900_extension,26092943
euclidean,245,True,49865,49865,0.18899027373909555,0.03216685049634012,2,0,11.097700947750127,new_900_extension,26092943
euclidean,246,True,3012,3012,0.021248339973439574,0.03950863213811421,5,0,11.097700947750127,new_900_extension,26092943
euclidean,247,True,6323,6323,0.09599873477779534,0.04380831883599557,1,0,11.097700947750127,new_900_extension,26092943
euclidean,248,True,12881,12881,0.512460212716404,0.13702352301839918,4,0,0.3413430207510828,new_900_extension,26092943
euclidean,249,True,430,430,0.2930232558139535,0.27674418604651163,2,0,0.3413430207510828,new_900_extension,26092943
euclidean,250,True,28590,28590,0.23490731024833858,0.5945435466946485,2,0,0.3413430207510828,new_900_extension,26092943
euclidean,251,True,9134,9134,0.5071162688854828,0.18677468797897964,4,0,0.3413430207510828,new_900_extension,26092943
euclidean,252,True,12858,12858,0.12342510499300047,0.4420594182610048,6,0,0.5271028229981312,new_900_extension,26092943
euclidean,253,True,12564,12564,0.31709646609360076,0.10386819484240688,11,0,0.5271028229981312,new_900_extension,26092943
euclidean,254,True,38054,38054,0.07975508487938193,0.3384138329741946,10,0,0.5271028229981312,new_900_extension,26092943
euclidean,255,True,47421,47421,0.5970350688513528,0.20452963876763458,7,0,0.5271028229981312,new_900_extension,26092943
euclidean,256,True,1124,1124,0.10231316725978648,0.12366548042704627,1,0,0.43742554174968973,new_900_extension,26092943
euclidean,257,True,1570,1570,0.028662420382165606,0.05159235668789809,34,0,0.43742554174968973,new_900_extension,26092943
euclidean,258,True,43112,43112,0.020272777880868436,0.11690480608647244,7,0,0.43742554174968973,new_900_extension,26092943
euclidean,259,True,40762,40762,0.2945144987979,0.5719297384819194,1,0,0.43742554174968973,new_900_extension,26092943
euclidean,260,True,11462,11462,0.3646833013435701,0.17640900366428197,2,0,0.31430639574682573,new_900_extension,26092943
euclidean,261,True,30734,30734,0.10382638120648142,0.3040931866987701,31,0,0.31430639574682573,new_900_extension,26092943
euclidean,262,True,747,747,0.46987951807228917,0.46184738955823296,1,0,0.31430639574682573,new_900_extension,26092943
euclidean,263,True,14293,14293,0.44938081578395017,0.17665990344924087,21,0,0.31430639574682573,new_900_extension,26092943
euclidean,264,True,10541,10541,0.06346646428232615,0.3611611801536856,4,0,0.4389479895035038,new_900_extension,26092943
euclidean,265,True,11588,11588,0.0029340697273041077,0.0016396272005522955,286,0,0.4389479895035038,new_900_extension,26092943
euclidean,266,True,39766,39766,0.34886586531207564,0.13720263541719058,5,0,0.4389479895035038,new_900_extension,26092943
euclidean,267,True,4334,4334,0.24919243193354867,0.21712044300876787,7,0,0.4389479895035038,new_900_extension,26092943
euclidean,268,True,6937,6937,0.19547354764307337,0.129306616693095,4,0,0.2104288229966187,new_900_extension,26092943
euclidean,269,True,11225,11225,0.27037861915367484,0.6998663697104677,2,0,0.2104288229966187,new_900_extension,26092943
euclidean,270,True,1021,1021,0.24779627815866798,0.21253672869735554,1,0,0.2104288229966187,new_900_extension,26092943
euclidean,271,True,18047,18047,0.08932232504017289,0.02814872277940932,17,0,0.2104288229966187,new_900_extension,26092943
euclidean,272,True,546332,546332,0.27137345057584034,0.0006113498751674805,9,0,6.1215996352548245,new_900_extension,26092943
euclidean,273,True,38273,38273,0.5389177749327202,0.16863062733519713,5,0,6.1215996352548245,new_900_extension,26092943
euclidean,274,True,10036,10036,0.17945396572339578,0.47598644878437624,5,0,6.1215996352548245,new_900_extension,26092943
euclidean,275,True,6439,6439,0.021431899363255163,0.05000776518092872,1,0,6.1215996352548245,new_900_extension,26092943
euclidean,276,True,1502,1502,0.02862849533954727,0.02729693741677763,56,0,3.0280473332531983,new_900_extension,26092943
euclidean,277,True,255645,255645,0.4353498014825246,0.023642160026599385,1,0,3.0280473332531983,new_900_extension,26092943
euclidean,278,True,30537,30537,0.36663719422340113,0.03808494613092314,1,0,3.0280473332531983,new_900_extension,26092943
euclidean,279,True,7594,7594,0.22978667368975508,0.15433236765867792,2,0,3.0280473332531983,new_900_extension,26092943
euclidean,280,True,18763,18763,0.7285082342908916,0.6082183019772958,4,0,1.981322021005326,new_900_extension,26092943
euclidean,281,True,186186,186186,0.08286337318595383,0.7981104916588787,1,0,1.981322021005326,new_900_extension,26092943
euclidean,282,True,27085,27085,0.02182019568026583,0.3583533321026398,6,0,1.981322021005326,new_900_extension,26092943
euclidean,283,True,24345,24345,0.03959745327582666,0.07923598274799754,51,0,1.981322021005326,new_900_extension,26092943
euclidean,284,True,4968,4968,0.26590177133655396,0.2026972624798712,2,0,0.18777001049602404,new_900_extension,26092943
euclidean,285,True,16926,16926,0.293217535153019,0.1360628618693135,1,0,0.18777001049602404,new_900_extension,26092943
euclidean,286,True,7348,7348,0.5344311377245509,0.371801850843767,2,0,0.18777001049602404,new_900_extension,26092943
euclidean,287,True,1038,1038,0.20616570327552985,0.1531791907514451,5,0,0.18777001049602404,new_900_extension,26092943
euclidean,288,True,46116,46116,0.17861479746725648,0.4939283545840923,44,0,0.4956358854979044,new_900_extension,26092943
euclidean,289,True,45398,45398,0.392153839376184,0.06502489096435966,1,0,0.4956358854979044,new_900_extension,26092943
euclidean,290,True,14922,14922,0.36891837555287493,0.06761828173167135,4,0,0.4956358854979044,new_900_extension,26092943
euclidean,291,True,1596,1596,0.25877192982456143,0.27631578947368424,8,0,0.4956358854979044,new_900_extension,26092943
euclidean,292,True,7876,7876,0.1846114779075673,0.05383443372270188,7,0,0.27922360399679746,new_900_extension,26092943
euclidean,293,True,2287,2287,0.17708788806296458,0.09488412767818102,9,0,0.27922360399679746,new_900_extension,26092943
euclidean,294,True,4853,4853,0.061611374407582936,0.15392540696476406,8,0,0.27922360399679746,new_900_extension,26092943
euclidean,295,True,24467,24467,0.6147872644786856,0.34242040299178483,1,0,0.27922360399679746,new_900_extension,26092943
euclidean,296,True,2626,2626,0.017136329017517136,0.026275704493526276,3,0,0.16652440624602605,new_900_extension,26092943
euclidean,297,True,5293,5293,0.17797090496882675,0.5225769884753448,2,0,0.16652440624602605,new_900_extension,26092943
euclidean,298,True,514,514,0.04669260700389105,0.04474708171206226,58,0,0.16652440624602605,new_900_extension,26092943
euclidean,299,True,16383,16383,0.43105658304339867,0.08215833485930538,3,0,0.16652440624602605,new_900_extension,26092943
euclidean,300,True,97571,97571,0.00822990437732523,0.3559766733968085,5,0,1.065392635500757,new_900_extension,26092943
euclidean,301,True,1235,1235,0.016194331983805668,0.01700404858299595,59,0,1.065392635500757,new_900_extension,26092943
euclidean,302,True,3469,3469,0.20611127125972903,0.1744018449120784,3,0,1.065392635500757,new_900_extension,26092943
euclidean,303,True,53174,53174,0.5587693233535186,0.2572121713619438,9,0,1.065392635500757,new_900_extension,26092943
euclidean,304,True,17022,17022,0.08970743743390906,0.35853601221948067,7,0,1.2599392602496664,new_900_extension,26092943
euclidean,305,True,23585,23585,0.44892940428238287,0.3857112571549714,1,0,1.2599392602496664,new_900_extension,26092943
euclidean,306,True,47840,47840,0.2709866220735786,0.7010869565217391,1,0,1.2599392602496664,new_900_extension,26092943
euclidean,307,True,116942,116942,0.5496057874843939,0.1632518684476065,1,0,1.2599392602496664,new_900_extension,26092943
euclidean,308,True,116046,116046,0.33180807610775037,0.05131585750478258,15,0,1.2572442082455382,new_900_extension,26092943
euclidean,309,True,10422,10422,0.18297831510266743,0.03137593552101324,2,0,1.2572442082455382,new_900_extension,26092943
euclidean,310,True,1689,1689,0.04381290704558911,0.06690349319123742,40,0,1.2572442082455382,new_900_extension,26092943
euclidean,311,True,11972,11972,0.5396759104577347,0.14341797527564318,5,0,1.2572442082455382,new_900_extension,26092943
euclidean,312,True,4010,4010,0.21795511221945138,0.3204488778054863,3,0,1.8686785834943294,new_900_extension,26092943
euclidean,313,True,26140,26140,0.4957918898240245,0.05397857689364958,4,0,1.8686785834943294,new_900_extension,26092943
euclidean,314,True,176816,176816,0.14980544747081712,0.752233960727536,13,0,1.8686785834943294,new_900_extension,26092943
euclidean,315,True,34590,34590,0.14859786065336802,0.04764382769586586,46,0,1.8686785834943294,new_900_extension,26092943
euclidean,316,True,46057,46057,0.03684564778426732,0.3726469374905009,3,0,0.7751064272451913,new_900_extension,26092943
euclidean,317,True,73196,73196,0.021558555112301217,0.31960762883217664,43,0,0.7751064272451913,new_900_extension,26092943
euclidean,318,True,9127,9127,0.631642379752383,0.2689821409006245,1,0,0.7751064272451913,new_900_extension,26092943
euclidean,319,True,3704,3704,0.08585313174946005,0.11501079913606911,9,0,0.7751064272451913,new_900_extension,26092943
euclidean,320,True,17241,17241,0.7964155211414651,0.43025346557624267,1,0,9.14811393749551,new_900_extension,26092943
euclidean,321,True,8020,8020,0.1708229426433915,0.22556109725685786,2,0,9.14811393749551,new_900_extension,26092943
euclidean,322,True,758599,758599,0.28793341409624845,0.003559192669644964,2,0,9.14811393749551,new_900_extension,26092943
euclidean,323,True,22255,22255,0.2024713547517412,0.09907885868344192,7,0,9.14811393749551,new_900_extension,26092943
euclidean,324,True,24910,24910,0.03143315937374548,0.3146126053793657,4,0,12.998738073001732,new_900_extension,26092943
euclidean,325,True,19313,19313,0.03298296484233418,0.17827370165173717,9,0,12.998738073001732,new_900_extension,26092943
euclidean,326,False,-1,1000000,5e-06,0.453788,0,0,12.998738073001732,new_900_extension,26092943
euclidean,327,True,26376,26376,0.020966029723991506,0.11476342129208371,6,0,12.998738073001732,new_900_extension,26092943
euclidean,328,True,38911,38911,0.35714836421577445,0.10834982395723575,1,0,8.36284926024382,new_900_extension,26092943
euclidean,329,True,1319,1319,0.07429871114480667,0.12585291887793784,12,0,8.36284926024382,new_900_extension,26092943
euclidean,330,True,127950,127950,0.292442360296991,0.01868698710433763,1,0,8.36284926024382,new_900_extension,26092943
euclidean,331,True,657021,657021,0.9140803718602601,0.3210003942035338,2,0,8.36284926024382,new_900_extension,26092943
euclidean,332,True,1381,1381,0.38233164373642287,0.30774800868935553,1,0,0.9886086562473793,new_900_extension,26092943
euclidean,333,True,15822,15822,0.2776513715080268,0.07224118316268487,2,0,0.9886086562473793,new_900_extension,26092943
euclidean,334,True,75078,75078,0.28473054689789284,0.06956764964436986,2,0,0.9886086562473793,new_900_extension,26092943
euclidean,335,True,13433,13433,0.27856770639469963,0.19392540757835183,4,0,0.9886086562473793,new_900_extension,26092943
euclidean,336,True,13483,13483,0.22628495142030705,0.0628940146851591,12,0,0.38054148950322997,new_900_extension,26092943
euclidean,337,True,35616,35616,0.22161388140161725,0.09139150943396226,5,0,0.38054148950322997,new_900_extension,26092943
euclidean,338,True,6664,6664,0.1566626650660264,0.41566626650660266,2,0,0.38054148950322997,new_900_extension,26092943
euclidean,339,True,12526,12526,0.2812549896215871,0.43014529778061633,9,0,0.38054148950322997,new_900_extension,26092943
euclidean,340,True,57546,57546,0.11522955548604595,0.37922705314009664,6,0,2.1825826249987585,new_900_extension,26092943
euclidean,341,True,159764,159764,0.8802984401992939,0.4162639893843419,9,0,2.1825826249987585,new_900_extension,26092943
euclidean,342,True,180558,180558,0.01821021500016615,0.4617242105029963,1,0,2.1825826249987585,new_900_extension,26092943
euclidean,343,True,18294,18294,0.3639991253963048,0.10008746036952006,1,0,2.1825826249987585,new_900_extension,26092943
euclidean,344,True,94664,94664,0.3839896898504183,0.0026726104960703117,1,0,6.382599708245834,new_900_extension,26092943
euclidean,345,True,4657,4657,0.1625509984968864,0.19669315009662874,4,0,6.382599708245834,new_900_extension,26092943
euclidean,346,True,528895,528895,0.9096474725607162,0.34850206562739294,3,0,6.382599708245834,new_900_extension,26092943
euclidean,347,True,3395,3395,0.010309278350515464,0.011487481590574375,55,0,6.382599708245834,new_900_extension,26092943
euclidean,348,True,440294,440294,0.29446006531999075,0.9321748649765839,1,0,5.359701291752572,new_900_extension,26092943
euclidean,349,True,85678,85678,0.020215224445015056,0.24110039916898154,2,0,5.359701291752572,new_900_extension,26092943
euclidean,350,True,20742,20742,0.33728666473821234,0.7027769742551345,1,0,5.359701291752572,new_900_extension,26092943
euclidean,351,True,1279,1279,0.24315871774824083,0.2032838154808444,2,0,5.359701291752572,new_900_extension,26092943
euclidean,352,True,78283,78283,0.7650319992846467,0.36313120345413435,4,0,6.354382072750013,new_900_extension,26092943
euclidean,353,True,527790,527790,0.9208245703783702,0.22760946588605316,4,0,6.354382072750013,new_900_extension,26092943
euclidean,354,True,20638,20638,0.37101463320089156,0.05950188971799593,1,0,6.354382072750013,new_900_extension,26092943
euclidean,355,True,21496,21496,0.2355321920357276,0.5995999255675475,8,0,6.354382072750013,new_900_extension,26092943
euclidean,356,True,7957,7957,0.0968958150056554,0.03971345984667588,26,0,2.130915583249589,new_900_extension,26092943
euclidean,357,True,20686,20686,0.12767088852363917,0.010345160978439525,29,0,2.130915583249589,new_900_extension,26092943
euclidean,358,True,891,891,0.25925925925925924,0.23681257014590348,4,0,2.130915583249589,new_900_extension,26092943
euclidean,359,True,178304,178304,0.04886598169418521,0.38235821966977745,2,0,2.130915583249589,new_900_extension,26092943
euclidean,360,True,1685,1685,0.26350148367952525,0.20178041543026706,3,0,0.5261015104988473,new_900_extension,26092943
euclidean,361,True,4268,4268,0.1183223992502343,0.2619493908153702,8,0,0.5261015104988473,new_900_extension,26092943
euclidean,362,True,42794,42794,0.15469458335280648,0.5652661588073095,6,0,0.5261015104988473,new_900_extension,26092943
euclidean,363,True,7611,7611,0.28734726054394955,0.0513730127447116,5,0,0.5261015104988473,new_900_extension,26092943
euclidean,364,True,62954,62954,0.643866950471773,0.2730247482288655,1,0,0.7954421772519709,new_900_extension,26092943
euclidean,365,True,18435,18435,0.19517222674260917,0.7051261187957689,5,0,0.7954421772519709,new_900_extension,26092943
euclidean,366,True,2512,2512,0.09952229299363058,0.08121019108280254,19,0,0.7954421772519709,new_900_extension,26092943
euclidean,367,True,44692,44692,0.10482860467197709,0.4518482054953907,11,0,0.7954421772519709,new_900_extension,26092943
euclidean,368,True,103527,103527,0.002144368135848619,0.10547972992552668,41,0,1.1517286145026446,new_900_extension,26092943
euclidean,369,True,496,496,0.07056451612903226,0.06451612903225806,13,0,1.1517286145026446,new_900_extension,26092943
euclidean,370,True,3811,3811,0.10968249803201259,0.0779323012332721,15,0,1.1517286145026446,new_900_extension,26092943
euclidean,371,True,10757,10757,0.39760156177372874,0.12587152551826716,2,0,1.1517286145026446,new_900_extension,26092943
euclidean,372,True,42660,42660,0.006516643225503985,0.11847163619315518,12,0,0.5013033334980719,new_900_extension,26092943
euclidean,373,True,17244,17244,0.047088842495940614,0.1388888888888889,3,0,0.5013033334980719,new_900_extension,26092943
euclidean,374,True,27173,27173,0.07327126191440032,0.24712030324218895,21,0,0.5013033334980719,new_900_extension,26092943
euclidean,375,True,17133,17133,0.17965330064787252,0.5210996322885659,1,0,0.5013033334980719,new_900_extension,26092943
euclidean,376,True,6810,6810,0.2682819383259912,0.04933920704845815,9,0,0.20004810424870811,new_900_extension,26092943
euclidean,377,True,476,476,0.05042016806722689,0.05672268907563025,10,0,0.20004810424870811,new_900_extension,26092943
euclidean,378,True,18167,18167,0.18109759453954974,0.39219463863048387,1,0,0.20004810424870811,new_900_extension,26092943
euclidean,379,True,4802,4802,0.7080383173677635,0.6074552269887546,1,0,0.20004810424870811,new_900_extension,26092943
euclidean,380,True,5876,5876,0.0966643975493533,0.09649421375085092,14,0,1.259479749998718,new_900_extension,26092943
euclidean,381,True,54414,54414,0.03864814202227368,0.7047634799867681,3,0,1.259479749998718,new_900_extension,26092943
euclidean,382,True,96745,96745,0.7697245335676263,0.41883301462607886,2,0,1.259479749998718,new_900_extension,26092943
euclidean,383,True,6355,6355,0.08859166011014949,0.2986624704956727,6,0,1.259479749998718,new_900_extension,26092943
euclidean,384,True,36749,36749,0.3184576451059893,0.6208876432011755,1,0,0.5323142812558217,new_900_extension,26092943
euclidean,385,True,44737,44737,0.7461608959027204,0.28533428705545744,4,0,0.5323142812558217,new_900_extension,26092943
euclidean,386,True,14964,14964,0.14073777064955895,0.06435445068163592,2,0,0.5323142812558217,new_900_extension,26092943
euclidean,387,True,3395,3395,0.19263622974963182,0.1646539027982327,6,0,0.5323142812558217,new_900_extension,26092943
euclidean,388,True,4273,4273,0.16920196583196817,0.12005616662766207,7,0,0.5718850102493889,new_900_extension,26092943
euclidean,389,True,5522,5522,0.250996015936255,0.3219847881202463,11,0,0.5718850102493889,new_900_extension,26092943
euclidean,390,True,33334,33334,0.41015179696406073,0.7227755444891102,2,0,0.5718850102493889,new_900_extension,26092943
euclidean,391,True,51418,51418,0.23836010735540084,0.06239060251273873,29,0,0.5718850102493889,new_900_extension,26092943
euclidean,392,True,28197,28197,0.2297052877965741,0.01925736780508565,2,0,11.931136187493394,new_900_extension,26092943
euclidean,393,False,-1,1000000,0.0,0.219678,0,0,11.931136187493394,new_900_extension,26092943
euclidean,394,True,20890,20890,0.34576352321685017,0.17343226424126376,1,0,11.931136187493394,new_900_extension,26092943
euclidean,395,True,739,739,0.2936400541271989,0.2692828146143437,10,0,11.931136187493394,new_900_extension,26092943
euclidean,396,True,8923,8923,0.40412417348425417,0.22470021293287012,1,0,0.21246165625052527,new_900_extension,26092943
euclidean,397,True,17895,17895,0.45532271584241407,0.1613299804414641,1,0,0.21246165625052527,new_900_extension,26092943
euclidean,398,True,14279,14279,0.49401218572729183,0.25877162266265147,1,0,0.21246165625052527,new_900_extension,26092943
euclidean,399,True,13786,13786,0.12077469896996954,0.428913390396054,6,0,0.21246165625052527,new_900_extension,26092943
euclidean,400,True,698,698,0.4484240687679083,0.4699140401146132,1,0,0.34536473949992796,new_900_extension,26092943
euclidean,401,True,2604,2604,0.15898617511520738,0.09101382488479262,3,0,0.34536473949992796,new_900_extension,26092943
euclidean,402,True,7005,7005,0.01655960028551035,0.02940756602426838,15,0,0.34536473949992796,new_900_extension,26092943
euclidean,403,True,33693,33693,0.001127830706674977,0.001454308016501944,2915,0,0.34536473949992796,new_900_extension,26092943
euclidean,404,True,88155,88155,0.05858998355169871,0.7125630990868357,23,0,1.0283642709982814,new_900_extension,26092943
euclidean,405,True,23967,23967,0.2491342262277298,0.04360161889264405,112,0,1.0283642709982814,new_900_extension,26092943
euclidean,406,True,51796,51796,0.3319947486292378,0.0601204726233686,3,0,1.0283642709982814,new_900_extension,26092943
euclidean,407,True,46386,46386,0.4483033673953348,0.04231880308713836,2,0,1.0283642709982814,new_900_extension,26092943
euclidean,408,True,5163,5163,0.07611853573503777,0.02576021692814255,2,0,0.4386091665001004,new_900_extension,26092943
euclidean,409,True,25477,25477,0.2655728696471327,0.6509008124975468,3,0,0.4386091665001004,new_900_extension,26092943
euclidean,410,True,696,696,0.16954022988505746,0.16091954022988506,4,0,0.4386091665001004,new_900_extension,26092943
euclidean,411,True,34945,34945,0.08985548719416225,0.0032050364859064246,1,0,0.4386091665001004,new_900_extension,26092943
euclidean,412,True,69165,69165,0.23134533362249693,0.7952866334128533,1,0,0.8023165105041699,new_900_extension,26092943
euclidean,413,True,46886,46886,0.0373245744998507,0.22640020475195155,2,0,0.8023165105041699,new_900_extension,26092943
euclidean,414,True,4131,4131,0.7630113773904623,0.7467925441781651,1,0,0.8023165105041699,new_900_extension,26092943
euclidean,415,True,5845,5845,0.05799828913601369,0.21471343028229256,4,0,0.8023165105041699,new_900_extension,26092943
euclidean,416,True,29505,29505,0.18207083545161837,0.6574478901881037,1,0,1.2678151250001974,new_900_extension,26092943
euclidean,417,True,8335,8335,0.546370725854829,0.24847030593881222,1,0,1.2678151250001974,new_900_extension,26092943
euclidean,418,True,892,892,0.2825112107623318,0.3150224215246637,1,0,1.2678151250001974,new_900_extension,26092943
euclidean,419,True,112770,112770,0.8202624811563359,0.12055511217522391,5,0,1.2678151250001974,new_900_extension,26092943
euclidean,420,False,-1,1000000,0.304714,0.96185,0,0,12.225159989749955,new_900_extension,26092943
euclidean,421,True,29018,29018,0.35577917154869393,0.052967123854159484,2,0,12.225159989749955,new_900_extension,26092943
euclidean,422,True,12717,12717,0.06967051977667689,0.26916725642840295,5,0,12.225159989749955,new_900_extension,26092943
euclidean,423,True,10955,10955,0.28397991784573257,0.06599726152441808,2,0,12.225159989749955,new_900_extension,26092943
euclidean,424,True,46127,46127,0.05049103561905175,0.25059076029223665,6,0,1.0006199687486514,new_900_extension,26092943
euclidean,425,True,19738,19738,0.09874354037896443,0.37957239841929274,3,0,1.0006199687486514,new_900_extension,26092943
euclidean,426,True,89896,89896,0.4744927471745128,0.8278343864020646,1,0,1.0006199687486514,new_900_extension,26092943
euclidean,427,True,15755,15755,0.4077435734687401,0.07502380196762932,17,0,1.0006199687486514,new_900_extension,26092943
euclidean,428,True,8789,8789,0.4169985208783707,0.18693821822732962,1,0,2.5199530415047775,new_900_extension,26092943
euclidean,429,True,10510,10510,0.5529971455756423,0.3206470028544244,9,0,2.5199530415047775,new_900_extension,26092943
euclidean,430,True,215536,215536,0.9043268873877218,0.21307809368272584,1,0,2.5199530415047775,new_900_extension,26092943
euclidean,431,True,12433,12433,0.07769645298801577,0.028311750985281107,62,0,2.5199530415047775,new_900_extension,26092943
euclidean,432,True,11458,11458,0.09818467446325711,0.39212777098970153,3,0,0.2667072187541635,new_900_extension,26092943
euclidean,433,True,21160,21160,0.12032136105860114,0.3250945179584121,2,0,0.2667072187541635,new_900_extension,26092943
euclidean,434,True,15916,15916,0.3492083438049761,0.6913797436541844,3,0,0.2667072187541635,new_900_extension,26092943
euclidean,435,True,22391,22391,0.24800142914563889,0.14546022955651824,18,0,0.2667072187541635,new_900_extension,26092943
euclidean,436,True,47900,47900,0.005762004175365345,0.2146972860125261,4,0,0.7304074792555184,new_900_extension,26092943
euclidean,437,True,60291,60291,0.18127083644325023,0.6452538521504039,5,0,0.7304074792555184,new_900_extension,26092943
euclidean,438,True,4126,4126,0.5024236548715463,0.41638390693165295,3,0,0.7304074792555184,new_900_extension,26092943
euclidean,439,True,26153,26153,0.5880013765151225,0.19737697396092227,1,0,0.7304074792555184,new_900_extension,26092943
euclidean,440,True,11993,11993,0.35228883515383974,0.3572083715500709,1,0,0.4219100104965037,new_900_extension,26092943
euclidean,441,True,36330,36330,0.24525185796862098,0.03556289567850261,16,0,0.4219100104965037,new_900_extension,26092943
euclidean,442,True,3305,3305,0.009984871406959153,0.009984871406959153,43,0,0.4219100104965037,new_900_extension,26092943
euclidean,443,True,9964,9964,0.05509835407466881,0.08912083500602168,7,0,0.4219100104965037,new_900_extension,26092943
euclidean,444,True,82701,82701,0.3041438434843593,0.7357468470756098,1,0,12.333899239747552,new_900_extension,26092943
euclidean,445,True,27680,27680,0.1346098265895954,0.32897398843930636,10,0,12.333899239747552,new_900_extension,26092943
euclidean,446,False,-1,1000000,0.983504,0.305002,0,0,12.333899239747552,new_900_extension,26092943
euclidean,447,True,5266,5266,0.13102924420812762,0.028674515761488797,12,0,12.333899239747552,new_900_extension,26092943
euclidean,448,True,782873,782873,0.9472302659562918,0.24703240500055565,1,0,9.683538843746646,new_900_extension,26092943
euclidean,449,True,9516,9516,0.0546448087431694,0.0362547288776797,1,0,9.683538843746646,new_900_extension,26092943
euclidean,450,True,11029,11029,0.05286064013056487,0.29096019584731164,2,0,9.683538843746646,new_900_extension,26092943
euclidean,451,True,30274,30274,0.4870515954284204,0.060282750875338575,10,0,9.683538843746646,new_900_extension,26092943
euclidean,452,True,13180,13180,0.1540971168437026,0.3754172989377845,1,0,0.19677897924702847,new_900_extension,26092943
euclidean,453,True,10240,10240,0.39365234375,0.152734375,1,0,0.19677897924702847,new_900_extension,26092943
euclidean,454,True,15444,15444,0.45823620823620825,0.11875161875161876,8,0,0.19677897924702847,new_900_extension,26092943
euclidean,455,True,12789,12789,0.30502775822972866,0.47728516694033934,6,0,0.19677897924702847,new_900_extension,26092943
euclidean,456,True,11092,11092,0.3755860079336459,0.10566173818968626,1,0,10.308583833248122,new_900_extension,26092943
euclidean,457,True,55957,55957,0.2179173293779152,0.013867791339778758,6,0,10.308583833248122,new_900_extension,26092943
euclidean,458,True,872847,872847,0.3198716384429344,0.0005510702333856907,55,0,10.308583833248122,new_900_extension,26092943
euclidean,459,True,2647,2647,0.03286739705326785,0.03022289384208538,6,0,10.308583833248122,new_900_extension,26092943
euclidean,460,True,4377,4377,0.437742746173178,0.5407813570939,3,0,0.5019083855004283,new_900_extension,26092943
euclidean,461,True,41571,41571,0.00760145293594092,0.25325346996704434,19,0,0.5019083855004283,new_900_extension,26092943
euclidean,462,True,9626,9626,0.5810305422813214,0.688759609391232,1,0,0.5019083855004283,new_900_extension,26092943
euclidean,463,True,8053,8053,0.4587110393642121,0.26636036259778967,7,0,0.5019083855004283,new_900_extension,26092943
euclidean,464,True,6704,6704,0.14707637231503579,0.2796837708830549,6,0,0.9088097915009712,new_900_extension,26092943
euclidean,465,True,15753,15753,0.06367041198501873,0.5265028883387292,1,0,0.9088097915009712,new_900_extension,26092943
euclidean,466,True,80197,80197,0.2569173410476701,0.05301943962991134,1,0,0.9088097915009712,new_900_extension,26092943
euclidean,467,True,4256,4256,0.013157894736842105,0.011043233082706766,41,0,0.9088097915009712,new_900_extension,26092943
euclidean,468,True,1625,1625,0.12307692307692308,0.11138461538461539,13,0,0.3834689582508872,new_900_extension,26092943
euclidean,469,True,33596,33596,0.15222050244076676,0.5904869627336587,8,0,0.3834689582508872,new_900_extension,26092943
euclidean,470,True,6201,6201,0.1909369456539268,0.2965650701499758,1,0,0.3834689582508872,new_900_extension,26092943
euclidean,471,True,6309,6309,0.2978284989697258,0.25519099698842923,2,0,0.3834689582508872,new_900_extension,26092943
euclidean,472,True,9657,9657,0.285388837112975,0.41027234130682405,4,0,0.3694627602453693,new_900_extension,26092943
euclidean,473,True,10059,10059,0.032707028531663185,0.17307883487424197,2,0,0.3694627602453693,new_900_extension,26092943
euclidean,474,True,6238,6238,0.1777813401731324,0.32093619749919844,1,0,0.3694627602453693,new_900_extension,26092943
euclidean,475,True,32016,32016,0.03769990004997501,0.1948713143428286,5,0,0.3694627602453693,new_900_extension,26092943
euclidean,476,True,6231,6231,0.1638581287112823,0.053602952977050235,10,0,12.571815802250057,new_900_extension,26092943
euclidean,477,True,81466,81466,0.40661134706503327,0.7319126997765939,1,0,12.571815802250057,new_900_extension,26092943
euclidean,478,True,105589,105589,0.27688490278343386,0.7379367168928581,8,0,12.571815802250057,new_900_extension,26092943
euclidean,479,False,-1,1000000,0.997226,0.308694,0,0,12.571815802250057,new_900_extension,26092943
euclidean,480,True,31293,31293,0.3792541462946985,0.6349662863899275,1,0,1.4425127292561228,new_900_extension,26092943
euclidean,481,True,5097,5097,0.1263488326466549,0.07612320973121443,7,0,1.4425127292561228,new_900_extension,26092943
euclidean,482,True,26756,26756,0.7825908207504859,0.42125130811780537,1,0,1.4425127292561228,new_900_extension,26092943
euclidean,483,True,125659,125659,0.22370860821747746,0.051106566183082784,46,0,1.4425127292561228,new_900_extension,26092943
euclidean,484,True,12910,12910,0.30813323005422155,0.17195972114639815,2,0,0.16493984375119908,new_900_extension,26092943
euclidean,485,True,4287,4287,0.5572661534872871,0.4774900863074411,1,0,0.16493984375119908,new_900_extension,26092943
euclidean,486,True,9610,9610,0.4802289281997919,0.227471383975026,4,0,0.16493984375119908,new_900_extension,26092943
euclidean,487,True,10521,10521,0.028894591768843268,0.20786997433704021,8,0,0.16493984375119908,new_900_extension,26092943
euclidean,488,True,9273,9273,0.4422516984794565,0.5496603041087027,2,0,0.3675777602547896,new_900_extension,26092943
euclidean,489,True,6626,6626,0.19619680048294597,0.3573800181104739,1,0,0.3675777602547896,new_900_extension,26092943
euclidean,490,True,1506,1506,0.646746347941567,0.648074369189907,1,0,0.3675777602547896,new_900_extension,26092943
euclidean,491,True,33125,33125,0.24947924528301887,0.019984905660377358,1,0,0.3675777602547896,new_900_extension,26092943
euclidean,492,True,31303,31303,0.02871929208063125,0.4208222854039549,12,0,0.9345182394972653,new_900_extension,26092943
euclidean,493,True,14863,14863,0.45986678328735786,0.0873309560653973,4,0,0.9345182394972653,new_900_extension,26092943
euclidean,494,True,71640,71640,0.18985203796761585,0.027540480178671133,2,0,0.9345182394972653,new_900_extension,26092943
euclidean,495,True,77593,77593,0.00582526774322426,0.3788228319564909,4,0,0.9345182394972653,new_900_extension,26092943
euclidean,496,True,101793,101793,0.012918373562032752,0.6433644749638974,10,0,1.2021386039996287,new_900_extension,26092943
euclidean,497,True,2400,2400,0.0125,0.0175,122,0,1.2021386039996287,new_900_extension,26092943
euclidean,498,True,2101,2101,0.02570204664445502,0.02570204664445502,81,0,1.2021386039996287,new_900_extension,26092943
euclidean,499,True,20114,20114,0.02346624241821617,0.3019290046733618,12,0,1.2021386039996287,new_900_extension,26092943
euclidean,500,True,35821,35821,0.22403059657742666,0.02478992769604422,2,0,3.0058220937498845,new_900_extension,26092943
euclidean,501,True,241762,241762,0.1664322763709764,0.8761881519841828,1,0,3.0058220937498845,new_900_extension,26092943
euclidean,502,True,13938,13938,0.10173626058258,0.3963983354857225,6,0,3.0058220937498845,new_900_extension,26092943
euclidean,503,True,37000,37000,0.42127027027027025,0.13767567567567568,3,0,3.0058220937498845,new_900_extension,26092943
euclidean,504,True,3064,3064,0.05221932114882506,0.06690600522193212,4,0,4.62515072899987,new_900_extension,26092943
euclidean,505,True,375460,375460,0.825019975496724,0.9601528791349279,1,0,4.62515072899987,new_900_extension,26092943
euclidean,506,True,3790,3790,0.13139841688654352,0.16675461741424802,5,0,4.62515072899987,new_900_extension,26092943
euclidean,507,True,69065,69065,0.56710345326866,0.13743574893216534,1,0,4.62515072899987,new_900_extension,26092943
euclidean,508,True,75150,75150,0.1640851630073187,0.4239520958083832,2,0,3.7501678229964455,new_900_extension,26092943
euclidean,509,True,320098,320098,0.8540165824216334,0.3595648832545033,1,0,3.7501678229964455,new_900_extension,26092943
euclidean,510,True,18981,18981,0.37010694905431746,0.6410621147463252,1,0,3.7501678229964455,new_900_extension,26092943
euclidean,511,True,31122,31122,0.06953280637491163,0.0053017158280316175,230,0,3.7501678229964455,new_900_extension,26092943
euclidean,512,True,14546,14546,0.06586003024886566,0.3070259865255053,12,0,0.22579779149964452,new_900_extension,26092943
euclidean,513,True,19425,19425,0.3410553410553411,0.16,14,0,0.22579779149964452,new_900_extension,26092943
euclidean,514,True,18092,18092,0.08169356621711253,0.45180190139288084,3,0,0.22579779149964452,new_900_extension,26092943
euclidean,515,True,4182,4182,0.04878048780487805,0.10353897656623626,28,0,0.22579779149964452,new_900_extension,26092943
euclidean,516,True,32440,32440,0.12422934648581997,0.5181257706535142,1,0,0.9588394687452819,new_900_extension,26092943
euclidean,517,True,42818,42818,0.24952122938950907,0.04129104582185062,2,0,0.9588394687452819,new_900_extension,26092943
euclidean,518,True,2629,2629,0.2175732217573222,0.19246861924686193,3,0,0.9588394687452819,new_900_extension,26092943
euclidean,519,True,84423,84423,0.053634673015647394,0.27250867654549116,4,0,0.9588394687452819,new_900_extension,26092943
euclidean,520,True,49944,49944,0.25184206311068397,0.6265016818837098,2,0,0.5991514062552596,new_900_extension,26092943
euclidean,521,True,17340,17340,0.3066897347174164,0.029238754325259516,9,0,0.5991514062552596,new_900_extension,26092943
euclidean,522,True,31549,31549,0.04805223620400013,0.5044216932390884,17,0,0.5991514062552596,new_900_extension,26092943
euclidean,523,True,13970,13970,0.009663564781675018,0.003793843951324266,28,0,0.5991514062552596,new_900_extension,26092943
euclidean,524,True,414822,414822,0.2422894639146429,0.8955503806451924,1,0,4.91994238524785,new_900_extension,26092943
euclidean,525,True,24851,24851,0.06249245503199066,0.199871232545974,6,0,4.91994238524785,new_900_extension,26092943
euclidean,526,True,10611,10611,0.2645368014324757,0.5569691829233814,2,0,4.91994238524785,new_900_extension,26092943
euclidean,527,True,20958,20958,0.253220727168623,0.014409771924801985,1,0,4.91994238524785,new_900_extension,26092943
euclidean,528,True,11060,11060,0.316998191681736,0.26338155515370704,1,0,0.1339896770004998,new_900_extension,26092943
euclidean,529,True,1406,1406,0.059743954480796585,0.07041251778093884,20,0,0.1339896770004998,new_900_extension,26092943
euclidean,530,True,4908,4908,0.12061939690301549,0.04136104319478403,3,0,0.1339896770004998,new_900_extension,26092943
euclidean,531,True,9767,9767,0.7244803931606429,0.4958533838435548,1,0,0.1339896770004998,new_900_extension,26092943
euclidean,532,True,3301,3301,0.26537412905180247,0.19993941229930323,5,0,0.16728406250331318,new_900_extension,26092943
euclidean,533,True,1543,1543,0.10693454309786131,0.16007777057679845,1,0,0.16728406250331318,new_900_extension,26092943
euclidean,534,True,9709,9709,0.021423421567617673,0.03656401277165516,5,0,0.16728406250331318,new_900_extension,26092943
euclidean,535,True,15250,15250,0.06314754098360656,0.3491147540983607,4,0,0.16728406250331318,new_900_extension,26092943
euclidean,536,True,14947,14947,0.08503378604402222,0.0745969090787449,16,0,0.18466647924651625,new_900_extension,26092943
euclidean,537,True,17018,17018,0.3512163591491362,0.1568339405335527,1,0,0.18466647924651625,new_900_extension,26092943
euclidean,538,True,18395,18395,0.33965751562924706,0.14411524870888828,4,0,0.18466647924651625,new_900_extension,26092943
euclidean,539,True,4005,4005,0.5720349563046192,0.5061173533083645,1,0,0.18466647924651625,new_900_extension,26092943
euclidean,540,True,19168,19168,0.3554883138564274,0.5601001669449082,6,0,0.8365922709999722,new_900_extension,26092943
euclidean,541,True,26018,26018,0.3674763625182566,0.07556307171957875,3,0,0.8365922709999722,new_900_extension,26092943
euclidean,542,True,74042,74042,0.834539855757543,0.5084141433240593,2,0,0.8365922709999722,new_900_extension,26092943
euclidean,543,True,11015,11015,0.0039037675896504767,0.0025419881979119384,127,0,0.8365922709999722,new_900_extension,26092943
euclidean,544,True,10971,10971,0.2073648710236077,0.3938565308540698,1,0,0.43590654174477095,new_900_extension,26092943
euclidean,545,True,40933,40933,0.4962988297950309,0.24571861334375686,1,0,0.43590654174477095,new_900_extension,26092943
euclidean,546,True,4158,4158,0.11664261664261664,0.02934102934102934,7,0,0.43590654174477095,new_900_extension,26092943
euclidean,547,True,5045,5045,0.054112983151635284,0.07056491575817642,17,0,0.43590654174477095,new_900_extension,26092943
euclidean,548,True,6320,6320,0.20142405063291138,0.3356012658227848,6,0,1.2668566979991738,new_900_extension,26092943
euclidean,549,True,72971,72971,0.8364692823176331,0.20131285031039728,4,0,1.2668566979991738,new_900_extension,26092943
euclidean,550,True,105140,105140,0.1699733688415446,0.7708579037473844,5,0,1.2668566979991738,new_900_extension,26092943
euclidean,551,True,1191,1191,0.5071368597816961,0.4617968094038623,1,0,1.2668566979991738,new_900_extension,26092943
euclidean,552,True,75451,75451,0.004519489469987144,0.1928801473804191,20,0,4.375307916750899,new_900_extension,26092943
euclidean,553,True,4769,4769,0.3325644789263997,0.42503669532396726,2,0,4.375307916750899,new_900_extension,26092943
euclidean,554,True,29432,29432,0.5877616200054363,0.2925047567273716,8,0,4.375307916750899,new_900_extension,26092943
euclidean,555,True,374640,374640,0.41073297031817213,0.9295403587443947,2,0,4.375307916750899,new_900_extension,26092943
euclidean,556,True,10608,10608,0.4529600301659125,0.19447586726998492,6,0,0.13482485424901824,new_900_extension,26092943
euclidean,557,True,3512,3512,0.15888382687927108,0.18992027334851935,3,0,0.13482485424901824,new_900_extension,26092943
euclidean,558,True,6146,6146,0.055157826228441266,0.16449723397331598,91,0,0.13482485424901824,new_900_extension,26092943
euclidean,559,True,5269,5269,0.00948946669197191,0.04498007211994686,17,0,0.13482485424901824,new_900_extension,26092943
euclidean,560,True,35443,35443,0.18858448776909403,0.7495979459977993,21,0,0.4004519480004092,new_900_extension,26092943
euclidean,561,True,13343,13343,0.07989207824327363,0.15423817732144196,1,0,0.4004519480004092,new_900_extension,26092943
euclidean,562,True,7629,7629,0.00563638746886879,0.023856337658933018,61,0,0.4004519480004092,new_900_extension,26092943
euclidean,563,True,3897,3897,0.2673851680780087,0.4482935591480626,1,0,0.4004519480004092,new_900_extension,26092943
euclidean,564,True,50995,50995,0.16240807922345327,0.7579370526522208,1,0,0.6129665727494285,new_900_extension,26092943
euclidean,565,True,6091,6091,0.014119192250861928,0.01182071909374487,8,0,0.6129665727494285,new_900_extension,26092943
euclidean,566,True,2938,2938,0.291354663036079,0.1603131381892444,2,0,0.6129665727494285,new_900_extension,26092943
euclidean,567,True,40754,40754,0.7169602983756196,0.33658045835991557,4,0,0.6129665727494285,new_900_extension,26092943
euclidean,568,True,20481,20481,0.4224403105317123,0.6515795127191055,1,0,1.5461516042487347,new_900_extension,26092943
euclidean,569,True,121912,121912,0.8978771572937857,0.3326333748933657,1,0,1.5461516042487347,new_900_extension,26092943
euclidean,570,True,37911,37911,0.1980164068476168,0.6763736118804569,1,0,1.5461516042487347,new_900_extension,26092943
euclidean,571,True,8629,8629,0.17545486151350098,0.1467145671572604,11,0,1.5461516042487347,new_900_extension,26092943
euclidean,572,True,7737,7737,0.25513765025203566,0.12550084011890913,8,0,0.10503255225194152,new_900_extension,26092943
euclidean,573,True,7678,7678,0.34761656681427455,0.12281844230268299,4,0,0.10503255225194152,new_900_extension,26092943
euclidean,574,True,2562,2562,0.2931303669008587,0.15651834504293521,1,0,0.10503255225194152,new_900_extension,26092943
euclidean,575,True,7418,7418,0.2809382582906444,0.14950121326503102,4,0,0.10503255225194152,new_900_extension,26092943
euclidean,576,True,39165,39165,0.2617387973956339,0.00648538235669603,13,0,0.76188479175471,new_900_extension,26092943
euclidean,577,True,7082,7082,0.07314317989268568,0.04504377294549562,42,0,0.76188479175471,new_900_extension,26092943
euclidean,578,True,54306,54306,0.5494972931167826,0.29348506610687586,13,0,0.76188479175471,new_900_extension,26092943
euclidean,579,True,21356,21356,0.2816070425173253,0.604467128675782,5,0,0.76188479175471,new_900_extension,26092943
euclidean,580,True,3844,3844,0.47528616024973985,0.42351716961498437,3,0,0.37620523950317875,new_900_extension,26092943
euclidean,581,True,30373,30373,0.4351233002996082,0.25160504395351135,2,0,0.37620523950317875,new_900_extension,26092943
euclidean,582,True,26600,26600,0.40097744360902254,0.14172932330827068,2,0,0.37620523950317875,new_900_extension,26092943
euclidean,583,True,22190,22190,0.3067598017124831,0.05808922938260478,1,0,0.37620523950317875,new_900_extension,26092943
euclidean,584,True,22566,22566,0.13063901444651246,0.3477798457856953,1,0,1.2677098854983342,new_900_extension,26092943
euclidean,585,True,2098,2098,0.19065776930409914,0.14775977121067682,12,0,1.2677098854983342,new_900_extension,26092943
euclidean,586,True,74721,74721,0.28411022336424835,0.011763761191632874,13,0,1.2677098854983342,new_900_extension,26092943
euclidean,587,True,110204,110204,0.7505262966861457,0.28261224637944177,6,0,1.2677098854983342,new_900_extension,26092943
euclidean,588,True,10375,10375,0.20375903614457833,0.4354698795180723,2,0,12.066015427248203,new_900_extension,26092943
euclidean,589,False,-1,1000000,0.288295,0.979907,0,0,12.066015427248203,new_900_extension,26092943
euclidean,590,True,5169,5169,0.3927258657380538,0.4201973302379571,3,0,12.066015427248203,new_900_extension,26092943
euclidean,591,True,131673,131673,0.8372483348902204,0.36551153235667144,1,0,12.066015427248203,new_900_extension,26092943
euclidean,592,True,24424,24424,0.5272273173927284,0.4053390108090403,2,0,0.3140944062542985,new_900_extension,26092943
euclidean,593,True,7777,7777,0.2727272727272727,0.11186832969011187,5,0,0.3140944062542985,new_900_extension,26092943
euclidean,594,True,25318,25318,0.06525001974879532,0.54680464491666,10,0,0.3140944062542985,new_900_extension,26092943
euclidean,595,True,2961,2961,0.1060452549814252,0.11144883485309018,6,0,0.3140944062542985,new_900_extension,26092943
euclidean,596,True,739,739,0.39783491204330174,0.39783491204330174,5,0,4.631123927254521,new_900_extension,26092943
euclidean,597,True,47634,47634,0.5095729940798589,0.15837427047906957,1,0,4.631123927254521,new_900_extension,26092943
euclidean,598,True,395424,395424,0.8867494132880149,0.24118414663753338,3,0,4.631123927254521,new_900_extension,26092943
euclidean,599,True,24798,24798,0.6608597467537705,0.23989837890152432,2,0,4.631123927254521,new_900_extension,26092943
euclidean,600,True,6139,6139,0.16517348102296792,0.19139925069229516,8,0,0.2603727290043025,new_900_extension,26092943
euclidean,601,True,2652,2652,0.28054298642533937,0.29524886877828055,4,0,0.2603727290043025,new_900_extension,26092943
euclidean,602,True,655,655,0.21221374045801528,0.20763358778625954,1,0,0.2603727290043025,new_900_extension,26092943
euclidean,603,True,23547,23547,0.2009173143075551,0.4248099545589672,4,0,0.2603727290043025,new_900_extension,26092943
euclidean,604,True,17004,17004,0.49505998588567396,0.22959303693248648,1,0,0.32393398950080154,new_900_extension,26092943
euclidean,605,True,16615,16615,0.35528137225398737,0.14047547396930485,4,0,0.32393398950080154,new_900_extension,26092943
euclidean,606,True,27585,27585,0.33268080478520934,0.07040058002537611,8,0,0.32393398950080154,new_900_extension,26092943
euclidean,607,True,13188,13188,0.09175007582650894,0.6103275705186533,7,0,0.32393398950080154,new_900_extension,26092943
euclidean,608,True,50982,50982,0.34363108548115023,0.04558471617433604,1,0,0.9119425730023067,new_900_extension,26092943
euclidean,609,True,71996,71996,0.24849991666203677,0.031987888216012,21,0,0.9119425730023067,new_900_extension,26092943
euclidean,610,True,69493,69493,0.05498395521851122,0.2266559221792123,4,0,0.9119425730023067,new_900_extension,26092943
euclidean,611,True,4287,4287,0.18777700023326335,0.10380219267553067,2,0,0.9119425730023067,new_900_extension,26092943
euclidean,612,True,1115,1115,0.051121076233183856,0.051121076233183856,8,0,0.47558309375017416,new_900_extension,26092943
euclidean,613,True,37227,37227,0.564993150132968,0.2882853842641094,4,0,0.47558309375017416,new_900_extension,26092943
euclidean,614,True,26379,26379,0.6638614049054172,0.35751923878843017,2,0,0.47558309375017416,new_900_extension,26092943
euclidean,615,True,2948,2948,0.4151967435549525,0.38093622795115334,14,0,0.47558309375017416,new_900_extension,26092943
euclidean,616,True,22943,22943,0.2513184849409406,0.05369829577648956,4,0,0.2822465832505259,new_900_extension,26092943
euclidean,617,True,17871,17871,0.08108108108108109,0.437692350735829,1,0,0.2822465832505259,new_900_extension,26092943
euclidean,618,True,17225,17225,0.06641509433962264,0.11152394775036284,10,0,0.2822465832505259,new_900_extension,26092943
euclidean,619,True,18130,18130,0.22868174296745725,0.07506894649751793,10,0,0.2822465832505259,new_900_extension,26092943
euclidean,620,True,5396,5396,0.05059303187546331,0.034284655300222386,2,0,0.3138840207539033,new_900_extension,26092943
euclidean,621,True,4715,4715,0.14931071049840933,0.1698833510074231,12,0,0.3138840207539033,new_900_extension,26092943
euclidean,622,True,1813,1813,0.20518477661334805,0.10204081632653061,6,0,0.3138840207539033,new_900_extension,26092943
euclidean,623,True,27314,27314,0.1660320714651827,0.3922896683019697,3,0,0.3138840207539033,new_900_extension,26092943
euclidean,624,True,493315,493315,0.2276537303751153,0.8998915500238185,5,0,5.895405875002325,new_900_extension,26092943
euclidean,625,True,3299,3299,0.15489542285541072,0.2837223401030615,2,0,5.895405875002325,new_900_extension,26092943
euclidean,626,True,3088,3088,0.6230569948186528,0.29533678756476683,7,0,5.895405875002325,new_900_extension,26092943
euclidean,627,True,60552,60552,0.2461850971066191,0.01623398071079403,3,0,5.895405875002325,new_900_extension,26092943
euclidean,628,True,95896,95896,0.09793943438725286,0.4917514807708351,2,0,1.1586858540031244,new_900_extension,26092943
euclidean,629,True,23924,23924,0.04882126734659756,0.5938806219695703,2,0,1.1586858540031244,new_900_extension,26092943
euclidean,630,True,7807,7807,0.02241578070961957,0.013321378250288203,40,0,1.1586858540031244,new_900_extension,26092943
euclidean,631,True,7040,7040,0.35838068181818183,0.2768465909090909,11,0,1.1586858540031244,new_900_extension,26092943
euclidean,632,True,11287,11287,0.021794985381412245,0.05448746345353061,16,0,0.7805082082486479,new_900_extension,26092943
euclidean,633,True,63269,63269,0.30599503706396497,0.04126823562882296,7,0,0.7805082082486479,new_900_extension,26092943
euclidean,634,True,31083,31083,0.47833220731589615,0.7512788340893736,2,0,0.7805082082486479,new_900_extension,26092943
euclidean,635,True,28846,28846,0.20495042640227415,0.016397420786244194,17,0,0.7805082082486479,new_900_extension,26092943
euclidean,636,True,41092,41092,0.78190402024725,0.3244183782731432,6,0,3.546782812496531,new_900_extension,26092943
euclidean,637,True,1264,1264,0.17800632911392406,0.1906645569620253,1,0,3.546782812496531,new_900_extension,26092943
euclidean,638,True,297233,297233,0.02857690767848792,0.34573550043232076,1,0,3.546782812496531,new_900_extension,26092943
euclidean,639,True,2651,2651,0.10750660128253489,0.07996982270841192,34,0,3.546782812496531,new_900_extension,26092943
euclidean,640,True,37639,37639,0.47336539227928476,0.12508302558516432,1,0,0.48809875000006286,new_900_extension,26092943
euclidean,641,True,27921,27921,0.19612478063106623,0.07385122309372874,13,0,0.48809875000006286,new_900_extension,26092943
euclidean,642,True,6358,6358,0.20195029883611199,0.27980497011638883,1,0,0.48809875000006286,new_900_extension,26092943
euclidean,643,True,41070,41070,0.009812515217920623,0.09569028487947406,23,0,0.48809875000006286,new_900_extension,26092943
euclidean,644,True,2361,2361,0.13638288860652267,0.07878017789072427,2,0,0.5029879895009799,new_900_extension,26092943
euclidean,645,True,7538,7538,0.06725921995224197,0.1346511010878217,7,0,0.5029879895009799,new_900_extension,26092943
euclidean,646,True,482,482,0.0954356846473029,0.0975103734439834,5,0,0.5029879895009799,new_900_extension,26092943
euclidean,647,True,42532,42532,0.16881406940656446,0.008511238596821217,8,0,0.5029879895009799,new_900_extension,26092943
euclidean,648,True,14670,14670,0.3824130879345603,0.5730743012951602,3,0,0.20995154149568407,new_900_extension,26092943
euclidean,649,True,17123,17123,0.040063073059627405,0.18746714944811071,2,0,0.20995154149568407,new_900_extension,26092943
euclidean,650,True,3398,3398,0.11418481459682166,0.07298410829899941,2,0,0.20995154149568407,new_900_extension,26092943
euclidean,651,True,8717,8717,0.30423310772054607,0.4604795227715957,1,0,0.20995154149568407,new_900_extension,26092943
euclidean,652,True,42825,42825,0.4925861062463514,0.0977466433158202,2,0,1.2513159167501726,new_900_extension,26092943
euclidean,653,True,100994,100994,0.15669247678079887,0.7375091589599382,1,0,1.2513159167501726,new_900_extension,26092943
euclidean,654,True,37019,37019,0.08903536022042735,0.5303492800994084,7,0,1.2513159167501726,new_900_extension,26092943
euclidean,655,True,20931,20931,0.02484353351488223,0.21589986144952464,1,0,1.2513159167501726,new_900_extension,26092943
euclidean,656,True,325084,325084,0.027986612690873745,0.245370427335704,4,0,3.827239927253686,new_900_extension,26092943
euclidean,657,True,2087,2087,0.24053665548634404,0.1571633924293244,11,0,3.827239927253686,new_900_extension,26092943
euclidean,658,True,6198,6198,0.49435301710229107,0.18344627299128752,4,0,3.827239927253686,new_900_extension,26092943
euclidean,659,True,27252,27252,0.3895493908703948,0.6453471304858359,3,0,3.827239927253686,new_900_extension,26092943
euclidean,660,True,2260,2260,0.06371681415929203,0.09424778761061947,2,0,0.48881233324937057,new_900_extension,26092943
euclidean,661,True,1850,1850,0.0772972972972973,0.0827027027027027,17,0,0.48881233324937057,new_900_extension,26092943
euclidean,662,True,3111,3111,0.13468338154934104,0.2667952426872388,2,0,0.48881233324937057,new_900_extension,26092943
euclidean,663,True,38720,38720,0.056353305785123965,0.24168388429752066,5,0,0.48881233324937057,new_900_extension,26092943
euclidean,664,True,9447,9447,0.4486080237112311,0.07684979358526517,1,0,0.5179064272451797,new_900_extension,26092943
euclidean,665,True,4040,4040,0.5460396039603961,0.5871287128712871,3,0,0.5179064272451797,new_900_extension,26092943
euclidean,666,True,46328,46328,0.3691935762389915,0.837312208599551,1,0,0.5179064272451797,new_900_extension,26092943
euclidean,667,True,8436,8436,0.04267425320056899,0.20578473210052156,10,0,0.5179064272451797,new_900_extension,26092943
euclidean,668,True,56422,56422,0.15238736663003793,0.008879515082769133,7,0,0.6351197292460711,new_900_extension,26092943
euclidean,669,True,25153,25153,0.25444281000278296,0.06587683377728303,12,0,0.6351197292460711,new_900_extension,26092943
euclidean,670,True,8966,8966,0.429623020298907,0.11532455944679902,3,0,0.6351197292460711,new_900_extension,26092943
euclidean,671,True,17456,17456,0.04508478460128323,0.2325274977085243,5,0,0.6351197292460711,new_900_extension,26092943
euclidean,672,True,12517,12517,0.14484301350163778,0.09722777023248383,13,0,2.453333573001146,new_900_extension,26092943
euclidean,673,True,201444,201444,0.224345227457755,0.003618871745993924,40,0,2.453333573001146,new_900_extension,26092943
euclidean,674,True,3756,3756,0.2539936102236422,0.4728434504792332,5,0,2.453333573001146,new_900_extension,26092943
euclidean,675,True,25343,25343,0.1314366886319694,0.43017795841060646,4,0,2.453333573001146,new_900_extension,26092943
euclidean,676,True,6089,6089,0.41698144194449005,0.17194941698144195,6,0,0.1702653644970269,new_900_extension,26092943
euclidean,677,True,9475,9475,0.20907651715039577,0.14100263852242745,7,0,0.1702653644970269,new_900_extension,26092943
euclidean,678,True,14242,14242,0.31561578429995785,0.08769835697233534,3,0,0.1702653644970269,new_900_extension,26092943
euclidean,679,True,10713,10713,0.09754503873798188,0.2902081583123308,4,0,0.1702653644970269,new_900_extension,26092943
euclidean,680,True,654,654,0.10550458715596331,0.10397553516819572,1,0,2.69093021874869,new_900_extension,26092943
euclidean,681,True,87747,87747,0.2412618095205534,0.02258766681481988,2,0,2.69093021874869,new_900_extension,26092943
euclidean,682,True,71495,71495,0.45091265123435204,0.2089936359185957,2,0,2.69093021874869,new_900_extension,26092943
euclidean,683,True,229358,229358,0.025148457869357075,0.46493255085935525,4,0,2.69093021874869,new_900_extension,26092943
euclidean,684,True,5151,5151,0.1795767812075325,0.2902349058435255,3,0,11.535582447751949,new_900_extension,26092943
euclidean,685,True,973989,973989,0.4248518207084474,0.00010472397532210323,20,0,11.535582447751949,new_900_extension,26092943
euclidean,686,True,3142,3142,0.23711012094207512,0.3290897517504774,7,0,11.535582447751949,new_900_extension,26092943
euclidean,687,True,20847,20847,0.3410562670887898,0.10202906893078141,1,0,11.535582447751949,new_900_extension,26092943
euclidean,688,False,-1,1000000,0.399763,0.958037,0,0,12.045100114497473,new_900_extension,26092943
euclidean,689,True,332242,332242,0.013074806917849038,0.2987761932567225,1,0,12.045100114497473,new_900_extension,26092943
euclidean,690,True,40045,40045,0.08989886377824947,0.295492570857785,14,0,12.045100114497473,new_900_extension,26092943
euclidean,691,True,1143,1143,0.0647419072615923,0.09273840769903761,28,0,12.045100114497473,new_900_extension,26092943
euclidean,692,True,10481,10481,0.12222116210285278,0.2669592596126324,2,0,0.1318548227500287,new_900_extension,26092943
euclidean,693,True,4907,4907,0.05808029345832484,0.07417974322396577,35,0,0.1318548227500287,new_900_extension,26092943
euclidean,694,True,501,501,0.25748502994011974,0.2934131736526946,1,0,0.1318548227500287,new_900_extension,26092943
euclidean,695,True,597,597,0.06197654941373534,0.07035175879396985,5,0,0.1318548227500287,new_900_extension,26092943
euclidean,696,True,35504,35504,0.09215863001351961,0.3242733213159081,12,0,0.958416666755511,new_900_extension,26092943
euclidean,697,True,85998,85998,0.07707155980371637,0.3171120258610665,3,0,0.958416666755511,new_900_extension,26092943
euclidean,698,True,1818,1818,0.10946094609460946,0.10671067106710672,7,0,0.958416666755511,new_900_extension,26092943
euclidean,699,True,22087,22087,0.12826549554036312,0.3903653732965093,1,0,0.958416666755511,new_900_extension,26092943
euclidean,700,True,6270,6270,0.714354066985646,0.6639553429027113,2,0,0.7455837604939006,new_900_extension,26092943
euclidean,701,True,16084,16084,0.18664511315593135,0.060619248943048994,33,0,0.7455837604939006,new_900_extension,26092943
euclidean,702,True,17235,17235,0.26527415143603134,0.04676530316217,3,0,0.7455837604939006,new_900_extension,26092943
euclidean,703,True,66034,66034,0.6832389375170367,0.20522761001908107,7,0,0.7455837604939006,new_900_extension,26092943
euclidean,704,True,13758,13758,0.28368948975141733,0.122837621747347,12,0,5.285419666499365,new_900_extension,26092943
euclidean,705,True,30260,30260,0.21910112359550563,0.45756774619960344,2,0,5.285419666499365,new_900_extension,26092943
euclidean,706,True,439408,439408,0.001333612496813895,0.23887366638750318,7,0,5.285419666499365,new_900_extension,26092943
euclidean,707,True,44571,44571,0.7050997285230307,0.31406071212223197,4,0,5.285419666499365,new_900_extension,26092943
euclidean,708,True,24622,24622,0.02148485094630818,0.00649825359434652,6,0,2.269910833252652,new_900_extension,26092943
euclidean,709,True,1597,1597,0.1008140262993112,0.14214151534126487,8,0,2.269910833252652,new_900_extension,26092943
euclidean,710,True,17381,17381,0.38455785052643693,0.18750359588055923,1,0,2.269910833252652,new_900_extension,26092943
euclidean,711,True,186001,186001,0.8655974967876516,0.3667184585029113,2,0,2.269910833252652,new_900_extension,26092943
euclidean,712,True,18902,18902,0.2509258279547138,0.09469897365358163,2,0,0.9086672604971682,new_900_extension,26092943
euclidean,713,True,44654,44654,0.15140860841134052,0.5305011869037488,3,0,0.9086672604971682,new_900_extension,26092943
euclidean,714,True,73494,73494,0.05284785152529458,0.42857920374452335,12,0,0.9086672604971682,new_900_extension,26092943
euclidean,715,True,17223,17223,0.4349997096905301,0.1864367415665099,24,0,0.9086672604971682,new_900_extension,26092943
euclidean,716,True,1994,1994,0.011033099297893681,0.011033099297893681,59,0,1.9673664582514903,new_900_extension,26092943
euclidean,717,True,6926,6926,0.5778226970834537,0.66185388391568,1,0,1.9673664582514903,new_900_extension,26092943
euclidean,718,True,16233,16233,0.2538039795478347,0.5085320027105279,1,0,1.9673664582514903,new_900_extension,26092943
euclidean,719,True,162614,162614,0.2921027709791285,0.8252241504421514,2,0,1.9673664582514903,new_900_extension,26092943
euclidean,720,True,9716,9716,0.07606010703993413,0.222725401399753,40,0,2.881702020749799,new_900_extension,26092943
euclidean,721,True,858,858,0.02097902097902098,0.018648018648018648,23,0,2.881702020749799,new_900_extension,26092943
euclidean,722,True,8966,8966,0.2762658933749721,0.09346419808164176,8,0,2.881702020749799,new_900_extension,26092943
euclidean,723,True,243761,243761,0.8749758985235538,0.25825296089202127,1,0,2.881702020749799,new_900_extension,26092943
euclidean,724,True,46491,46491,0.9208233851713234,0.9275343614893206,1,0,0.556931281251309,new_900_extension,26092943
euclidean,725,True,12257,12257,0.19654075222321937,0.24337113486171166,13,0,0.556931281251309,new_900_extension,26092943
euclidean,726,True,43373,43373,0.07451640421460355,0.4356857953104466,2,0,0.556931281251309,new_900_extension,26092943
euclidean,727,True,5438,5438,0.5303420375137918,0.2789628539904377,4,0,0.556931281251309,new_900_extension,26092943
euclidean,728,True,111125,111125,0.2786321709786277,0.027968503937007873,2,0,1.347016093750426,new_900_extension,26092943
euclidean,729,True,19447,19447,0.145935105671826,0.24533347045816836,9,0,1.347016093750426,new_900_extension,26092943
euclidean,730,True,12629,12629,0.6802597196927707,0.4097711616121625,2,0,1.347016093750426,new_900_extension,26092943
euclidean,731,True,47886,47886,0.7281042475880215,0.15236185941611327,2,0,1.347016093750426,new_900_extension,26092943
euclidean,732,True,68813,68813,0.8656794501039048,0.29975440687079474,1,0,0.8335108644969296,new_900_extension,26092943
euclidean,733,True,7131,7131,0.3522647595007713,0.2807460384237835,4,0,0.8335108644969296,new_900_extension,26092943
euclidean,734,True,11148,11148,0.22775385719411553,0.06960889845712236,2,0,0.8335108644969296,new_900_extension,26092943
euclidean,735,True,6768,6768,0.4784278959810875,0.11229314420803782,5,0,0.8335108644969296,new_900_extension,26092943
euclidean,736,True,5231,5231,0.23150449244886254,0.12655324029822212,1,0,0.41693913525523385,new_900_extension,26092943
euclidean,737,True,36858,36858,0.7400835639481252,0.2690596342720712,1,0,0.41693913525523385,new_900_extension,26092943
euclidean,738,True,2965,2965,0.03305227655986509,0.03372681281618887,103,0,0.41693913525523385,new_900_extension,26092943
euclidean,739,True,34217,34217,0.403366747523161,0.23768886810649678,1,0,0.41693913525523385,new_900_extension,26092943
euclidean,740,True,86482,86482,0.7354594019564765,0.16276219328877686,1,0,3.5360489167505875,new_900_extension,26092943
euclidean,741,True,67616,67616,0.3677236157122575,0.03246273071462376,1,0,3.5360489167505875,new_900_extension,26092943
euclidean,742,True,8294,8294,0.21919459850494333,0.18121533638775017,2,0,3.5360489167505875,new_900_extension,26092943
euclidean,743,True,303920,303920,0.0019149776256909713,0.20902211108186364,8,0,3.5360489167505875,new_900_extension,26092943
euclidean,744,True,3809,3809,0.22000525072197427,0.12444211079023365,1,0,0.30210390624415595,new_900_extension,26092943
euclidean,745,True,522,522,0.18199233716475097,0.1839080459770115,1,0,0.30210390624415595,new_900_extension,26092943
euclidean,746,True,13662,13662,0.13270385009515445,0.04333186941882594,87,0,0.30210390624415595,new_900_extension,26092943
euclidean,747,True,25114,25114,0.008560962013219719,0.17623636218842081,2,0,0.30210390624415595,new_900_extension,26092943
euclidean,748,True,15251,15251,0.6452035932070028,0.18405350468821716,1,0,0.9402813749984489,new_900_extension,26092943
euclidean,749,True,2182,2182,0.03620531622364803,0.032080659945004586,7,0,0.9402813749984489,new_900_extension,26092943
euclidean,750,True,80204,80204,0.7160241384469602,0.22426562266221137,4,0,0.9402813749984489,new_900_extension,26092943
euclidean,751,True,13727,13727,0.437240474976324,0.31827784657973335,1,0,0.9402813749984489,new_900_extension,26092943
euclidean,752,True,2289,2289,0.20445609436435125,0.16426387068588905,3,0,0.11262893749517389,new_900_extension,26092943
euclidean,753,True,6928,6928,0.11345265588914549,0.032909930715935336,19,0,0.11262893749517389,new_900_extension,26092943
euclidean,754,True,3824,3824,0.040271966527196654,0.020397489539748955,21,0,0.11262893749517389,new_900_extension,26092943
euclidean,755,True,9133,9133,0.31183619840140153,0.22676010073360342,3,0,0.11262893749517389,new_900_extension,26092943
euclidean,756,True,74100,74100,0.012199730094466937,0.20643724696356275,8,0,0.8770348750040284,new_900_extension,26092943
euclidean,757,True,1444,1444,0.3801939058171745,0.3760387811634349,2,0,0.8770348750040284,new_900_extension,26092943
euclidean,758,True,1583,1583,0.18445988629185092,0.20341124447252054,1,0,0.8770348750040284,new_900_extension,26092943
euclidean,759,True,50007,50007,0.30323754674345593,0.5679204911312417,2,0,0.8770348750040284,new_900_extension,26092943
euclidean,760,True,13227,13227,0.27111211915022304,0.4551296590307704,3,0,2.9061454792536097,new_900_extension,26092943
euclidean,761,True,6629,6629,0.00467642178307437,0.003922160205159149,81,0,2.9061454792536097,new_900_extension,26092943
euclidean,762,True,255682,255682,0.004032352688104755,0.20395647718650511,4,0,2.9061454792536097,new_900_extension,26092943
euclidean,763,True,179641,179641,0.23496306522453114,0.009062519135386688,17,0,2.9061454792536097,new_900_extension,26092943
euclidean,764,True,54654,54654,0.009093570461448385,0.3876934899549896,4,0,0.6653531562478747,new_900_extension,26092943
euclidean,765,True,15828,15828,0.018701036138488752,0.008718726307808946,21,0,0.6653531562478747,new_900_extension,26092943
euclidean,766,True,26752,26752,0.10545005980861244,0.26797996411483255,3,0,0.6653531562478747,new_900_extension,26092943
euclidean,767,True,24337,24337,0.2425935817890455,0.43924888030570736,4,0,0.6653531562478747,new_900_extension,26092943
euclidean,768,True,2856,2856,0.328781512605042,0.17542016806722688,3,0,0.45239690625021467,new_900_extension,26092943
euclidean,769,True,8632,8632,0.09812326227988878,0.338855421686747,5,0,0.45239690625021467,new_900_extension,26092943
euclidean,770,True,3156,3156,0.39480354879594426,0.46546261089987323,4,0,0.45239690625021467,new_900_extension,26092943
euclidean,771,True,40209,40209,0.6448556293367157,0.23698674426123506,6,0,0.45239690625021467,new_900_extension,26092943
euclidean,772,True,37165,37165,0.24609175299340777,0.09202206376967577,4,0,0.4505103855044581,new_900_extension,26092943
euclidean,773,True,2221,2221,0.1629896443043674,0.20621341737955876,10,0,0.4505103855044581,new_900_extension,26092943
euclidean,774,True,27594,27594,0.704682177284917,0.3580488511995361,1,0,0.4505103855044581,new_900_extension,26092943
euclidean,775,True,26294,26294,0.2313075226287366,0.043013615273446416,6,0,0.4505103855044581,new_900_extension,26092943
euclidean,776,True,28105,28105,0.15146771037181997,0.018003913894324854,3,0,0.3064130519996979,new_900_extension,26092943
euclidean,777,True,21435,21435,0.5726148822020061,0.15581992069045952,2,0,0.3064130519996979,new_900_extension,26092943
euclidean,778,True,12333,12333,0.15762588178058867,0.11465174734452283,7,0,0.3064130519996979,new_900_extension,26092943
euclidean,779,True,9339,9339,0.09701252810793447,0.3952243280865189,1,0,0.3064130519996979,new_900_extension,26092943
euclidean,780,True,7133,7133,0.1481844946025515,0.32945464741343056,4,0,0.4359616250003455,new_900_extension,26092943
euclidean,781,True,8116,8116,0.2790783637259734,0.09277969443075407,6,0,0.4359616250003455,new_900_extension,26092943
euclidean,782,True,1859,1859,0.019903173749327596,0.022054868208714364,4,0,0.4359616250003455,new_900_extension,26092943
euclidean,783,True,40960,40960,0.773388671875,0.355615234375,1,0,0.4359616250003455,new_900_extension,26092943
euclidean,784,True,57579,57579,0.5889126243943105,0.15597700550547944,1,0,1.4453245937475003,new_900_extension,26092943
euclidean,785,True,35892,35892,0.4897470188342806,0.20971247074557003,17,0,1.4453245937475003,new_900_extension,26092943
euclidean,786,True,41021,41021,0.09207479096072743,0.006996416469613125,2,0,1.4453245937475003,new_900_extension,26092943
euclidean,787,True,131994,131994,0.0067957634437929,0.22216918950861403,1,0,1.4453245937475003,new_900_extension,26092943
euclidean,788,True,9679,9679,0.5005682405207149,0.30994937493542724,2,0,0.5672424062431674,new_900_extension,26092943
euclidean,789,True,47076,47076,0.08566998045713314,0.41944940096864647,14,0,0.5672424062431674,new_900_extension,26092943
euclidean,790,True,27486,27486,0.17994615440587935,0.057010841883140505,2,0,0.5672424062431674,new_900_extension,26092943
euclidean,791,True,12345,12345,0.33292831105710813,0.05176184690157959,1,0,0.5672424062431674,new_900_extension,26092943
euclidean,792,True,26433,26433,0.4641168236673855,0.29247531494722506,1,0,0.8418287915046676,new_900_extension,26092943
euclidean,793,True,11669,11669,0.600051418287771,0.1839060759276716,2,0,0.8418287915046676,new_900_extension,26092943
euclidean,794,True,75643,75643,0.2896104067792129,0.7727747445236175,1,0,0.8418287915046676,new_900_extension,26092943
euclidean,795,True,7590,7590,0.3039525691699605,0.10645586297760211,6,0,0.8418287915046676,new_900_extension,26092943
euclidean,796,True,759,759,0.10935441370223979,0.13043478260869565,5,0,0.24580338525265688,new_900_extension,26092943
euclidean,797,True,23658,23658,0.5702933468594134,0.32039901935920195,2,0,0.24580338525265688,new_900_extension,26092943
euclidean,798,True,14912,14912,0.28916309012875535,0.05425160944206009,11,0,0.24580338525265688,new_900_extension,26092943
euclidean,799,True,11842,11842,0.2632156730282047,0.4272082418510387,3,0,0.24580338525265688,new_900_extension,26092943
euclidean,800,True,25978,25978,0.12737701131726845,0.49892216490876895,1,0,0.8107041042530909,new_900_extension,26092943
euclidean,801,True,33934,33934,0.12459480167383745,0.010579359933989509,1,0,0.8107041042530909,new_900_extension,26092943
euclidean,802,True,19077,19077,0.21423703936677674,0.6331708339885727,2,0,0.8107041042530909,new_900_extension,26092943
euclidean,803,True,77786,77786,0.196809194456586,0.7985370118016095,1,0,0.8107041042530909,new_900_extension,26092943
euclidean,804,True,27951,27951,0.01194948302386319,0.38105971163822405,9,0,0.2832738437500666,new_900_extension,26092943
euclidean,805,True,12671,12671,0.09517796543287822,0.05413937337226738,39,0,0.2832738437500666,new_900_extension,26092943
euclidean,806,True,19150,19150,0.4456919060052219,0.18026109660574413,2,0,0.2832738437500666,new_900_extension,26092943
euclidean,807,True,17047,17047,0.14671203144248254,0.355781075849123,1,0,0.2832738437500666,new_900_extension,26092943
euclidean,808,True,25743,25743,0.5418171930233462,0.23730722914967176,4,0,0.40337929149973206,new_900_extension,26092943
euclidean,809,True,38058,38058,0.6376057596300384,0.1356613589784014,29,0,0.40337929149973206,new_900_extension,26092943
euclidean,810,True,29455,29455,0.05628925479545069,0.23510439653709048,36,0,0.40337929149973206,new_900_extension,26092943
euclidean,811,True,14961,14961,0.5792393556580443,0.3886772274580576,3,0,0.40337929149973206,new_900_extension,26092943
euclidean,812,True,47598,47598,0.28711290390352534,0.05802764822051347,4,0,12.554048198006058,new_900_extension,26092943
euclidean,813,False,-1,1000000,0.994057,0.346255,0,0,12.554048198006058,new_900_extension,26092943
euclidean,814,True,4570,4570,0.2273522975929978,0.10568927789934354,4,0,12.554048198006058,new_900_extension,26092943
euclidean,815,True,3265,3265,0.177947932618683,0.15865237366003063,5,0,12.554048198006058,new_900_extension,26092943
euclidean,816,True,10266,10266,0.3892460549386324,0.16481589713617767,7,0,0.11449548975360813,new_900_extension,26092943
euclidean,817,True,6498,6498,0.391812865497076,0.2157586949830717,10,0,0.11449548975360813,new_900_extension,26092943
euclidean,818,True,9660,9660,0.19772256728778467,0.031055900621118012,6,0,0.11449548975360813,new_900_extension,26092943
euclidean,819,True,749,749,0.253671562082777,0.260347129506008,4,0,0.11449548975360813,new_900_extension,26092943
euclidean,820,True,17067,17067,0.258100427726021,0.5379387121345286,3,0,0.18173141650186153,new_900_extension,26092943
euclidean,821,True,4934,4934,0.15605999189298744,0.24625050668828535,6,0,0.18173141650186153,new_900_extension,26092943
euclidean,822,True,10233,10233,0.28632854490374277,0.0674289064790384,1,0,0.18173141650186153,new_900_extension,26092943
euclidean,823,True,4636,4636,0.44823123382226054,0.30198446937014667,7,0,0.18173141650186153,new_900_extension,26092943
euclidean,824,True,14387,14387,0.05233891707791757,0.1792590533120178,3,0,0.3239077812540927,new_900_extension,26092943
euclidean,825,True,29176,29176,0.20098711269536607,0.02885933644091034,6,0,0.3239077812540927,new_900_extension,26092943
euclidean,826,True,8285,8285,0.27700663850331925,0.11744115872057936,6,0,0.3239077812540927,new_900_extension,26092943
euclidean,827,True,5295,5295,0.07138810198300283,0.15920679886685551,47,0,0.3239077812540927,new_900_extension,26092943
euclidean,828,True,42741,42741,0.1962284457546618,0.6921223181488501,5,0,0.6376307292448473,new_900_extension,26092943
euclidean,829,True,9121,9121,0.10689617366516829,0.48952965683587324,1,0,0.6376307292448473,new_900_extension,26092943
euclidean,830,True,4050,4050,0.2518518518518518,0.23185185185185186,6,0,0.6376307292448473,new_900_extension,26092943
euclidean,831,True,56397,56397,0.10027129102611841,0.3268258949944146,1,0,0.6376307292448473,new_900_extension,26092943
euclidean,832,True,12321,12321,0.5613992370749128,0.31645158672185697,3,0,0.38055529150005896,new_900_extension,26092943
euclidean,833,True,33202,33202,0.044244322631166795,0.23754593096801396,19,0,0.38055529150005896,new_900_extension,26092943
euclidean,834,True,15754,15754,0.01434556303161102,0.1092420972451441,6,0,0.38055529150005896,new_900_extension,26092943
euclidean,835,True,5948,5948,0.10121049092131809,0.37491593813046403,19,0,0.38055529150005896,new_900_extension,26092943
euclidean,836,True,7289,7289,0.044724927973658936,0.045822472218411306,13,0,0.0833778437518049,new_900_extension,26092943
euclidean,837,True,2338,2338,0.38323353293413176,0.2946963216424294,3,0,0.0833778437518049,new_900_extension,26092943
euclidean,838,True,2307,2307,0.3550065019505852,0.40268747290853923,7,0,0.0833778437518049,new_900_extension,26092943
euclidean,839,True,1164,1164,0.16752577319587628,0.11683848797250859,16,0,0.0833778437518049,new_900_extension,26092943
euclidean,840,True,7743,7743,0.8415342890352576,0.8164794007490637,1,0,0.6319571249987348,new_900_extension,26092943
euclidean,841,True,17665,17665,0.4219077271440702,0.0697424285309935,1,0,0.6319571249987348,new_900_extension,26092943
euclidean,842,True,54607,54607,0.5343820389327376,0.123647151464098,2,0,0.6319571249987348,new_900_extension,26092943
euclidean,843,True,13002,13002,0.08229503153361022,0.2418858637132749,5,0,0.6319571249987348,new_900_extension,26092943
euclidean,844,True,2358,2358,0.10432569974554708,0.0729431721798134,9,0,0.11387103125161957,new_900_extension,26092943
euclidean,845,True,5452,5452,0.363536316947909,0.25513573000733675,8,0,0.11387103125161957,new_900_extension,26092943
euclidean,846,True,9270,9270,0.23624595469255663,0.16968716289104638,13,0,0.11387103125161957,new_900_extension,26092943
euclidean,847,True,4204,4204,0.3313510941960038,0.45004757373929594,2,0,0.11387103125161957,new_900_extension,26092943
euclidean,848,True,45542,45542,0.47839357076983885,0.0645557946510913,1,0,0.7301213645041571,new_900_extension,26092943
euclidean,849,True,65153,65153,0.08070234678372447,0.4336561631851181,1,0,0.7301213645041571,new_900_extension,26092943
euclidean,850,True,3061,3061,0.08918654034629206,0.08297941849068932,3,0,0.7301213645041571,new_900_extension,26092943
euclidean,851,True,13941,13941,0.3627429883078689,0.08414030557348827,1,0,0.7301213645041571,new_900_extension,26092943
euclidean,852,True,18189,18189,0.09615701797789873,0.0169333113420199,35,0,3.131031062504917,new_900_extension,26092943
euclidean,853,True,24341,24341,0.3666652972351177,0.6086438519370609,1,0,3.131031062504917,new_900_extension,26092943
euclidean,854,True,260745,260745,0.04286947017200713,0.250121766476826,1,0,3.131031062504917,new_900_extension,26092943
euclidean,855,True,9417,9417,0.314856111288096,0.5633428905171498,2,0,3.131031062504917,new_900_extension,26092943
euclidean,856,True,6551,6551,0.4266524194779423,0.300259502366051,5,0,0.3957161042490043,new_900_extension,26092943
euclidean,857,True,21836,21836,0.5215240886609269,0.08724125297673567,2,0,0.3957161042490043,new_900_extension,26092943
euclidean,858,True,6108,6108,0.11378519973804846,0.10658153241650295,41,0,0.3957161042490043,new_900_extension,26092943
euclidean,859,True,37477,37477,0.5381967606798836,0.1528937748485738,2,0,0.3957161042490043,new_900_extension,26092943
euclidean,860,True,5351,5351,0.16090450383105961,0.2911605307419174,2,0,0.9081649792497046,new_900_extension,26092943
euclidean,861,True,81443,81443,0.18496371695541666,0.713726164311236,13,0,0.9081649792497046,new_900_extension,26092943
euclidean,862,True,5700,5700,0.12421052631578948,0.07017543859649122,4,0,0.9081649792497046,new_900_extension,26092943
euclidean,863,True,14049,14049,0.27375613922699127,0.4284290696846751,2,0,0.9081649792497046,new_900_extension,26092943
euclidean,864,True,63670,63670,0.7817810585833203,0.23100361237631536,1,0,6.53837391675188,new_900_extension,26092943
euclidean,865,True,1384,1384,0.044797687861271675,0.04407514450867052,17,0,6.53837391675188,new_900_extension,26092943
euclidean,866,True,496570,496570,0.0006121996898725255,0.46408764121876067,1,0,6.53837391675188,new_900_extension,26092943
euclidean,867,True,201330,201330,0.7158893359161576,0.2322952366761039,9,0,6.53837391675188,new_900_extension,26092943
euclidean,868,True,2332,2332,0.022298456260720412,0.03816466552315609,7,0,0.7435440312474384,new_900_extension,26092943
euclidean,869,True,60362,60362,0.2696729730625228,0.8266790364799046,2,0,0.7435440312474384,new_900_extension,26092943
euclidean,870,True,3040,3040,0.1006578947368421,0.20625,4,0,0.7435440312474384,new_900_extension,26092943
euclidean,871,True,9474,9474,0.1162127929069031,0.43350221659278027,2,0,0.7435440312474384,new_900_extension,26092943
euclidean,872,True,706,706,0.059490084985835696,0.06515580736543909,18,0,1.291522458253894,new_900_extension,26092943
euclidean,873,True,99500,99500,0.811356783919598,0.3978291457286432,2,0,1.291522458253894,new_900_extension,26092943
euclidean,874,True,1393,1393,0.10050251256281408,0.1048097631012204,6,0,1.291522458253894,new_900_extension,26092943
euclidean,875,True,3856,3856,0.41882780082987553,0.3428423236514523,1,0,1.291522458253894,new_900_extension,26092943
euclidean,876,True,36268,36268,0.21164663063857947,0.25898864012352485,1,0,0.4759548959991662,new_900_extension,26092943
euclidean,877,True,28350,28350,0.1908289241622575,0.006313932980599647,10,0,0.4759548959991662,new_900_extension,26092943
euclidean,878,True,27539,27539,0.1432513889393224,0.3507752641708123,2,0,0.4759548959991662,new_900_extension,26092943
euclidean,879,True,31353,31353,0.10805983478455013,0.3121870315440309,5,0,0.4759548959991662,new_900_extension,26092943
euclidean,880,True,8426,8426,0.043436980773795396,0.29646332779492046,4,0,0.9333618437522091,new_900_extension,26092943
euclidean,881,True,5792,5792,0.1348411602209945,0.06319060773480663,14,0,0.9333618437522091,new_900_extension,26092943
euclidean,882,True,73186,73186,0.26529664143415405,0.6522695597518651,3,0,0.9333618437522091,new_900_extension,26092943
euclidean,883,True,2761,2761,0.21405287939152481,0.20825787758058675,2,0,0.9333618437522091,new_900_extension,26092943
euclidean,884,True,977,977,0.33162743091095187,0.3265097236438076,1,0,0.25771199999871897,new_900_extension,26092943
euclidean,885,True,20586,20586,0.46759933935684445,0.18157971436898862,2,0,0.25771199999871897,new_900_extension,26092943
euclidean,886,True,3793,3793,0.37595570788294225,0.1713683100448194,2,0,0.25771199999871897,new_900_extension,26092943
euclidean,887,True,1360,1360,0.08676470588235294,0.11029411764705882,18,0,0.25771199999871897,new_900_extension,26092943
euclidean,888,True,4617,4617,0.26987221139267925,0.1171756551873511,7,0,0.09921436449803878,new_900_extension,26092943
euclidean,889,True,1393,1393,0.06317300789662599,0.06389088298636038,2,0,0.09921436449803878,new_900_extension,26092943
euclidean,890,True,8136,8136,0.1517944936086529,0.04473942969518191,8,0,0.09921436449803878,new_900_extension,26092943
euclidean,891,True,814,814,0.1732186732186732,0.13636363636363635,3,0,0.09921436449803878,new_900_extension,26092943
euclidean,892,True,2165,2165,0.0997690531177829,0.11224018475750577,8,0,9.006907906252309,new_900_extension,26092943
euclidean,893,True,4994,4994,0.144973968762515,0.3356027232679215,2,0,9.006907906252309,new_900_extension,26092943
euclidean,894,True,83549,83549,0.4304898921590923,0.8145639086045314,7,0,9.006907906252309,new_900_extension,26092943
euclidean,895,True,559454,559454,0.32633067240559543,0.921257154296868,1,0,9.006907906252309,new_900_extension,26092943
euclidean,896,True,7341,7341,0.08432093720201607,0.23252962811606048,60,0,0.5386519792518811,new_900_extension,26092943
euclidean,897,True,30509,30509,0.2020059654528172,0.5685207643646137,4,0,0.5386519792518811,new_900_extension,26092943
euclidean,898,True,42848,42848,0.12324962658700522,0.0351008215085885,23,0,0.5386519792518811,new_900_extension,26092943
euclidean,899,True,1920,1920,0.35260416666666666,0.35208333333333336,1,0,0.5386519792518811,new_900_extension,26092943
euclidean,900,True,8536,8536,0.09946110590440488,0.053537956888472356,20,0,0.21796434374846285,new_900_extension,26092943
euclidean,901,True,15875,15875,0.20113385826771654,0.4653858267716535,14,0,0.21796434374846285,new_900_extension,26092943
euclidean,902,True,2658,2658,0.5237020316027088,0.4706546275395034,2,0,0.21796434374846285,new_900_extension,26092943
euclidean,903,True,1020,1020,0.047058823529411764,0.04607843137254902,6,0,0.21796434374846285,new_900_extension,26092943
euclidean,904,True,1540,1540,0.10324675324675325,0.08571428571428572,28,0,1.613130010497116,new_900_extension,26092943
euclidean,905,True,29091,29091,0.13299645938606441,0.3293458457942319,1,0,1.613130010497116,new_900_extension,26092943
euclidean,906,True,52893,52893,0.15313935681470137,0.02162857088839733,19,0,1.613130010497116,new_900_extension,26092943
euclidean,907,True,115128,115128,0.8737405322771177,0.4040806754221388,1,0,1.613130010497116,new_900_extension,26092943
euclidean,908,True,28222,28222,0.642229466373751,0.16625327758486289,5,0,1.3016453749951324,new_900_extension,26092943
euclidean,909,True,51387,51387,0.5844863486874112,0.21762313425574561,2,0,1.3016453749951324,new_900_extension,26092943
euclidean,910,True,1721,1721,0.2504357931435212,0.3102847181871005,4,0,1.3016453749951324,new_900_extension,26092943
euclidean,911,True,93484,93484,0.20017329168627787,0.6707137050190407,2,0,1.3016453749951324,new_900_extension,26092943
euclidean,912,True,6762,6762,0.6199349304939367,0.458592132505176,3,0,0.9583658749979804,new_900_extension,26092943
euclidean,913,True,7405,7405,0.13301823092505063,0.37083051991897364,7,0,0.9583658749979804,new_900_extension,26092943
euclidean,914,True,2683,2683,0.08647036898993664,0.1613865076407007,2,0,0.9583658749979804,new_900_extension,26092943
euclidean,915,True,67908,67908,0.27104317606173056,0.8129822701301761,3,0,0.9583658749979804,new_900_extension,26092943
euclidean,916,True,1668,1668,0.25059952038369304,0.263189448441247,1,0,0.8259771355005796,new_900_extension,26092943
euclidean,917,True,61943,61943,0.09600761990862568,0.39744603910046333,1,0,0.8259771355005796,new_900_extension,26092943
euclidean,918,True,4944,4944,0.17475728155339806,0.4108009708737864,2,0,0.8259771355005796,new_900_extension,26092943
euclidean,919,True,9651,9651,0.17355714433737437,0.22246399336856285,5,0,0.8259771355005796,new_900_extension,26092943
euclidean,920,True,10667,10667,0.39514390175307024,0.11530889659698135,5,0,0.6387833854969358,new_900_extension,26092943
euclidean,921,True,47304,47304,0.4170471841704718,0.06204549298156604,13,0,0.6387833854969358,new_900_extension,26092943
euclidean,922,True,13480,13480,0.3255192878338279,0.19235905044510385,3,0,0.6387833854969358,new_900_extension,26092943
euclidean,923,True,1058,1058,0.05671077504725898,0.07844990548204159,2,0,0.6387833854969358,new_900_extension,26092943
euclidean,924,True,15719,15719,0.35810166041096764,0.06374451300973344,2,0,4.473758874999476,new_900_extension,26092943
euclidean,925,True,2150,2150,0.1013953488372093,0.11767441860465117,4,0,4.473758874999476,new_900_extension,26092943
euclidean,926,True,340023,340023,0.21676768924455111,0.7605367872173353,4,0,4.473758874999476,new_900_extension,26092943
euclidean,927,True,76034,76034,0.32121156324802064,0.6069653049951338,1,0,4.473758874999476,new_900_extension,26092943
euclidean,928,True,13625,13625,0.09438532110091744,0.5615412844036697,7,0,1.3836234582558973,new_900_extension,26092943
euclidean,929,True,20319,20319,0.6703085781780599,0.17136670111718097,14,0,1.3836234582558973,new_900_extension,26092943
euclidean,930,True,101039,101039,0.013588812240817903,0.27863498253149777,1,0,1.3836234582558973,new_900_extension,26092943
euclidean,931,True,43429,43429,0.3300329273066384,0.720140919661977,2,0,1.3836234582558973,new_900_extension,26092943
euclidean,932,True,21385,21385,0.30759878419452885,0.03231236848258125,1,0,2.397824041749118,new_900_extension,26092943
euclidean,933,True,176425,176425,0.0011676349723678617,0.23760804874592603,2,0,2.397824041749118,new_900_extension,26092943
euclidean,934,True,8983,8983,0.13926305243237225,0.5068462651675387,2,0,2.397824041749118,new_900_extension,26092943
euclidean,935,True,9648,9648,0.31343283582089554,0.05254975124378109,11,0,2.397824041749118,new_900_extension,26092943
euclidean,936,True,12067,12067,0.10590867655589625,0.3575868069942819,15,0,1.7793710727564758,new_900_extension,26092943
euclidean,937,True,88388,88388,0.04378422410281939,0.6709621215549623,1,0,1.7793710727564758,new_900_extension,26092943
euclidean,938,True,2912,2912,0.1466346153846154,0.26407967032967034,1,0,1.7793710727564758,new_900_extension,26092943
euclidean,939,True,137191,137191,0.2140738095064545,0.003724734129789855,24,0,1.7793710727564758,new_900_extension,26092943
euclidean,940,True,40811,40811,0.5708509960549851,0.09615054764646787,2,0,0.5230997812468559,new_900_extension,26092943
euclidean,941,True,303,303,0.17491749174917492,0.19141914191419143,4,0,0.5230997812468559,new_900_extension,26092943
euclidean,942,True,11973,11973,0.18708761379771152,0.11801553495364571,16,0,0.5230997812468559,new_900_extension,26092943
euclidean,943,True,3949,3949,0.30007596859964547,0.43124841732084074,3,0,0.5230997812468559,new_900_extension,26092943
euclidean,944,True,10641,10641,0.14979795132036464,0.17611126773799454,22,0,0.4110062604959239,new_900_extension,26092943
euclidean,945,True,804,804,0.06965174129353234,0.07960199004975124,41,0,0.4110062604959239,new_900_extension,26092943
euclidean,946,True,30493,30493,0.3199422818351753,0.0839536942904929,11,0,0.4110062604959239,new_900_extension,26092943
euclidean,947,True,31301,31301,0.7081882367975464,0.47893038561068335,1,0,0.4110062604959239,new_900_extension,26092943
euclidean,948,True,72963,72963,0.48547894138124803,0.9093239038964955,1,0,0.9650100312501309,new_900_extension,26092943
euclidean,949,True,6613,6613,0.1475880840768184,0.3164978073491607,1,0,0.9650100312501309,new_900_extension,26092943
euclidean,950,True,4830,4830,0.6289855072463768,0.537888198757764,3,0,0.9650100312501309,new_900_extension,26092943
euclidean,951,True,43861,43861,0.28355486651011147,0.06563917831330796,13,0,0.9650100312501309,new_900_extension,26092943
euclidean,952,True,12664,12664,0.5998104864181933,0.16171825647504737,2,0,0.14023959374753758,new_900_extension,26092943
euclidean,953,True,5193,5193,0.08164837280955133,0.1363373772385904,6,0,0.14023959374753758,new_900_extension,26092943
euclidean,954,True,1615,1615,0.04891640866873065,0.07987616099071207,4,0,0.14023959374753758,new_900_extension,26092943
euclidean,955,True,3331,3331,0.20924647253077153,0.214950465325728,13,0,0.14023959374753758,new_900_extension,26092943
euclidean,956,True,4719,4719,0.08539944903581267,0.14113159567705022,15,0,1.5445533960009925,new_900_extension,26092943
euclidean,957,True,118671,118671,0.000935359102055262,0.24035358259389406,3,0,1.5445533960009925,new_900_extension,26092943
euclidean,958,True,107878,107878,0.03224939283264428,0.33153191568253026,1,0,1.5445533960009925,new_900_extension,26092943
euclidean,959,True,38422,38422,0.5657696111602728,0.2451199833428765,2,0,1.5445533960009925,new_900_extension,26092943
euclidean,960,True,2400,2400,0.41541666666666666,0.46166666666666667,1,0,0.6059350209980039,new_900_extension,26092943
euclidean,961,True,48099,48099,0.050146572693818996,0.28963180107694547,3,0,0.6059350209980039,new_900_extension,26092943
euclidean,962,True,3385,3385,0.3066469719350074,0.33234859675036926,2,0,0.6059350209980039,new_900_extension,26092943
euclidean,963,True,37838,37838,0.15912574660394313,0.5960410169670701,1,0,0.6059350209980039,new_900_extension,26092943
euclidean,964,True,8098,8098,0.27574709804890096,0.09755495183996049,1,0,2.9553268437448423,new_900_extension,26092943
euclidean,965,True,12989,12989,0.28739702825467706,0.5786434675494649,1,0,2.9553268437448423,new_900_extension,26092943
euclidean,966,True,234212,234212,0.28131778047239253,0.8751174149915462,12,0,2.9553268437448423,new_900_extension,26092943
euclidean,967,True,35332,35332,0.21218725234914526,0.07092720480018114,12,0,2.9553268437448423,new_900_extension,26092943
euclidean,968,True,2434,2434,0.012736236647493838,0.025883319638455218,4,0,8.774398052002653,new_900_extension,26092943
euclidean,969,True,563600,563600,0.7062615330021291,0.9354471256210078,1,0,8.774398052002653,new_900_extension,26092943
euclidean,970,True,8097,8097,0.31172039026800047,0.1720390268000494,1,0,8.774398052002653,new_900_extension,26092943
euclidean,971,True,46522,46522,0.013047590387343622,0.2074502385967929,29,0,8.774398052002653,new_900_extension,26092943
euclidean,972,True,3584,3584,0.146484375,0.39676339285714285,6,0,0.3637744687512168,new_900_extension,26092943
euclidean,973,True,27006,27006,0.4033918388506258,0.1574464933718433,2,0,0.3637744687512168,new_900_extension,26092943
euclidean,974,True,8196,8196,0.29380185456320157,0.29428989751098095,2,0,0.3637744687512168,new_900_extension,26092943
euclidean,975,True,5177,5177,0.12188526173459532,0.19876376279698668,3,0,0.3637744687512168,new_900_extension,26092943
euclidean,976,True,17509,17509,0.17002684333771204,0.34730709920612257,1,0,0.2352410312523716,new_900_extension,26092943
euclidean,977,True,3975,3975,0.11119496855345912,0.2379874213836478,5,0,0.2352410312523716,new_900_extension,26092943
euclidean,978,True,7621,7621,0.1259677207715523,0.29103792153260727,5,0,0.2352410312523716,new_900_extension,26092943
euclidean,979,True,14964,14964,0.48643410852713176,0.19453354717989843,1,0,0.2352410312523716,new_900_extension,26092943
euclidean,980,True,54741,54741,0.2343946950183592,0.46763851592042527,3,0,0.9463895519947982,new_900_extension,26092943
euclidean,981,True,3735,3735,0.2714859437751004,0.3287817938420348,1,0,0.9463895519947982,new_900_extension,26092943
euclidean,982,True,13122,13122,0.4911598841639994,0.18709038256363358,1,0,0.9463895519947982,new_900_extension,26092943
euclidean,983,True,62379,62379,0.25824396030715463,0.757498517129162,2,0,0.9463895519947982,new_900_extension,26092943
euclidean,984,True,84598,84598,0.45134636752641905,0.017399938532825836,1,0,1.5151185417489614,new_900_extension,26092943
euclidean,985,True,23740,23740,0.02535804549283909,0.2716512215669756,1,0,1.5151185417489614,new_900_extension,26092943
euclidean,986,True,12380,12380,0.3815831987075929,0.2734248788368336,1,0,1.5151185417489614,new_900_extension,26092943
euclidean,987,True,2278,2278,0.07682177348551361,0.11106233538191396,7,0,1.5151185417489614,new_900_extension,26092943
euclidean,988,True,4573,4573,0.08440848458342445,0.13885851738464902,13,0,0.21464990625099745,new_900_extension,26092943
euclidean,989,True,5818,5818,0.16500515641113786,0.10330010312822276,4,0,0.21464990625099745,new_900_extension,26092943
euclidean,990,True,17171,17171,0.37644866344417915,0.15735833673053404,8,0,0.21464990625099745,new_900_extension,26092943
euclidean,991,True,4418,4418,0.10162969669533725,0.33182435491172474,2,0,0.21464990625099745,new_900_extension,26092943
euclidean,992,True,90230,90230,0.14398758727695887,0.8509364956222986,1,0,1.3534181977520348,new_900_extension,26092943
euclidean,993,True,5127,5127,0.2603861907548274,0.09401209284181783,4,0,1.3534181977520348,new_900_extension,26092943
euclidean,994,True,9043,9043,0.2427291827933208,0.3507685502598695,5,0,1.3534181977520348,new_900_extension,26092943
euclidean,995,True,4116,4116,0.02891156462585034,0.021622934888241012,138,0,1.3534181977520348,new_900_extension,26092943
euclidean,996,True,277109,277109,0.8850452349075635,0.15162625537243468,1,0,3.850154395753634,new_900_extension,26092943
euclidean,997,True,575,575,0.34956521739130436,0.3739130434782609,1,0,3.850154395753634,new_900_extension,26092943
euclidean,998,True,15356,15356,0.25989841104454287,0.07039593644178171,3,0,3.850154395753634,new_900_extension,26092943
euclidean,999,True,7904,7904,0.04542004048582996,0.35020242914979755,2,0,3.850154395753634,new_900_extension,26092943
scs,0,True,9,9,0.6666666666666666,0.6666666666666666,1,0,0.07921323962364113,new_scs_vi_1000,26092913
scs,1,True,27,27,0.5555555555555556,0.5925925925925926,1,5,0.07921323962364113,new_scs_vi_1000,26092913
scs,2,True,23,23,0.2608695652173913,0.2608695652173913,4,8,0.07921323962364113,new_scs_vi_1000,26092913
scs,3,True,62,62,0.24193548387096775,0.27419354838709675,6,9,0.07921323962364113,new_scs_vi_1000,26092913
scs,4,True,34,34,0.47058823529411764,0.5588235294117647,3,9,0.07921323962364113,new_scs_vi_1000,26092913
scs,5,True,76,76,0.27631578947368424,0.27631578947368424,2,10,0.07921323962364113,new_scs_vi_1000,26092913
scs,6,True,35,35,0.5142857142857142,0.4,6,3,0.07921323962364113,new_scs_vi_1000,26092913
scs,7,True,30,30,0.3333333333333333,0.4,2,3,0.07921323962364113,new_scs_vi_1000,26092913
scs,8,True,43,43,0.37209302325581395,0.4418604651162791,1,4,0.07921323962364113,new_scs_vi_1000,26092913
scs,9,True,83,83,0.24096385542168675,0.24096385542168675,3,13,0.07921323962364113,new_scs_vi_1000,26092913
scs,10,True,17,17,0.5294117647058824,0.5882352941176471,1,2,0.07921323962364113,new_scs_vi_1000,26092913
scs,11,True,11,11,0.7272727272727273,0.8181818181818182,2,0,0.07921323962364113,new_scs_vi_1000,26092913
scs,12,True,34,34,0.5588235294117647,0.6176470588235294,1,2,0.07921323962364113,new_scs_vi_1000,26092913
scs,13,True,39,39,0.3076923076923077,0.4358974358974359,1,1,0.07921323962364113,new_scs_vi_1000,26092913
scs,14,True,21,21,0.47619047619047616,0.47619047619047616,1,0,0.07921323962364113,new_scs_vi_1000,26092913
scs,15,True,21,21,0.38095238095238093,0.38095238095238093,1,0,0.07921323962364113,new_scs_vi_1000,26092913
scs,16,True,22,22,0.5454545454545454,0.5454545454545454,2,0,0.0009826536261243746,new_scs_vi_1000,26092913
scs,17,True,20,20,0.35,0.35,1,1,0.0009826536261243746,new_scs_vi_1000,26092913
scs,18,True,85,85,0.4117647058823529,0.4235294117647059,2,15,0.0009826536261243746,new_scs_vi_1000,26092913
scs,19,True,27,27,0.2962962962962963,0.48148148148148145,1,9,0.0009826536261243746,new_scs_vi_1000,26092913
scs,20,True,31,31,0.5806451612903226,0.5483870967741935,1,5,0.0009826536261243746,new_scs_vi_1000,26092913
scs,21,True,55,55,0.43636363636363634,0.41818181818181815,1,6,0.0009826536261243746,new_scs_vi_1000,26092913
scs,22,True,81,81,0.37037037037037035,0.32098765432098764,3,20,0.0009826536261243746,new_scs_vi_1000,26092913
scs,23,True,59,59,0.22033898305084745,0.22033898305084745,7,0,0.0009826536261243746,new_scs_vi_1000,26092913
scs,24,True,22,22,0.4090909090909091,0.45454545454545453,5,4,0.0009826536261243746,new_scs_vi_1000,26092913
scs,25,True,26,26,0.4230769230769231,0.46153846153846156,3,0,0.0009826536261243746,new_scs_vi_1000,26092913
scs,26,True,87,87,0.40229885057471265,0.367816091954023,3,14,0.0009826536261243746,new_scs_vi_1000,26092913
scs,27,True,62,62,0.45161290322580644,0.43548387096774194,7,2,0.0009826536261243746,new_scs_vi_1000,26092913
scs,28,True,19,19,0.42105263157894735,0.42105263157894735,4,5,0.0009826536261243746,new_scs_vi_1000,26092913
scs,29,True,15,15,0.5333333333333333,0.4,2,0,0.0009826536261243746,new_scs_vi_1000,26092913
scs,30,True,23,23,0.6521739130434783,0.5652173913043478,1,0,0.0009826536261243746,new_scs_vi_1000,26092913
scs,31,True,42,42,0.35714285714285715,0.38095238095238093,7,8,0.0009826536261243746,new_scs_vi_1000,26092913
scs,32,True,58,58,0.41379310344827586,0.46551724137931033,7,0,0.0007068098748277407,new_scs_vi_1000,26092913
scs,33,True,7,7,0.7142857142857143,0.7142857142857143,1,0,0.0007068098748277407,new_scs_vi_1000,26092913
scs,34,True,57,57,0.43859649122807015,0.2807017543859649,1,16,0.0007068098748277407,new_scs_vi_1000,26092913
scs,35,True,47,47,0.3829787234042553,0.5106382978723404,4,6,0.0007068098748277407,new_scs_vi_1000,26092913
scs,36,True,55,55,0.41818181818181815,0.36363636363636365,4,8,0.0007068098748277407,new_scs_vi_1000,26092913
scs,37,True,26,26,0.46153846153846156,0.46153846153846156,2,1,0.0007068098748277407,new_scs_vi_1000,26092913
scs,38,True,15,15,0.5333333333333333,0.5333333333333333,1,2,0.0007068098748277407,new_scs_vi_1000,26092913
scs,39,True,17,17,0.5882352941176471,0.5294117647058824,3,0,0.0007068098748277407,new_scs_vi_1000,26092913
scs,40,True,70,70,0.38571428571428573,0.37142857142857144,3,5,0.0007068098748277407,new_scs_vi_1000,26092913
scs,41,True,26,26,0.46153846153846156,0.46153846153846156,2,7,0.0007068098748277407,new_scs_vi_1000,26092913
scs,42,True,31,31,0.3548387096774194,0.3548387096774194,3,2,0.0007068098748277407,new_scs_vi_1000,26092913
scs,43,True,41,41,0.24390243902439024,0.2682926829268293,7,4,0.0007068098748277407,new_scs_vi_1000,26092913
scs,44,True,79,79,0.2911392405063291,0.3291139240506329,5,9,0.0007068098748277407,new_scs_vi_1000,26092913
scs,45,True,42,42,0.38095238095238093,0.42857142857142855,8,3,0.0007068098748277407,new_scs_vi_1000,26092913
scs,46,True,39,39,0.4358974358974359,0.5128205128205128,2,8,0.0007068098748277407,new_scs_vi_1000,26092913
scs,47,True,45,45,0.4444444444444444,0.4444444444444444,1,5,0.0007068098748277407,new_scs_vi_1000,26092913
scs,48,True,39,39,0.28205128205128205,0.2564102564102564,2,7,0.0006865546893095598,new_scs_vi_1000,26092913
scs,49,True,35,35,0.2857142857142857,0.5142857142857142,1,6,0.0006865546893095598,new_scs_vi_1000,26092913
scs,50,True,43,43,0.3953488372093023,0.37209302325581395,3,5,0.0006865546893095598,new_scs_vi_1000,26092913
scs,51,True,23,23,0.5652173913043478,0.5652173913043478,2,2,0.0006865546893095598,new_scs_vi_1000,26092913
scs,52,True,59,59,0.423728813559322,0.3559322033898305,3,9,0.0006865546893095598,new_scs_vi_1000,26092913
scs,53,True,16,16,0.5625,0.625,1,3,0.0006865546893095598,new_scs_vi_1000,26092913
scs,54,True,43,43,0.5348837209302325,0.4883720930232558,1,8,0.0006865546893095598,new_scs_vi_1000,26092913
scs,55,True,71,71,0.28169014084507044,0.323943661971831,10,6,0.0006865546893095598,new_scs_vi_1000,26092913
scs,56,True,28,28,0.5714285714285714,0.6785714285714286,1,4,0.0006865546893095598,new_scs_vi_1000,26092913
scs,57,True,47,47,0.44680851063829785,0.40425531914893614,3,5,0.0006865546893095598,new_scs_vi_1000,26092913
scs,58,True,54,54,0.25925925925925924,0.24074074074074073,1,11,0.0006865546893095598,new_scs_vi_1000,26092913
scs,59,True,16,16,0.375,0.375,1,0,0.0006865546893095598,new_scs_vi_1000,26092913
scs,60,True,23,23,0.4782608695652174,0.4782608695652174,1,0,0.0006865546893095598,new_scs_vi_1000,26092913
scs,61,True,13,13,0.5384615384615384,0.6153846153846154,1,0,0.0006865546893095598,new_scs_vi_1000,26092913
scs,62,True,15,15,0.5333333333333333,0.6,1,1,0.0006865546893095598,new_scs_vi_1000,26092913
scs,63,True,40,40,0.45,0.425,3,9,0.0006865546893095598,new_scs_vi_1000,26092913
scs,64,True,30,30,0.3333333333333333,0.4666666666666667,1,4,0.0008781849392107688,new_scs_vi_1000,26092913
scs,65,True,17,17,0.5294117647058824,0.5294117647058824,2,0,0.0008781849392107688,new_scs_vi_1000,26092913
scs,66,True,24,24,0.3333333333333333,0.3333333333333333,2,0,0.0008781849392107688,new_scs_vi_1000,26092913
scs,67,True,103,103,0.2815533980582524,0.4174757281553398,2,4,0.0008781849392107688,new_scs_vi_1000,26092913
scs,68,True,17,17,0.4117647058823529,0.5882352941176471,1,0,0.0008781849392107688,new_scs_vi_1000,26092913
scs,69,True,51,51,0.3137254901960784,0.35294117647058826,2,6,0.0008781849392107688,new_scs_vi_1000,26092913
scs,70,True,22,22,0.5909090909090909,0.5454545454545454,3,7,0.0008781849392107688,new_scs_vi_1000,26092913
scs,71,True,22,22,0.36363636363636365,0.4090909090909091,2,1,0.0008781849392107688,new_scs_vi_1000,26092913
scs,72,True,28,28,0.4642857142857143,0.5,2,0,0.0008781849392107688,new_scs_vi_1000,26092913
scs,73,True,38,38,0.6578947368421053,0.5,3,1,0.0008781849392107688,new_scs_vi_1000,26092913
scs,74,True,29,29,0.41379310344827586,0.3793103448275862,1,4,0.0008781849392107688,new_scs_vi_1000,26092913
scs,75,True,40,40,0.575,0.425,1,1,0.0008781849392107688,new_scs_vi_1000,26092913
scs,76,True,29,29,0.3103448275862069,0.3448275862068966,1,0,0.0008781849392107688,new_scs_vi_1000,26092913
scs,77,True,13,13,0.6923076923076923,0.6923076923076923,1,0,0.0008781849392107688,new_scs_vi_1000,26092913
scs,78,True,21,21,0.38095238095238093,0.38095238095238093,6,0,0.0008781849392107688,new_scs_vi_1000,26092913
scs,79,True,16,16,0.625,0.5625,2,0,0.0008781849392107688,new_scs_vi_1000,26092913
scs,80,True,41,41,0.3170731707317073,0.5365853658536586,2,9,0.0009319322489318438,new_scs_vi_1000,26092913
scs,81,True,12,12,0.6666666666666666,0.6666666666666666,1,4,0.0009319322489318438,new_scs_vi_1000,26092913
scs,82,True,26,26,0.5,0.5769230769230769,1,2,0.0009319322489318438,new_scs_vi_1000,26092913
scs,83,True,20,20,0.5,0.5,1,0,0.0009319322489318438,new_scs_vi_1000,26092913
scs,84,True,62,62,0.4838709677419355,0.4032258064516129,4,3,0.0009319322489318438,new_scs_vi_1000,26092913
scs,85,True,70,70,0.35714285714285715,0.38571428571428573,3,3,0.0009319322489318438,new_scs_vi_1000,26092913
scs,86,True,58,58,0.25862068965517243,0.27586206896551724,2,8,0.0009319322489318438,new_scs_vi_1000,26092913
scs,87,True,35,35,0.5714285714285714,0.4857142857142857,2,4,0.0009319322489318438,new_scs_vi_1000,26092913
scs,88,True,64,64,0.296875,0.4375,2,15,0.0009319322489318438,new_scs_vi_1000,26092913
scs,89,True,20,20,0.5,0.45,2,4,0.0009319322489318438,new_scs_vi_1000,26092913
scs,90,True,59,59,0.4745762711864407,0.423728813559322,1,7,0.0009319322489318438,new_scs_vi_1000,26092913
scs,91,True,115,115,0.391304347826087,0.40869565217391307,3,21,0.0009319322489318438,new_scs_vi_1000,26092913
scs,92,True,22,22,0.36363636363636365,0.4090909090909091,1,1,0.0009319322489318438,new_scs_vi_1000,26092913
scs,93,True,26,26,0.34615384615384615,0.34615384615384615,5,0,0.0009319322489318438,new_scs_vi_1000,26092913
scs,94,True,71,71,0.4647887323943662,0.39436619718309857,1,14,0.0009319322489318438,new_scs_vi_1000,26092913
scs,95,True,32,32,0.375,0.53125,1,4,0.0009319322489318438,new_scs_vi_1000,26092913
scs,96,True,38,38,0.3157894736842105,0.5,2,2,0.000759065125748748,new_scs_vi_1000,26092913
scs,97,True,20,20,0.65,0.65,1,3,0.000759065125748748,new_scs_vi_1000,26092913
scs,98,True,89,89,0.34831460674157305,0.39325842696629215,3,16,0.000759065125748748,new_scs_vi_1000,26092913
scs,99,True,60,60,0.4,0.35,3,11,0.000759065125748748,new_scs_vi_1000,26092913
scs,100,True,23,23,0.6521739130434783,0.5217391304347826,4,2,0.000759065125748748,new_scs_vi_1000,26092913
scs,101,True,22,22,0.45454545454545453,0.45454545454545453,1,4,0.000759065125748748,new_scs_vi_1000,26092913
scs,102,True,59,59,0.5254237288135594,0.4915254237288136,8,7,0.000759065125748748,new_scs_vi_1000,26092913
scs,103,True,90,90,0.32222222222222224,0.43333333333333335,4,14,0.000759065125748748,new_scs_vi_1000,26092913
scs,104,True,38,38,0.4473684210526316,0.47368421052631576,3,10,0.000759065125748748,new_scs_vi_1000,26092913
scs,105,True,67,67,0.2537313432835821,0.2835820895522388,8,6,0.000759065125748748,new_scs_vi_1000,26092913
scs,106,True,42,42,0.42857142857142855,0.5952380952380952,1,3,0.000759065125748748,new_scs_vi_1000,26092913
scs,107,True,40,40,0.475,0.425,1,2,0.000759065125748748,new_scs_vi_1000,26092913
scs,108,True,55,55,0.32727272727272727,0.34545454545454546,13,14,0.000759065125748748,new_scs_vi_1000,26092913
scs,109,True,29,29,0.5862068965517241,0.5862068965517241,3,0,0.000759065125748748,new_scs_vi_1000,26092913
scs,110,True,38,38,0.42105263157894735,0.42105263157894735,1,5,0.000759065125748748,new_scs_vi_1000,26092913
scs,111,True,59,59,0.3898305084745763,0.4576271186440678,1,10,0.000759065125748748,new_scs_vi_1000,26092913
scs,112,True,21,21,0.5714285714285714,0.6190476190476191,5,0,0.0006553828134201467,new_scs_vi_1000,26092913
scs,113,True,37,37,0.3783783783783784,0.3783783783783784,2,9,0.0006553828134201467,new_scs_vi_1000,26092913
scs,114,True,16,16,0.5,0.5,2,0,0.0006553828134201467,new_scs_vi_1000,26092913
scs,115,True,24,24,0.4583333333333333,0.4166666666666667,1,0,0.0006553828134201467,new_scs_vi_1000,26092913
scs,116,True,23,23,0.391304347826087,0.34782608695652173,6,2,0.0006553828134201467,new_scs_vi_1000,26092913
scs,117,True,38,38,0.42105263157894735,0.39473684210526316,1,4,0.0006553828134201467,new_scs_vi_1000,26092913
scs,118,True,20,20,0.4,0.5,1,0,0.0006553828134201467,new_scs_vi_1000,26092913
scs,119,True,78,78,0.4358974358974359,0.3717948717948718,1,0,0.0006553828134201467,new_scs_vi_1000,26092913
scs,120,True,44,44,0.25,0.25,1,2,0.0006553828134201467,new_scs_vi_1000,26092913
scs,121,True,25,25,0.48,0.56,2,3,0.0006553828134201467,new_scs_vi_1000,26092913
scs,122,True,22,22,0.4090909090909091,0.36363636363636365,2,3,0.0006553828134201467,new_scs_vi_1000,26092913
scs,123,True,48,48,0.375,0.4166666666666667,3,5,0.0006553828134201467,new_scs_vi_1000,26092913
scs,124,True,38,38,0.42105263157894735,0.5526315789473685,2,1,0.0006553828134201467,new_scs_vi_1000,26092913
scs,125,True,33,33,0.3333333333333333,0.24242424242424243,4,2,0.0006553828134201467,new_scs_vi_1000,26092913
scs,126,True,35,35,0.3142857142857143,0.37142857142857144,6,8,0.0006553828134201467,new_scs_vi_1000,26092913
scs,127,True,26,26,0.38461538461538464,0.38461538461538464,2,2,0.0006553828134201467,new_scs_vi_1000,26092913
scs,128,True,55,55,0.41818181818181815,0.3090909090909091,5,3,0.0007002526253927499,new_scs_vi_1000,26092913
scs,129,True,54,54,0.37037037037037035,0.35185185185185186,5,2,0.0007002526253927499,new_scs_vi_1000,26092913
scs,130,True,64,64,0.515625,0.375,1,12,0.0007002526253927499,new_scs_vi_1000,26092913
scs,131,True,37,37,0.32432432432432434,0.32432432432432434,1,2,0.0007002526253927499,new_scs_vi_1000,26092913
scs,132,True,24,24,0.3333333333333333,0.3333333333333333,1,4,0.0007002526253927499,new_scs_vi_1000,26092913
scs,133,True,41,41,0.3902439024390244,0.3170731707317073,2,5,0.0007002526253927499,new_scs_vi_1000,26092913
scs,134,True,17,17,0.47058823529411764,0.47058823529411764,2,3,0.0007002526253927499,new_scs_vi_1000,26092913
scs,135,True,46,46,0.391304347826087,0.41304347826086957,3,2,0.0007002526253927499,new_scs_vi_1000,26092913
scs,136,True,36,36,0.25,0.3333333333333333,3,2,0.0007002526253927499,new_scs_vi_1000,26092913
scs,137,True,21,21,0.5238095238095238,0.47619047619047616,1,6,0.0007002526253927499,new_scs_vi_1000,26092913
scs,138,True,10,10,0.6,0.7,3,2,0.0007002526253927499,new_scs_vi_1000,26092913
scs,139,True,29,29,0.4482758620689655,0.41379310344827586,1,0,0.0007002526253927499,new_scs_vi_1000,26092913
scs,140,True,47,47,0.3404255319148936,0.46808510638297873,2,3,0.0007002526253927499,new_scs_vi_1000,26092913
scs,141,True,42,42,0.40476190476190477,0.3333333333333333,1,0,0.0007002526253927499,new_scs_vi_1000,26092913
scs,142,True,31,31,0.41935483870967744,0.45161290322580644,1,0,0.0007002526253927499,new_scs_vi_1000,26092913
scs,143,True,87,87,0.39080459770114945,0.3448275862068966,3,10,0.0007002526253927499,new_scs_vi_1000,26092913
scs,144,True,13,13,0.7692307692307693,0.5384615384615384,1,1,0.001380375000735512,new_scs_vi_1000,26092913
scs,145,True,26,26,0.7692307692307693,0.5,3,2,0.001380375000735512,new_scs_vi_1000,26092913
scs,146,True,47,47,0.23404255319148937,0.23404255319148937,10,4,0.001380375000735512,new_scs_vi_1000,26092913
scs,147,True,101,101,0.40594059405940597,0.45544554455445546,5,19,0.001380375000735512,new_scs_vi_1000,26092913
scs,148,True,26,26,0.38461538461538464,0.34615384615384615,1,1,0.001380375000735512,new_scs_vi_1000,26092913
scs,149,True,55,55,0.34545454545454546,0.43636363636363634,2,7,0.001380375000735512,new_scs_vi_1000,26092913
scs,150,True,53,53,0.49056603773584906,0.3584905660377358,1,5,0.001380375000735512,new_scs_vi_1000,26092913
scs,151,True,19,19,0.7368421052631579,0.8421052631578947,1,1,0.001380375000735512,new_scs_vi_1000,26092913
scs,152,True,186,186,0.2903225806451613,0.3333333333333333,7,14,0.001380375000735512,new_scs_vi_1000,26092913
scs,153,True,10,10,0.6,0.8,1,0,0.001380375000735512,new_scs_vi_1000,26092913
scs,154,True,26,26,0.5,0.38461538461538464,1,0,0.001380375000735512,new_scs_vi_1000,26092913
scs,155,True,24,24,0.4166666666666667,0.4583333333333333,1,0,0.001380375000735512,new_scs_vi_1000,26092913
scs,156,True,12,12,0.5,0.5,2,0,0.001380375000735512,new_scs_vi_1000,26092913
scs,157,True,50,50,0.48,0.46,1,7,0.001380375000735512,new_scs_vi_1000,26092913
scs,158,True,20,20,0.4,0.35,2,0,0.001380375000735512,new_scs_vi_1000,26092913
scs,159,True,14,14,0.42857142857142855,0.42857142857142855,1,2,0.001380375000735512,new_scs_vi_1000,26092913
scs,160,True,43,43,0.5348837209302325,0.5581395348837209,3,6,0.0008351354372280184,new_scs_vi_1000,26092913
scs,161,True,31,31,0.41935483870967744,0.5161290322580645,2,3,0.0008351354372280184,new_scs_vi_1000,26092913
scs,162,True,18,18,0.5,0.5,1,0,0.0008351354372280184,new_scs_vi_1000,26092913
scs,163,True,52,52,0.38461538461538464,0.38461538461538464,3,8,0.0008351354372280184,new_scs_vi_1000,26092913
scs,164,True,25,25,0.32,0.32,2,0,0.0008351354372280184,new_scs_vi_1000,26092913
scs,165,True,15,15,0.4,0.4,3,0,0.0008351354372280184,new_scs_vi_1000,26092913
scs,166,True,30,30,0.43333333333333335,0.4,1,0,0.0008351354372280184,new_scs_vi_1000,26092913
scs,167,True,26,26,0.6538461538461539,0.5769230769230769,3,0,0.0008351354372280184,new_scs_vi_1000,26092913
scs,168,True,13,13,0.5384615384615384,0.6153846153846154,1,0,0.0008351354372280184,new_scs_vi_1000,26092913
scs,169,True,43,43,0.4883720930232558,0.46511627906976744,2,3,0.0008351354372280184,new_scs_vi_1000,26092913
scs,170,True,54,54,0.3333333333333333,0.3333333333333333,3,0,0.0008351354372280184,new_scs_vi_1000,26092913
scs,171,True,103,103,0.33980582524271846,0.5145631067961165,3,10,0.0008351354372280184,new_scs_vi_1000,26092913
scs,172,True,46,46,0.3695652173913043,0.3695652173913043,3,9,0.0008351354372280184,new_scs_vi_1000,26092913
scs,173,True,28,28,0.32142857142857145,0.32142857142857145,1,7,0.0008351354372280184,new_scs_vi_1000,26092913
scs,174,True,40,40,0.35,0.375,1,1,0.0008351354372280184,new_scs_vi_1000,26092913
scs,175,True,54,54,0.5370370370370371,0.42592592592592593,2,4,0.0008351354372280184,new_scs_vi_1000,26092913
scs,176,True,41,41,0.3170731707317073,0.3170731707317073,2,2,0.0009221562504535541,new_scs_vi_1000,26092913
scs,177,True,24,24,0.4166666666666667,0.375,1,1,0.0009221562504535541,new_scs_vi_1000,26092913
scs,178,True,34,34,0.29411764705882354,0.29411764705882354,3,3,0.0009221562504535541,new_scs_vi_1000,26092913
scs,179,True,18,18,0.3888888888888889,0.2777777777777778,1,1,0.0009221562504535541,new_scs_vi_1000,26092913
scs,180,True,35,35,0.42857142857142855,0.4857142857142857,2,0,0.0009221562504535541,new_scs_vi_1000,26092913
scs,181,True,14,14,0.6428571428571429,0.5714285714285714,1,1,0.0009221562504535541,new_scs_vi_1000,26092913
scs,182,True,21,21,0.3333333333333333,0.3333333333333333,2,0,0.0009221562504535541,new_scs_vi_1000,26092913
scs,183,True,31,31,0.2903225806451613,0.4838709677419355,1,3,0.0009221562504535541,new_scs_vi_1000,26092913
scs,184,True,48,48,0.3125,0.5208333333333334,1,12,0.0009221562504535541,new_scs_vi_1000,26092913
scs,185,True,12,12,0.5833333333333334,0.5833333333333334,3,0,0.0009221562504535541,new_scs_vi_1000,26092913
scs,186,True,26,26,0.5769230769230769,0.4230769230769231,1,0,0.0009221562504535541,new_scs_vi_1000,26092913
scs,187,True,38,38,0.47368421052631576,0.3684210526315789,1,2,0.0009221562504535541,new_scs_vi_1000,26092913
scs,188,True,18,18,0.6111111111111112,0.6666666666666666,1,2,0.0009221562504535541,new_scs_vi_1000,26092913
scs,189,True,99,99,0.3939393939393939,0.45454545454545453,4,19,0.0009221562504535541,new_scs_vi_1000,26092913
scs,190,True,117,117,0.2564102564102564,0.29914529914529914,2,22,0.0009221562504535541,new_scs_vi_1000,26092913
scs,191,True,12,12,0.5833333333333334,0.6666666666666666,1,0,0.0009221562504535541,new_scs_vi_1000,26092913
scs,192,True,54,54,0.3888888888888889,0.37037037037037035,5,9,0.0004791510618815664,new_scs_vi_1000,26092913
scs,193,True,38,38,0.34210526315789475,0.3157894736842105,2,2,0.0004791510618815664,new_scs_vi_1000,26092913
scs,194,True,51,51,0.37254901960784315,0.3137254901960784,3,9,0.0004791510618815664,new_scs_vi_1000,26092913
scs,195,True,30,30,0.43333333333333335,0.43333333333333335,4,6,0.0004791510618815664,new_scs_vi_1000,26092913
scs,196,True,18,18,0.6111111111111112,0.6666666666666666,1,0,0.0004791510618815664,new_scs_vi_1000,26092913
scs,197,True,20,20,0.65,0.55,1,3,0.0004791510618815664,new_scs_vi_1000,26092913
scs,198,True,36,36,0.4166666666666667,0.4722222222222222,1,4,0.0004791510618815664,new_scs_vi_1000,26092913
scs,199,True,46,46,0.41304347826086957,0.391304347826087,6,12,0.0004791510618815664,new_scs_vi_1000,26092913
scs,200,True,31,31,0.2903225806451613,0.3225806451612903,2,6,0.0004791510618815664,new_scs_vi_1000,26092913
scs,201,True,19,19,0.631578947368421,0.5789473684210527,1,6,0.0004791510618815664,new_scs_vi_1000,26092913
scs,202,True,11,11,0.6363636363636364,0.6363636363636364,1,1,0.0004791510618815664,new_scs_vi_1000,26092913
scs,203,True,31,31,0.4838709677419355,0.4838709677419355,2,1,0.0004791510618815664,new_scs_vi_1000,26092913
scs,204,True,26,26,0.38461538461538464,0.38461538461538464,6,8,0.0004791510618815664,new_scs_vi_1000,26092913
scs,205,True,23,23,0.391304347826087,0.43478260869565216,2,2,0.0004791510618815664,new_scs_vi_1000,26092913
scs,206,True,23,23,0.6086956521739131,0.5217391304347826,3,2,0.0004791510618815664,new_scs_vi_1000,26092913
scs,207,True,30,30,0.43333333333333335,0.43333333333333335,5,0,0.0004791510618815664,new_scs_vi_1000,26092913
scs,208,True,48,48,0.4791666666666667,0.3958333333333333,2,10,0.0012304401243454777,new_scs_vi_1000,26092913
scs,209,True,52,52,0.3269230769230769,0.38461538461538464,5,2,0.0012304401243454777,new_scs_vi_1000,26092913
scs,210,True,155,155,0.36129032258064514,0.3032258064516129,9,29,0.0012304401243454777,new_scs_vi_1000,26092913
scs,211,True,45,45,0.26666666666666666,0.3333333333333333,2,6,0.0012304401243454777,new_scs_vi_1000,26092913
scs,212,True,17,17,0.7058823529411765,0.7058823529411765,1,2,0.0012304401243454777,new_scs_vi_1000,26092913
scs,213,True,15,15,0.5333333333333333,0.6,2,5,0.0012304401243454777,new_scs_vi_1000,26092913
scs,214,True,47,47,0.3829787234042553,0.2978723404255319,4,13,0.0012304401243454777,new_scs_vi_1000,26092913
scs,215,True,42,42,0.5714285714285714,0.5238095238095238,1,2,0.0012304401243454777,new_scs_vi_1000,26092913
scs,216,True,15,15,0.6666666666666666,0.4666666666666667,1,0,0.0012304401243454777,new_scs_vi_1000,26092913
scs,217,True,82,82,0.43902439024390244,0.36585365853658536,2,8,0.0012304401243454777,new_scs_vi_1000,26092913
scs,218,True,20,20,0.5,0.4,2,0,0.0012304401243454777,new_scs_vi_1000,26092913
scs,219,True,17,17,0.5294117647058824,0.47058823529411764,1,1,0.0012304401243454777,new_scs_vi_1000,26092913
scs,220,True,51,51,0.3137254901960784,0.3137254901960784,3,11,0.0012304401243454777,new_scs_vi_1000,26092913
scs,221,True,22,22,0.45454545454545453,0.45454545454545453,1,0,0.0012304401243454777,new_scs_vi_1000,26092913
scs,222,True,32,32,0.46875,0.53125,4,1,0.0012304401243454777,new_scs_vi_1000,26092913
scs,223,True,62,62,0.3870967741935484,0.3870967741935484,3,2,0.0012304401243454777,new_scs_vi_1000,26092913
scs,224,True,42,42,0.47619047619047616,0.3333333333333333,2,0,0.0005956536260782741,new_scs_vi_1000,26092913
scs,225,True,35,35,0.4857142857142857,0.4,1,12,0.0005956536260782741,new_scs_vi_1000,26092913
scs,226,True,27,27,0.4444444444444444,0.5185185185185185,1,3,0.0005956536260782741,new_scs_vi_1000,26092913
scs,227,True,45,45,0.3333333333333333,0.3111111111111111,6,20,0.0005956536260782741,new_scs_vi_1000,26092913
scs,228,True,18,18,0.5555555555555556,0.6111111111111112,1,5,0.0005956536260782741,new_scs_vi_1000,26092913
scs,229,True,52,52,0.36538461538461536,0.4807692307692308,3,7,0.0005956536260782741,new_scs_vi_1000,26092913
scs,230,True,24,24,0.5,0.4583333333333333,1,2,0.0005956536260782741,new_scs_vi_1000,26092913
scs,231,True,51,51,0.2549019607843137,0.21568627450980393,1,0,0.0005956536260782741,new_scs_vi_1000,26092913
scs,232,True,38,38,0.4473684210526316,0.39473684210526316,1,4,0.0005956536260782741,new_scs_vi_1000,26092913
scs,233,True,23,23,0.6086956521739131,0.6521739130434783,3,4,0.0005956536260782741,new_scs_vi_1000,26092913
scs,234,True,43,43,0.4883720930232558,0.5116279069767442,3,8,0.0005956536260782741,new_scs_vi_1000,26092913
scs,235,True,70,70,0.4,0.32857142857142857,2,12,0.0005956536260782741,new_scs_vi_1000,26092913
scs,236,True,17,17,0.47058823529411764,0.5882352941176471,1,0,0.0005956536260782741,new_scs_vi_1000,26092913
scs,237,True,38,38,0.42105263157894735,0.5526315789473685,4,12,0.0005956536260782741,new_scs_vi_1000,26092913
scs,238,True,15,15,0.4666666666666667,0.4666666666666667,1,1,0.0005956536260782741,new_scs_vi_1000,26092913
scs,239,True,54,54,0.3333333333333333,0.4444444444444444,1,6,0.0005956536260782741,new_scs_vi_1000,26092913
scs,240,True,16,16,0.625,0.5625,2,0,0.0006457864365074784,new_scs_vi_1000,26092913
scs,241,True,16,16,0.625,0.6875,1,0,0.0006457864365074784,new_scs_vi_1000,26092913
scs,242,True,35,35,0.34285714285714286,0.34285714285714286,2,3,0.0006457864365074784,new_scs_vi_1000,26092913
scs,243,True,64,64,0.453125,0.46875,4,10,0.0006457864365074784,new_scs_vi_1000,26092913
scs,244,True,43,43,0.4883720930232558,0.5116279069767442,2,7,0.0006457864365074784,new_scs_vi_1000,26092913
scs,245,True,30,30,0.5,0.5666666666666667,1,0,0.0006457864365074784,new_scs_vi_1000,26092913
scs,246,True,24,24,0.4583333333333333,0.4583333333333333,2,0,0.0006457864365074784,new_scs_vi_1000,26092913
scs,247,True,27,27,0.4074074074074074,0.4074074074074074,2,0,0.0006457864365074784,new_scs_vi_1000,26092913
scs,248,True,51,51,0.4117647058823529,0.43137254901960786,4,2,0.0006457864365074784,new_scs_vi_1000,26092913
scs,249,True,74,74,0.35135135135135137,0.43243243243243246,5,4,0.0006457864365074784,new_scs_vi_1000,26092913
scs,250,True,22,22,0.7272727272727273,0.5909090909090909,1,2,0.0006457864365074784,new_scs_vi_1000,26092913
scs,251,True,16,16,0.625,0.6875,1,2,0.0006457864365074784,new_scs_vi_1000,26092913
scs,252,True,73,73,0.2054794520547945,0.2602739726027397,5,3,0.0006457864365074784,new_scs_vi_1000,26092913
scs,253,True,43,43,0.4418604651162791,0.3488372093023256,1,7,0.0006457864365074784,new_scs_vi_1000,26092913
scs,254,True,30,30,0.36666666666666664,0.3,1,14,0.0006457864365074784,new_scs_vi_1000,26092913
scs,255,True,24,24,0.5416666666666666,0.4583333333333333,1,0,0.0006457864365074784,new_scs_vi_1000,26092913
scs,256,True,62,62,0.3870967741935484,0.3548387096774194,1,8,0.0007184765636338852,new_scs_vi_1000,26092913
scs,257,True,64,64,0.359375,0.28125,7,4,0.0007184765636338852,new_scs_vi_1000,26092913
scs,258,True,13,13,0.6153846153846154,0.6923076923076923,1,0,0.0007184765636338852,new_scs_vi_1000,26092913
scs,259,True,63,63,0.38095238095238093,0.3968253968253968,3,3,0.0007184765636338852,new_scs_vi_1000,26092913
scs,260,True,69,69,0.3333333333333333,0.3333333333333333,5,3,0.0007184765636338852,new_scs_vi_1000,26092913
scs,261,True,55,55,0.2727272727272727,0.21818181818181817,10,15,0.0007184765636338852,new_scs_vi_1000,26092913
scs,262,True,43,43,0.4418604651162791,0.46511627906976744,3,8,0.0007184765636338852,new_scs_vi_1000,26092913
scs,263,True,85,85,0.3176470588235294,0.4117647058823529,2,12,0.0007184765636338852,new_scs_vi_1000,26092913
scs,264,True,68,68,0.4852941176470588,0.39705882352941174,5,6,0.0007184765636338852,new_scs_vi_1000,26092913
scs,265,True,45,45,0.4444444444444444,0.5333333333333333,1,8,0.0007184765636338852,new_scs_vi_1000,26092913
scs,266,True,22,22,0.36363636363636365,0.4090909090909091,3,2,0.0007184765636338852,new_scs_vi_1000,26092913
scs,267,True,42,42,0.6428571428571429,0.5,1,0,0.0007184765636338852,new_scs_vi_1000,26092913
scs,268,True,27,27,0.4074074074074074,0.3333333333333333,2,0,0.0007184765636338852,new_scs_vi_1000,26092913
scs,269,True,30,30,0.4666666666666667,0.4,1,4,0.0007184765636338852,new_scs_vi_1000,26092913
scs,270,True,20,20,0.45,0.55,2,2,0.0007184765636338852,new_scs_vi_1000,26092913
scs,271,True,18,18,0.3333333333333333,0.3333333333333333,1,2,0.0007184765636338852,new_scs_vi_1000,26092913
scs,272,True,50,50,0.42,0.54,2,11,0.000535960938577773,new_scs_vi_1000,26092913
scs,273,True,33,33,0.45454545454545453,0.3333333333333333,1,5,0.000535960938577773,new_scs_vi_1000,26092913
scs,274,True,20,20,0.4,0.45,1,0,0.000535960938577773,new_scs_vi_1000,26092913
scs,275,True,29,29,0.3793103448275862,0.4827586206896552,2,3,0.000535960938577773,new_scs_vi_1000,26092913
scs,276,True,44,44,0.5,0.6136363636363636,1,5,0.000535960938577773,new_scs_vi_1000,26092913
scs,277,True,23,23,0.391304347826087,0.6086956521739131,2,0,0.000535960938577773,new_scs_vi_1000,26092913
scs,278,True,28,28,0.42857142857142855,0.42857142857142855,1,0,0.000535960938577773,new_scs_vi_1000,26092913
scs,279,True,63,63,0.3333333333333333,0.3492063492063492,2,5,0.000535960938577773,new_scs_vi_1000,26092913
scs,280,True,46,46,0.45652173913043476,0.5217391304347826,3,6,0.000535960938577773,new_scs_vi_1000,26092913
scs,281,True,15,15,0.5333333333333333,0.4666666666666667,2,1,0.000535960938577773,new_scs_vi_1000,26092913
scs,282,True,19,19,0.6842105263157895,0.5263157894736842,2,2,0.000535960938577773,new_scs_vi_1000,26092913
scs,283,True,14,14,0.5714285714285714,0.35714285714285715,1,0,0.000535960938577773,new_scs_vi_1000,26092913
scs,284,True,16,16,0.5625,0.6875,1,3,0.000535960938577773,new_scs_vi_1000,26092913
scs,285,True,20,20,0.3,0.4,4,4,0.000535960938577773,new_scs_vi_1000,26092913
scs,286,True,36,36,0.19444444444444445,0.2222222222222222,12,2,0.000535960938577773,new_scs_vi_1000,26092913
scs,287,True,21,21,0.47619047619047616,0.38095238095238093,6,9,0.000535960938577773,new_scs_vi_1000,26092913
scs,288,True,55,55,0.4909090909090909,0.45454545454545453,4,6,0.0009850833121163305,new_scs_vi_1000,26092913
scs,289,True,28,28,0.5,0.5714285714285714,1,1,0.0009850833121163305,new_scs_vi_1000,26092913
scs,290,True,124,124,0.2661290322580645,0.33064516129032256,11,15,0.0009850833121163305,new_scs_vi_1000,26092913
scs,291,True,59,59,0.4067796610169492,0.423728813559322,4,4,0.0009850833121163305,new_scs_vi_1000,26092913
scs,292,True,30,30,0.5333333333333333,0.36666666666666664,4,4,0.0009850833121163305,new_scs_vi_1000,26092913
scs,293,True,73,73,0.3972602739726027,0.3561643835616438,6,4,0.0009850833121163305,new_scs_vi_1000,26092913
scs,294,True,15,15,0.7333333333333333,0.7333333333333333,1,0,0.0009850833121163305,new_scs_vi_1000,26092913
scs,295,True,64,64,0.296875,0.359375,1,3,0.0009850833121163305,new_scs_vi_1000,26092913
scs,296,True,115,115,0.1565217391304348,0.21739130434782608,3,9,0.0009850833121163305,new_scs_vi_1000,26092913
scs,297,True,44,44,0.4090909090909091,0.45454545454545453,2,17,0.0009850833121163305,new_scs_vi_1000,26092913
scs,298,True,33,33,0.42424242424242425,0.36363636363636365,1,3,0.0009850833121163305,new_scs_vi_1000,26092913
scs,299,True,110,110,0.35454545454545455,0.36363636363636365,8,14,0.0009850833121163305,new_scs_vi_1000,26092913
scs,300,True,29,29,0.5172413793103449,0.3448275862068966,1,5,0.0009850833121163305,new_scs_vi_1000,26092913
scs,301,True,59,59,0.3898305084745763,0.4067796610169492,3,3,0.0009850833121163305,new_scs_vi_1000,26092913
scs,302,True,8,8,1.0,1.0,1,0,0.0009850833121163305,new_scs_vi_1000,26092913
scs,303,True,116,116,0.4482758620689655,0.4396551724137931,5,9,0.0009850833121163305,new_scs_vi_1000,26092913
scs,304,True,38,38,0.34210526315789475,0.3157894736842105,4,17,0.0011226874994463287,new_scs_vi_1000,26092913
scs,305,True,101,101,0.3465346534653465,0.44554455445544555,3,23,0.0011226874994463287,new_scs_vi_1000,26092913
scs,306,True,79,79,0.46835443037974683,0.46835443037974683,3,8,0.0011226874994463287,new_scs_vi_1000,26092913
scs,307,True,95,95,0.45263157894736844,0.37894736842105264,3,10,0.0011226874994463287,new_scs_vi_1000,26092913
scs,308,True,59,59,0.3728813559322034,0.3559322033898305,2,9,0.0011226874994463287,new_scs_vi_1000,26092913
scs,309,True,50,50,0.54,0.48,2,11,0.0011226874994463287,new_scs_vi_1000,26092913
scs,310,True,27,27,0.3333333333333333,0.4444444444444444,1,4,0.0011226874994463287,new_scs_vi_1000,26092913
scs,311,True,41,41,0.4146341463414634,0.4146341463414634,4,4,0.0011226874994463287,new_scs_vi_1000,26092913
scs,312,True,12,12,0.8333333333333334,0.8333333333333334,1,0,0.0011226874994463287,new_scs_vi_1000,26092913
scs,313,True,38,38,0.3684210526315789,0.5,1,2,0.0011226874994463287,new_scs_vi_1000,26092913
scs,314,True,28,28,0.5357142857142857,0.4642857142857143,1,2,0.0011226874994463287,new_scs_vi_1000,26092913
scs,315,True,28,28,0.4642857142857143,0.6428571428571429,1,4,0.0011226874994463287,new_scs_vi_1000,26092913
scs,316,True,71,71,0.4084507042253521,0.4225352112676056,4,10,0.0011226874994463287,new_scs_vi_1000,26092913
scs,317,True,70,70,0.4857142857142857,0.38571428571428573,7,2,0.0011226874994463287,new_scs_vi_1000,26092913
scs,318,True,142,142,0.4225352112676056,0.352112676056338,3,11,0.0011226874994463287,new_scs_vi_1000,26092913
scs,319,True,21,21,0.38095238095238093,0.3333333333333333,9,2,0.0011226874994463287,new_scs_vi_1000,26092913
scs,320,True,47,47,0.44680851063829785,0.5319148936170213,4,6,0.001349236936221132,new_scs_vi_1000,26092913
scs,321,True,36,36,0.3055555555555556,0.2222222222222222,6,4,0.001349236936221132,new_scs_vi_1000,26092913
scs,322,True,42,42,0.38095238095238093,0.42857142857142855,4,12,0.001349236936221132,new_scs_vi_1000,26092913
scs,323,True,29,29,0.41379310344827586,0.41379310344827586,4,0,0.001349236936221132,new_scs_vi_1000,26092913
scs,324,True,27,27,0.5185185185185185,0.48148148148148145,2,0,0.001349236936221132,new_scs_vi_1000,26092913
scs,325,True,23,23,0.34782608695652173,0.34782608695652173,2,0,0.001349236936221132,new_scs_vi_1000,26092913
scs,326,True,68,68,0.4117647058823529,0.4264705882352941,5,5,0.001349236936221132,new_scs_vi_1000,26092913
scs,327,True,26,26,0.46153846153846156,0.38461538461538464,1,3,0.001349236936221132,new_scs_vi_1000,26092913
scs,328,True,23,23,0.4782608695652174,0.6086956521739131,1,0,0.001349236936221132,new_scs_vi_1000,26092913
scs,329,True,29,29,0.5172413793103449,0.5517241379310345,3,2,0.001349236936221132,new_scs_vi_1000,26092913
scs,330,True,21,21,0.47619047619047616,0.42857142857142855,2,0,0.001349236936221132,new_scs_vi_1000,26092913
scs,331,True,18,18,0.5555555555555556,0.4444444444444444,1,2,0.001349236936221132,new_scs_vi_1000,26092913
scs,332,True,41,41,0.2682926829268293,0.2682926829268293,1,13,0.001349236936221132,new_scs_vi_1000,26092913
scs,333,True,178,178,0.4550561797752809,0.3539325842696629,7,30,0.001349236936221132,new_scs_vi_1000,26092913
scs,334,True,55,55,0.32727272727272727,0.43636363636363634,5,15,0.001349236936221132,new_scs_vi_1000,26092913
scs,335,True,29,29,0.3103448275862069,0.20689655172413793,1,2,0.001349236936221132,new_scs_vi_1000,26092913
scs,336,True,15,15,0.6666666666666666,0.6666666666666666,3,2,0.0006628281262237579,new_scs_vi_1000,26092913
scs,337,True,22,22,0.5,0.45454545454545453,1,1,0.0006628281262237579,new_scs_vi_1000,26092913
scs,338,True,18,18,0.4444444444444444,0.3888888888888889,1,0,0.0006628281262237579,new_scs_vi_1000,26092913
scs,339,True,19,19,0.5263157894736842,0.5789473684210527,3,0,0.0006628281262237579,new_scs_vi_1000,26092913
scs,340,True,41,41,0.36585365853658536,0.3902439024390244,1,11,0.0006628281262237579,new_scs_vi_1000,26092913
scs,341,True,16,16,0.4375,0.5,2,1,0.0006628281262237579,new_scs_vi_1000,26092913
scs,342,True,25,25,0.32,0.4,2,3,0.0006628281262237579,new_scs_vi_1000,26092913
scs,343,True,15,15,0.6,0.6666666666666666,2,2,0.0006628281262237579,new_scs_vi_1000,26092913
scs,344,True,22,22,0.36363636363636365,0.36363636363636365,2,0,0.0006628281262237579,new_scs_vi_1000,26092913
scs,345,True,59,59,0.3728813559322034,0.3728813559322034,7,4,0.0006628281262237579,new_scs_vi_1000,26092913
scs,346,True,39,39,0.38461538461538464,0.4358974358974359,2,5,0.0006628281262237579,new_scs_vi_1000,26092913
scs,347,True,34,34,0.4117647058823529,0.4117647058823529,2,8,0.0006628281262237579,new_scs_vi_1000,26092913
scs,348,True,43,43,0.27906976744186046,0.3488372093023256,2,7,0.0006628281262237579,new_scs_vi_1000,26092913
scs,349,True,29,29,0.6896551724137931,0.6206896551724138,3,0,0.0006628281262237579,new_scs_vi_1000,26092913
scs,350,True,70,70,0.4142857142857143,0.34285714285714286,14,18,0.0006628281262237579,new_scs_vi_1000,26092913
scs,351,True,81,81,0.2839506172839506,0.35802469135802467,2,10,0.0006628281262237579,new_scs_vi_1000,26092913
scs,352,True,12,12,0.6666666666666666,0.5833333333333334,1,1,0.0006252942475839518,new_scs_vi_1000,26092913
scs,353,True,20,20,0.45,0.45,2,0,0.0006252942475839518,new_scs_vi_1000,26092913
scs,354,True,25,25,0.64,0.6,1,1,0.0006252942475839518,new_scs_vi_1000,26092913
scs,355,True,18,18,0.6666666666666666,0.4444444444444444,2,6,0.0006252942475839518,new_scs_vi_1000,26092913
scs,356,True,48,48,0.3541666666666667,0.375,3,13,0.0006252942475839518,new_scs_vi_1000,26092913
scs,357,True,9,9,0.7777777777777778,0.5555555555555556,1,0,0.0006252942475839518,new_scs_vi_1000,26092913
scs,358,True,16,16,0.5,0.4375,1,0,0.0006252942475839518,new_scs_vi_1000,26092913
scs,359,True,75,75,0.4,0.4,9,4,0.0006252942475839518,new_scs_vi_1000,26092913
scs,360,True,24,24,0.3333333333333333,0.375,1,0,0.0006252942475839518,new_scs_vi_1000,26092913
scs,361,True,25,25,0.36,0.32,2,2,0.0006252942475839518,new_scs_vi_1000,26092913
scs,362,True,50,50,0.36,0.34,2,12,0.0006252942475839518,new_scs_vi_1000,26092913
scs,363,True,57,57,0.3508771929824561,0.2982456140350877,2,4,0.0006252942475839518,new_scs_vi_1000,26092913
scs,364,True,33,33,0.42424242424242425,0.5151515151515151,2,14,0.0006252942475839518,new_scs_vi_1000,26092913
scs,365,True,37,37,0.3783783783783784,0.40540540540540543,2,7,0.0006252942475839518,new_scs_vi_1000,26092913
scs,366,True,38,38,0.5263157894736842,0.5263157894736842,7,6,0.0006252942475839518,new_scs_vi_1000,26092913
scs,367,True,32,32,0.5,0.40625,1,6,0.0006252942475839518,new_scs_vi_1000,26092913
scs,368,True,29,29,0.5517241379310345,0.5862068965517241,1,0,0.0006212786247488111,new_scs_vi_1000,26092913
scs,369,True,73,73,0.3698630136986301,0.3287671232876712,7,6,0.0006212786247488111,new_scs_vi_1000,26092913
scs,370,True,19,19,0.42105263157894735,0.5789473684210527,3,0,0.0006212786247488111,new_scs_vi_1000,26092913
scs,371,True,33,33,0.3333333333333333,0.36363636363636365,2,0,0.0006212786247488111,new_scs_vi_1000,26092913
scs,372,True,30,30,0.43333333333333335,0.36666666666666664,1,6,0.0006212786247488111,new_scs_vi_1000,26092913
scs,373,True,31,31,0.4838709677419355,0.5483870967741935,1,1,0.0006212786247488111,new_scs_vi_1000,26092913
scs,374,True,74,74,0.47297297297297297,0.3783783783783784,1,7,0.0006212786247488111,new_scs_vi_1000,26092913
scs,375,True,36,36,0.3888888888888889,0.3611111111111111,5,1,0.0006212786247488111,new_scs_vi_1000,26092913
scs,376,True,19,19,0.5263157894736842,0.5263157894736842,1,0,0.0006212786247488111,new_scs_vi_1000,26092913
scs,377,True,14,14,0.5714285714285714,0.5714285714285714,1,2,0.0006212786247488111,new_scs_vi_1000,26092913
scs,378,True,32,32,0.53125,0.4375,3,2,0.0006212786247488111,new_scs_vi_1000,26092913
scs,379,True,23,23,0.5652173913043478,0.5217391304347826,1,6,0.0006212786247488111,new_scs_vi_1000,26092913
scs,380,True,20,20,0.7,0.6,1,2,0.0006212786247488111,new_scs_vi_1000,26092913
scs,381,True,31,31,0.4838709677419355,0.4838709677419355,1,2,0.0006212786247488111,new_scs_vi_1000,26092913
scs,382,True,23,23,0.5217391304347826,0.5217391304347826,1,3,0.0006212786247488111,new_scs_vi_1000,26092913
scs,383,True,27,27,0.5185185185185185,0.48148148148148145,2,5,0.0006212786247488111,new_scs_vi_1000,26092913
scs,384,True,28,28,0.5714285714285714,0.42857142857142855,5,2,0.0007839348763809539,new_scs_vi_1000,26092913
scs,385,True,25,25,0.68,0.6,1,2,0.0007839348763809539,new_scs_vi_1000,26092913
scs,386,True,97,97,0.27835051546391754,0.26804123711340205,1,15,0.0007839348763809539,new_scs_vi_1000,26092913
scs,387,True,34,34,0.4117647058823529,0.5,5,4,0.0007839348763809539,new_scs_vi_1000,26092913
scs,388,True,30,30,0.5,0.5333333333333333,2,6,0.0007839348763809539,new_scs_vi_1000,26092913
scs,389,True,70,70,0.21428571428571427,0.22857142857142856,14,12,0.0007839348763809539,new_scs_vi_1000,26092913
scs,390,True,24,24,0.5,0.4583333333333333,1,5,0.0007839348763809539,new_scs_vi_1000,26092913
scs,391,True,25,25,0.32,0.36,4,0,0.0007839348763809539,new_scs_vi_1000,26092913
scs,392,True,54,54,0.37037037037037035,0.4074074074074074,5,5,0.0007839348763809539,new_scs_vi_1000,26092913
scs,393,True,53,53,0.41509433962264153,0.4528301886792453,2,8,0.0007839348763809539,new_scs_vi_1000,26092913
scs,394,True,39,39,0.38461538461538464,0.358974358974359,2,8,0.0007839348763809539,new_scs_vi_1000,26092913
scs,395,True,26,26,0.6153846153846154,0.5384615384615384,2,1,0.0007839348763809539,new_scs_vi_1000,26092913
scs,396,True,46,46,0.41304347826086957,0.41304347826086957,3,2,0.0007839348763809539,new_scs_vi_1000,26092913
scs,397,True,60,60,0.48333333333333334,0.48333333333333334,5,7,0.0007839348763809539,new_scs_vi_1000,26092913
scs,398,True,22,22,0.45454545454545453,0.6363636363636364,2,2,0.0007839348763809539,new_scs_vi_1000,26092913
scs,399,True,51,51,0.3333333333333333,0.3333333333333333,1,15,0.0007839348763809539,new_scs_vi_1000,26092913
scs,400,True,78,78,0.32051282051282054,0.3333333333333333,2,3,0.0009454504979657941,new_scs_vi_1000,26092913
scs,401,True,18,18,0.5,0.5,2,0,0.0009454504979657941,new_scs_vi_1000,26092913
scs,402,True,51,51,0.4117647058823529,0.39215686274509803,3,2,0.0009454504979657941,new_scs_vi_1000,26092913
scs,403,True,28,28,0.5714285714285714,0.5357142857142857,3,0,0.0009454504979657941,new_scs_vi_1000,26092913
scs,404,True,61,61,0.3442622950819672,0.3114754098360656,2,8,0.0009454504979657941,new_scs_vi_1000,26092913
scs,405,True,36,36,0.3888888888888889,0.3055555555555556,2,10,0.0009454504979657941,new_scs_vi_1000,26092913
scs,406,True,36,36,0.19444444444444445,0.25,2,8,0.0009454504979657941,new_scs_vi_1000,26092913
scs,407,True,16,16,0.375,0.375,1,1,0.0009454504979657941,new_scs_vi_1000,26092913
scs,408,True,24,24,0.4583333333333333,0.5,3,0,0.0009454504979657941,new_scs_vi_1000,26092913
scs,409,True,26,26,0.4230769230769231,0.34615384615384615,1,4,0.0009454504979657941,new_scs_vi_1000,26092913
scs,410,True,104,104,0.3942307692307692,0.38461538461538464,2,11,0.0009454504979657941,new_scs_vi_1000,26092913
scs,411,True,15,15,0.5333333333333333,0.5333333333333333,2,0,0.0009454504979657941,new_scs_vi_1000,26092913
scs,412,True,44,44,0.38636363636363635,0.38636363636363635,1,8,0.0009454504979657941,new_scs_vi_1000,26092913
scs,413,True,30,30,0.4666666666666667,0.4,1,0,0.0009454504979657941,new_scs_vi_1000,26092913
scs,414,True,82,82,0.1951219512195122,0.21951219512195122,3,22,0.0009454504979657941,new_scs_vi_1000,26092913
scs,415,True,12,12,0.5833333333333334,0.6666666666666666,1,2,0.0009454504979657941,new_scs_vi_1000,26092913
scs,416,True,48,48,0.4791666666666667,0.4791666666666667,2,4,0.001346986937278416,new_scs_vi_1000,26092913
scs,417,True,22,22,0.5454545454545454,0.45454545454545453,1,0,0.001346986937278416,new_scs_vi_1000,26092913
scs,418,True,45,45,0.3111111111111111,0.37777777777777777,1,6,0.001346986937278416,new_scs_vi_1000,26092913
scs,419,True,75,75,0.44,0.37333333333333335,1,2,0.001346986937278416,new_scs_vi_1000,26092913
scs,420,True,30,30,0.43333333333333335,0.5666666666666667,1,4,0.001346986937278416,new_scs_vi_1000,26092913
scs,421,True,61,61,0.32786885245901637,0.4098360655737705,2,5,0.001346986937278416,new_scs_vi_1000,26092913
scs,422,True,37,37,0.4594594594594595,0.3783783783783784,2,5,0.001346986937278416,new_scs_vi_1000,26092913
scs,423,True,14,14,0.8571428571428571,0.7142857142857143,1,0,0.001346986937278416,new_scs_vi_1000,26092913
scs,424,True,82,82,0.32926829268292684,0.4878048780487805,8,19,0.001346986937278416,new_scs_vi_1000,26092913
scs,425,True,7,7,0.8571428571428571,0.8571428571428571,1,0,0.001346986937278416,new_scs_vi_1000,26092913
scs,426,True,174,174,0.3850574712643678,0.39655172413793105,5,26,0.001346986937278416,new_scs_vi_1000,26092913
scs,427,True,29,29,0.4482758620689655,0.5517241379310345,2,1,0.001346986937278416,new_scs_vi_1000,26092913
scs,428,True,19,19,0.42105263157894735,0.42105263157894735,2,2,0.001346986937278416,new_scs_vi_1000,26092913
scs,429,True,34,34,0.5588235294117647,0.47058823529411764,1,0,0.001346986937278416,new_scs_vi_1000,26092913
scs,430,True,41,41,0.4878048780487805,0.36585365853658536,1,9,0.001346986937278416,new_scs_vi_1000,26092913
scs,431,True,53,53,0.3018867924528302,0.3018867924528302,1,2,0.001346986937278416,new_scs_vi_1000,26092913
scs,432,True,128,128,0.3984375,0.515625,10,16,0.0010823385018738918,new_scs_vi_1000,26092913
scs,433,True,16,16,0.5,0.5,1,0,0.0010823385018738918,new_scs_vi_1000,26092913
scs,434,True,49,49,0.4897959183673469,0.4489795918367347,2,8,0.0010823385018738918,new_scs_vi_1000,26092913
scs,435,True,10,10,0.6,0.6,1,2,0.0010823385018738918,new_scs_vi_1000,26092913
scs,436,True,27,27,0.7777777777777778,0.7037037037037037,3,6,0.0010823385018738918,new_scs_vi_1000,26092913
scs,437,True,53,53,0.3584905660377358,0.33962264150943394,2,25,0.0010823385018738918,new_scs_vi_1000,26092913
scs,438,True,117,117,0.39316239316239315,0.37606837606837606,2,20,0.0010823385018738918,new_scs_vi_1000,26092913
scs,439,True,21,21,0.6666666666666666,0.5238095238095238,1,0,0.0010823385018738918,new_scs_vi_1000,26092913
scs,440,True,29,29,0.5172413793103449,0.5172413793103449,2,0,0.0010823385018738918,new_scs_vi_1000,26092913
scs,441,True,66,66,0.2878787878787879,0.3181818181818182,2,8,0.0010823385018738918,new_scs_vi_1000,26092913
scs,442,True,25,25,0.4,0.44,1,0,0.0010823385018738918,new_scs_vi_1000,26092913
scs,443,True,29,29,0.41379310344827586,0.3793103448275862,2,0,0.0010823385018738918,new_scs_vi_1000,26092913
scs,444,True,65,65,0.27692307692307694,0.26153846153846155,13,4,0.0010823385018738918,new_scs_vi_1000,26092913
scs,445,True,43,43,0.3023255813953488,0.27906976744186046,2,18,0.0010823385018738918,new_scs_vi_1000,26092913
scs,446,True,24,24,0.2916666666666667,0.4166666666666667,2,3,0.0010823385018738918,new_scs_vi_1000,26092913
scs,447,True,16,16,0.375,0.375,1,4,0.0010823385018738918,new_scs_vi_1000,26092913
scs,448,True,45,45,0.2,0.15555555555555556,1,6,0.0007086822479323018,new_scs_vi_1000,26092913
scs,449,True,81,81,0.35802469135802467,0.37037037037037035,5,10,0.0007086822479323018,new_scs_vi_1000,26092913
scs,450,True,29,29,0.5517241379310345,0.6206896551724138,2,2,0.0007086822479323018,new_scs_vi_1000,26092913
scs,451,True,16,16,0.375,0.4375,2,8,0.0007086822479323018,new_scs_vi_1000,26092913
scs,452,True,19,19,0.47368421052631576,0.47368421052631576,1,4,0.0007086822479323018,new_scs_vi_1000,26092913
scs,453,True,32,32,0.40625,0.53125,2,4,0.0007086822479323018,new_scs_vi_1000,26092913
scs,454,True,50,50,0.32,0.32,6,6,0.0007086822479323018,new_scs_vi_1000,26092913
scs,455,True,62,62,0.4032258064516129,0.43548387096774194,4,17,0.0007086822479323018,new_scs_vi_1000,26092913
scs,456,True,37,37,0.4594594594594595,0.3783783783783784,1,1,0.0007086822479323018,new_scs_vi_1000,26092913
scs,457,True,37,37,0.40540540540540543,0.40540540540540543,5,7,0.0007086822479323018,new_scs_vi_1000,26092913
scs,458,True,69,69,0.30434782608695654,0.3188405797101449,2,0,0.0007086822479323018,new_scs_vi_1000,26092913
scs,459,True,29,29,0.4482758620689655,0.3103448275862069,1,1,0.0007086822479323018,new_scs_vi_1000,26092913
scs,460,True,24,24,0.625,0.5833333333333334,1,2,0.0007086822479323018,new_scs_vi_1000,26092913
scs,461,True,80,80,0.275,0.325,2,8,0.0007086822479323018,new_scs_vi_1000,26092913
scs,462,True,40,40,0.4,0.525,3,9,0.0007086822479323018,new_scs_vi_1000,26092913
scs,463,True,23,23,0.34782608695652173,0.34782608695652173,3,4,0.0007086822479323018,new_scs_vi_1000,26092913
scs,464,True,49,49,0.3877551020408163,0.32653061224489793,4,10,0.0011891901231138036,new_scs_vi_1000,26092913
scs,465,True,50,50,0.46,0.38,3,5,0.0011891901231138036,new_scs_vi_1000,26092913
scs,466,True,42,42,0.38095238095238093,0.42857142857142855,3,4,0.0011891901231138036,new_scs_vi_1000,26092913
scs,467,True,14,14,0.6428571428571429,0.6428571428571429,2,0,0.0011891901231138036,new_scs_vi_1000,26092913
scs,468,True,20,20,0.3,0.4,1,2,0.0011891901231138036,new_scs_vi_1000,26092913
scs,469,True,82,82,0.4024390243902439,0.3902439024390244,1,6,0.0011891901231138036,new_scs_vi_1000,26092913
scs,470,True,22,22,0.4090909090909091,0.45454545454545453,1,6,0.0011891901231138036,new_scs_vi_1000,26092913
scs,471,True,149,149,0.3221476510067114,0.3087248322147651,5,24,0.0011891901231138036,new_scs_vi_1000,26092913
scs,472,True,73,73,0.3150684931506849,0.3561643835616438,4,5,0.0011891901231138036,new_scs_vi_1000,26092913
scs,473,True,13,13,0.46153846153846156,0.46153846153846156,5,1,0.0011891901231138036,new_scs_vi_1000,26092913
scs,474,True,48,48,0.2916666666666667,0.3125,8,8,0.0011891901231138036,new_scs_vi_1000,26092913
scs,475,True,102,102,0.3137254901960784,0.3235294117647059,7,20,0.0011891901231138036,new_scs_vi_1000,26092913
scs,476,True,64,64,0.359375,0.40625,7,14,0.0011891901231138036,new_scs_vi_1000,26092913
scs,477,True,18,18,0.6666666666666666,0.5,2,0,0.0011891901231138036,new_scs_vi_1000,26092913
scs,478,True,30,30,0.43333333333333335,0.4666666666666667,2,5,0.0011891901231138036,new_scs_vi_1000,26092913
scs,479,True,101,101,0.31683168316831684,0.36633663366336633,2,17,0.0011891901231138036,new_scs_vi_1000,26092913
scs,480,True,27,27,0.48148148148148145,0.4444444444444444,2,4,0.0010503645607968792,new_scs_vi_1000,26092913
scs,481,True,52,52,0.25,0.19230769230769232,2,12,0.0010503645607968792,new_scs_vi_1000,26092913
scs,482,True,79,79,0.35443037974683544,0.31645569620253167,4,6,0.0010503645607968792,new_scs_vi_1000,26092913
scs,483,True,37,37,0.40540540540540543,0.43243243243243246,2,10,0.0010503645607968792,new_scs_vi_1000,26092913
scs,484,True,19,19,0.5789473684210527,0.631578947368421,3,2,0.0010503645607968792,new_scs_vi_1000,26092913
scs,485,True,28,28,0.32142857142857145,0.35714285714285715,5,9,0.0010503645607968792,new_scs_vi_1000,26092913
scs,486,True,128,128,0.390625,0.3671875,4,38,0.0010503645607968792,new_scs_vi_1000,26092913
scs,487,True,40,40,0.525,0.525,2,0,0.0010503645607968792,new_scs_vi_1000,26092913
scs,488,True,77,77,0.38961038961038963,0.45454545454545453,2,14,0.0010503645607968792,new_scs_vi_1000,26092913
scs,489,True,55,55,0.34545454545454546,0.43636363636363634,3,14,0.0010503645607968792,new_scs_vi_1000,26092913
scs,490,True,32,32,0.375,0.34375,3,4,0.0010503645607968792,new_scs_vi_1000,26092913
scs,491,True,26,26,0.34615384615384615,0.38461538461538464,4,1,0.0010503645607968792,new_scs_vi_1000,26092913
scs,492,True,72,72,0.375,0.4305555555555556,1,11,0.0010503645607968792,new_scs_vi_1000,26092913
scs,493,True,52,52,0.40384615384615385,0.46153846153846156,8,5,0.0010503645607968792,new_scs_vi_1000,26092913
scs,494,True,54,54,0.5185185185185185,0.5740740740740741,3,7,0.0010503645607968792,new_scs_vi_1000,26092913
scs,495,True,55,55,0.4,0.509090909090909,6,2,0.0010503645607968792,new_scs_vi_1000,26092913
scs,496,True,21,21,0.5238095238095238,0.6666666666666666,3,2,0.0012147786874265876,new_scs_vi_1000,26092913
scs,497,True,36,36,0.4722222222222222,0.4444444444444444,3,7,0.0012147786874265876,new_scs_vi_1000,26092913
scs,498,True,23,23,0.4782608695652174,0.4782608695652174,1,0,0.0012147786874265876,new_scs_vi_1000,26092913
scs,499,True,72,72,0.4583333333333333,0.3055555555555556,1,14,0.0012147786874265876,new_scs_vi_1000,26092913
scs,500,True,32,32,0.40625,0.5,10,4,0.0012147786874265876,new_scs_vi_1000,26092913
scs,501,True,39,39,0.358974358974359,0.20512820512820512,3,8,0.0012147786874265876,new_scs_vi_1000,26092913
scs,502,True,57,57,0.5789473684210527,0.543859649122807,3,5,0.0012147786874265876,new_scs_vi_1000,26092913
scs,503,True,33,33,0.30303030303030304,0.3333333333333333,2,3,0.0012147786874265876,new_scs_vi_1000,26092913
scs,504,True,38,38,0.47368421052631576,0.5263157894736842,2,2,0.0012147786874265876,new_scs_vi_1000,26092913
scs,505,True,22,22,0.6818181818181818,0.45454545454545453,1,3,0.0012147786874265876,new_scs_vi_1000,26092913
scs,506,True,18,18,0.6666666666666666,0.6111111111111112,1,0,0.0012147786874265876,new_scs_vi_1000,26092913
scs,507,True,150,150,0.3933333333333333,0.43333333333333335,6,12,0.0012147786874265876,new_scs_vi_1000,26092913
scs,508,True,48,48,0.5208333333333334,0.4166666666666667,1,8,0.0012147786874265876,new_scs_vi_1000,26092913
scs,509,True,157,157,0.4394904458598726,0.3821656050955414,3,18,0.0012147786874265876,new_scs_vi_1000,26092913
scs,510,True,73,73,0.3287671232876712,0.3287671232876712,16,12,0.0012147786874265876,new_scs_vi_1000,26092913
scs,511,True,36,36,0.3611111111111111,0.2777777777777778,5,10,0.0012147786874265876,new_scs_vi_1000,26092913
scs,512,True,12,12,0.4166666666666667,0.4166666666666667,1,0,0.00059960156067973,new_scs_vi_1000,26092913
scs,513,True,47,47,0.2978723404255319,0.40425531914893614,3,4,0.00059960156067973,new_scs_vi_1000,26092913
scs,514,True,27,27,0.4444444444444444,0.5185185185185185,1,0,0.00059960156067973,new_scs_vi_1000,26092913
scs,515,True,14,14,0.42857142857142855,0.42857142857142855,2,0,0.00059960156067973,new_scs_vi_1000,26092913
scs,516,True,13,13,0.46153846153846156,0.46153846153846156,2,0,0.00059960156067973,new_scs_vi_1000,26092913
scs,517,True,23,23,0.5217391304347826,0.4782608695652174,3,6,0.00059960156067973,new_scs_vi_1000,26092913
scs,518,True,21,21,0.3333333333333333,0.3333333333333333,2,3,0.00059960156067973,new_scs_vi_1000,26092913
scs,519,True,19,19,0.47368421052631576,0.47368421052631576,2,0,0.00059960156067973,new_scs_vi_1000,26092913
scs,520,True,18,18,0.5,0.5555555555555556,2,3,0.00059960156067973,new_scs_vi_1000,26092913
scs,521,True,20,20,0.3,0.3,1,4,0.00059960156067973,new_scs_vi_1000,26092913
scs,522,True,64,64,0.25,0.265625,4,4,0.00059960156067973,new_scs_vi_1000,26092913
scs,523,True,52,52,0.5769230769230769,0.6346153846153846,1,8,0.00059960156067973,new_scs_vi_1000,26092913
scs,524,True,44,44,0.3409090909090909,0.5,3,7,0.00059960156067973,new_scs_vi_1000,26092913
scs,525,True,10,10,0.7,0.6,1,0,0.00059960156067973,new_scs_vi_1000,26092913
scs,526,True,27,27,0.4074074074074074,0.2962962962962963,1,1,0.00059960156067973,new_scs_vi_1000,26092913
scs,527,True,52,52,0.3076923076923077,0.3269230769230769,7,1,0.00059960156067973,new_scs_vi_1000,26092913
scs,528,True,22,22,0.6363636363636364,0.5454545454545454,2,5,0.0005835442498209886,new_scs_vi_1000,26092913
scs,529,True,15,15,0.5333333333333333,0.6,2,1,0.0005835442498209886,new_scs_vi_1000,26092913
scs,530,True,14,14,0.7142857142857143,0.8571428571428571,1,2,0.0005835442498209886,new_scs_vi_1000,26092913
scs,531,True,28,28,0.5357142857142857,0.5,3,3,0.0005835442498209886,new_scs_vi_1000,26092913
scs,532,True,29,29,0.27586206896551724,0.3793103448275862,1,2,0.0005835442498209886,new_scs_vi_1000,26092913
scs,533,True,45,45,0.37777777777777777,0.4,7,12,0.0005835442498209886,new_scs_vi_1000,26092913
scs,534,True,61,61,0.29508196721311475,0.4098360655737705,4,15,0.0005835442498209886,new_scs_vi_1000,26092913
scs,535,True,10,10,0.7,0.8,1,0,0.0005835442498209886,new_scs_vi_1000,26092913
scs,536,True,27,27,0.2962962962962963,0.2962962962962963,6,10,0.0005835442498209886,new_scs_vi_1000,26092913
scs,537,True,16,16,0.4375,0.5,1,0,0.0005835442498209886,new_scs_vi_1000,26092913
scs,538,True,21,21,0.5238095238095238,0.42857142857142855,1,7,0.0005835442498209886,new_scs_vi_1000,26092913
scs,539,True,45,45,0.35555555555555557,0.4222222222222222,1,7,0.0005835442498209886,new_scs_vi_1000,26092913
scs,540,True,69,69,0.36231884057971014,0.30434782608695654,1,18,0.0005835442498209886,new_scs_vi_1000,26092913
scs,541,True,35,35,0.42857142857142855,0.4,2,4,0.0005835442498209886,new_scs_vi_1000,26092913
scs,542,True,29,29,0.5862068965517241,0.5517241379310345,2,0,0.0005835442498209886,new_scs_vi_1000,26092913
scs,543,True,18,18,0.6111111111111112,0.7222222222222222,1,0,0.0005835442498209886,new_scs_vi_1000,26092913
scs,544,True,65,65,0.4461538461538462,0.4153846153846154,3,6,0.0006799531256547198,new_scs_vi_1000,26092913
scs,545,True,20,20,0.55,0.4,1,6,0.0006799531256547198,new_scs_vi_1000,26092913
scs,546,True,15,15,0.6,0.6666666666666666,1,3,0.0006799531256547198,new_scs_vi_1000,26092913
scs,547,True,30,30,0.5666666666666667,0.3333333333333333,2,0,0.0006799531256547198,new_scs_vi_1000,26092913
scs,548,True,42,42,0.5238095238095238,0.4523809523809524,4,2,0.0006799531256547198,new_scs_vi_1000,26092913
scs,549,True,43,43,0.46511627906976744,0.4418604651162791,2,3,0.0006799531256547198,new_scs_vi_1000,26092913
scs,550,True,68,68,0.47058823529411764,0.35294117647058826,2,8,0.0006799531256547198,new_scs_vi_1000,26092913
scs,551,True,11,11,0.5454545454545454,0.7272727272727273,1,1,0.0006799531256547198,new_scs_vi_1000,26092913
scs,552,True,69,69,0.391304347826087,0.37681159420289856,2,15,0.0006799531256547198,new_scs_vi_1000,26092913
scs,553,True,44,44,0.4772727272727273,0.3409090909090909,1,6,0.0006799531256547198,new_scs_vi_1000,26092913
scs,554,True,32,32,0.4375,0.46875,4,4,0.0006799531256547198,new_scs_vi_1000,26092913
scs,555,True,81,81,0.37037037037037035,0.3333333333333333,1,20,0.0006799531256547198,new_scs_vi_1000,26092913
scs,556,True,37,37,0.32432432432432434,0.35135135135135137,6,0,0.0006799531256547198,new_scs_vi_1000,26092913
scs,557,True,30,30,0.4,0.4,1,12,0.0006799531256547198,new_scs_vi_1000,26092913
scs,558,True,34,34,0.5294117647058824,0.4411764705882353,3,6,0.0006799531256547198,new_scs_vi_1000,26092913
scs,559,True,42,42,0.23809523809523808,0.23809523809523808,13,0,0.0006799531256547198,new_scs_vi_1000,26092913
scs,560,True,86,86,0.4069767441860465,0.3488372093023256,5,1,0.0007282526239578146,new_scs_vi_1000,26092913
scs,561,True,34,34,0.5588235294117647,0.3235294117647059,1,1,0.0007282526239578146,new_scs_vi_1000,26092913
scs,562,True,22,22,0.6818181818181818,0.5909090909090909,1,0,0.0007282526239578146,new_scs_vi_1000,26092913
scs,563,True,52,52,0.5192307692307693,0.34615384615384615,1,4,0.0007282526239578146,new_scs_vi_1000,26092913
scs,564,True,30,30,0.43333333333333335,0.4666666666666667,2,5,0.0007282526239578146,new_scs_vi_1000,26092913
scs,565,True,69,69,0.30434782608695654,0.36231884057971014,3,2,0.0007282526239578146,new_scs_vi_1000,26092913
scs,566,True,48,48,0.3125,0.4166666666666667,5,7,0.0007282526239578146,new_scs_vi_1000,26092913
scs,567,True,46,46,0.3695652173913043,0.34782608695652173,2,20,0.0007282526239578146,new_scs_vi_1000,26092913
scs,568,True,38,38,0.23684210526315788,0.34210526315789475,1,7,0.0007282526239578146,new_scs_vi_1000,26092913
scs,569,True,81,81,0.2716049382716049,0.2345679012345679,6,24,0.0007282526239578146,new_scs_vi_1000,26092913
scs,570,True,19,19,0.42105263157894735,0.42105263157894735,1,0,0.0007282526239578146,new_scs_vi_1000,26092913
scs,571,True,39,39,0.48717948717948717,0.48717948717948717,3,2,0.0007282526239578146,new_scs_vi_1000,26092913
scs,572,True,21,21,0.42857142857142855,0.6190476190476191,1,2,0.0007282526239578146,new_scs_vi_1000,26092913
scs,573,True,25,25,0.52,0.48,1,7,0.0007282526239578146,new_scs_vi_1000,26092913
scs,574,True,46,46,0.43478260869565216,0.34782608695652173,1,9,0.0007282526239578146,new_scs_vi_1000,26092913
scs,575,True,45,45,0.26666666666666666,0.24444444444444444,4,8,0.0007282526239578146,new_scs_vi_1000,26092913
scs,576,True,49,49,0.4897959183673469,0.5306122448979592,2,9,0.0010567083772912156,new_scs_vi_1000,26092913
scs,577,True,42,42,0.40476190476190477,0.4523809523809524,2,5,0.0010567083772912156,new_scs_vi_1000,26092913
scs,578,True,21,21,0.5238095238095238,0.6666666666666666,1,3,0.0010567083772912156,new_scs_vi_1000,26092913
scs,579,True,62,62,0.41935483870967744,0.41935483870967744,9,2,0.0010567083772912156,new_scs_vi_1000,26092913
scs,580,True,130,130,0.35384615384615387,0.3384615384615385,7,9,0.0010567083772912156,new_scs_vi_1000,26092913
scs,581,True,43,43,0.3488372093023256,0.4186046511627907,1,5,0.0010567083772912156,new_scs_vi_1000,26092913
scs,582,True,20,20,0.55,0.55,2,2,0.0010567083772912156,new_scs_vi_1000,26092913
scs,583,True,7,7,0.8571428571428571,0.8571428571428571,1,0,0.0010567083772912156,new_scs_vi_1000,26092913
scs,584,True,6,6,1.0,1.0,1,0,0.0010567083772912156,new_scs_vi_1000,26092913
scs,585,True,68,68,0.38235294117647056,0.39705882352941174,2,8,0.0010567083772912156,new_scs_vi_1000,26092913
scs,586,True,19,19,0.3684210526315789,0.47368421052631576,1,0,0.0010567083772912156,new_scs_vi_1000,26092913
scs,587,True,24,24,0.3333333333333333,0.3333333333333333,4,10,0.0010567083772912156,new_scs_vi_1000,26092913
scs,588,True,35,35,0.42857142857142855,0.37142857142857144,1,2,0.0010567083772912156,new_scs_vi_1000,26092913
scs,589,True,69,69,0.463768115942029,0.4492753623188406,5,10,0.0010567083772912156,new_scs_vi_1000,26092913
scs,590,True,51,51,0.3333333333333333,0.39215686274509803,4,14,0.0010567083772912156,new_scs_vi_1000,26092913
scs,591,True,86,86,0.3953488372093023,0.43023255813953487,4,24,0.0010567083772912156,new_scs_vi_1000,26092913
scs,592,True,21,21,0.3333333333333333,0.3333333333333333,2,0,0.0007362551878031809,new_scs_vi_1000,26092913
scs,593,True,33,33,0.36363636363636365,0.42424242424242425,4,0,0.0007362551878031809,new_scs_vi_1000,26092913
scs,594,True,77,77,0.4675324675324675,0.5584415584415584,1,3,0.0007362551878031809,new_scs_vi_1000,26092913
scs,595,True,30,30,0.26666666666666666,0.3,1,6,0.0007362551878031809,new_scs_vi_1000,26092913
scs,596,True,28,28,0.5714285714285714,0.5714285714285714,1,0,0.0007362551878031809,new_scs_vi_1000,26092913
scs,597,True,21,21,0.47619047619047616,0.5238095238095238,2,2,0.0007362551878031809,new_scs_vi_1000,26092913
scs,598,True,16,16,0.4375,0.5,2,0,0.0007362551878031809,new_scs_vi_1000,26092913
scs,599,True,28,28,0.39285714285714285,0.39285714285714285,9,0,0.0007362551878031809,new_scs_vi_1000,26092913
scs,600,True,71,71,0.4084507042253521,0.352112676056338,11,9,0.0007362551878031809,new_scs_vi_1000,26092913
scs,601,True,17,17,0.4117647058823529,0.4117647058823529,2,1,0.0007362551878031809,new_scs_vi_1000,26092913
scs,602,True,26,26,0.5384615384615384,0.5384615384615384,1,6,0.0007362551878031809,new_scs_vi_1000,26092913
scs,603,True,32,32,0.59375,0.5,4,0,0.0007362551878031809,new_scs_vi_1000,26092913
scs,604,True,89,89,0.3595505617977528,0.2696629213483146,3,13,0.0007362551878031809,new_scs_vi_1000,26092913
scs,605,True,27,27,0.6666666666666666,0.37037037037037035,1,1,0.0007362551878031809,new_scs_vi_1000,26092913
scs,606,True,23,23,0.43478260869565216,0.43478260869565216,1,4,0.0007362551878031809,new_scs_vi_1000,26092913
scs,607,True,19,19,0.5789473684210527,0.42105263157894735,1,5,0.0007362551878031809,new_scs_vi_1000,26092913
scs,608,True,38,38,0.39473684210526316,0.3684210526315789,1,5,0.0005873984373465646,new_scs_vi_1000,26092913
scs,609,True,43,43,0.4883720930232558,0.5581395348837209,3,1,0.0005873984373465646,new_scs_vi_1000,26092913
scs,610,True,31,31,0.4838709677419355,0.41935483870967744,1,0,0.0005873984373465646,new_scs_vi_1000,26092913
scs,611,True,28,28,0.35714285714285715,0.5,3,0,0.0005873984373465646,new_scs_vi_1000,26092913
scs,612,True,67,67,0.5522388059701493,0.5373134328358209,2,9,0.0005873984373465646,new_scs_vi_1000,26092913
scs,613,True,37,37,0.35135135135135137,0.4594594594594595,2,2,0.0005873984373465646,new_scs_vi_1000,26092913
scs,614,True,22,22,0.5454545454545454,0.5454545454545454,2,0,0.0005873984373465646,new_scs_vi_1000,26092913
scs,615,True,27,27,0.4074074074074074,0.4074074074074074,3,0,0.0005873984373465646,new_scs_vi_1000,26092913
scs,616,True,24,24,0.625,0.625,1,7,0.0005873984373465646,new_scs_vi_1000,26092913
scs,617,True,26,26,0.4230769230769231,0.5,1,4,0.0005873984373465646,new_scs_vi_1000,26092913
scs,618,True,47,47,0.5319148936170213,0.46808510638297873,2,9,0.0005873984373465646,new_scs_vi_1000,26092913
scs,619,True,40,40,0.425,0.5,1,4,0.0005873984373465646,new_scs_vi_1000,26092913
scs,620,True,25,25,0.4,0.44,1,1,0.0005873984373465646,new_scs_vi_1000,26092913
scs,621,True,26,26,0.46153846153846156,0.5,5,2,0.0005873984373465646,new_scs_vi_1000,26092913
scs,622,True,16,16,0.5625,0.625,1,0,0.0005873984373465646,new_scs_vi_1000,26092913
scs,623,True,22,22,0.6363636363636364,0.5909090909090909,1,1,0.0005873984373465646,new_scs_vi_1000,26092913
scs,624,True,82,82,0.36585365853658536,0.34146341463414637,5,15,0.0008380625004065223,new_scs_vi_1000,26092913
scs,625,True,11,11,0.8181818181818182,0.8181818181818182,2,2,0.0008380625004065223,new_scs_vi_1000,26092913
scs,626,True,74,74,0.527027027027027,0.527027027027027,4,8,0.0008380625004065223,new_scs_vi_1000,26092913
scs,627,True,62,62,0.3709677419354839,0.3548387096774194,5,9,0.0008380625004065223,new_scs_vi_1000,26092913
scs,628,True,7,7,0.5714285714285714,0.5714285714285714,1,1,0.0008380625004065223,new_scs_vi_1000,26092913
scs,629,True,43,43,0.4418604651162791,0.4418604651162791,2,6,0.0008380625004065223,new_scs_vi_1000,26092913
scs,630,True,35,35,0.4,0.5142857142857142,3,0,0.0008380625004065223,new_scs_vi_1000,26092913
scs,631,True,27,27,0.4074074074074074,0.2962962962962963,1,8,0.0008380625004065223,new_scs_vi_1000,26092913
scs,632,True,45,45,0.3111111111111111,0.3111111111111111,8,10,0.0008380625004065223,new_scs_vi_1000,26092913
scs,633,True,35,35,0.34285714285714286,0.34285714285714286,5,9,0.0008380625004065223,new_scs_vi_1000,26092913
scs,634,True,29,29,0.4482758620689655,0.5172413793103449,8,16,0.0008380625004065223,new_scs_vi_1000,26092913
scs,635,True,15,15,0.3333333333333333,0.3333333333333333,4,4,0.0008380625004065223,new_scs_vi_1000,26092913
scs,636,True,43,43,0.5348837209302325,0.46511627906976744,1,1,0.0008380625004065223,new_scs_vi_1000,26092913
scs,637,True,45,45,0.4444444444444444,0.4,1,0,0.0008380625004065223,new_scs_vi_1000,26092913
scs,638,True,103,103,0.32038834951456313,0.36893203883495146,2,16,0.0008380625004065223,new_scs_vi_1000,26092913
scs,639,True,24,24,0.4583333333333333,0.5416666666666666,1,2,0.0008380625004065223,new_scs_vi_1000,26092913
scs,640,True,21,21,0.5238095238095238,0.5238095238095238,6,0,0.0010875130647036713,new_scs_vi_1000,26092913
scs,641,True,16,16,0.5625,0.625,1,2,0.0010875130647036713,new_scs_vi_1000,26092913
scs,642,True,42,42,0.5714285714285714,0.5238095238095238,1,2,0.0010875130647036713,new_scs_vi_1000,26092913
scs,643,True,64,64,0.359375,0.40625,2,7,0.0010875130647036713,new_scs_vi_1000,26092913
scs,644,True,18,18,0.3888888888888889,0.3333333333333333,1,3,0.0010875130647036713,new_scs_vi_1000,26092913
scs,645,True,105,105,0.3904761904761905,0.34285714285714286,4,20,0.0010875130647036713,new_scs_vi_1000,26092913
scs,646,True,31,31,0.2903225806451613,0.2903225806451613,5,2,0.0010875130647036713,new_scs_vi_1000,26092913
scs,647,True,8,8,0.75,0.75,1,0,0.0010875130647036713,new_scs_vi_1000,26092913
scs,648,True,33,33,0.30303030303030304,0.3333333333333333,2,2,0.0010875130647036713,new_scs_vi_1000,26092913
scs,649,True,39,39,0.3333333333333333,0.23076923076923078,2,4,0.0010875130647036713,new_scs_vi_1000,26092913
scs,650,True,38,38,0.34210526315789475,0.34210526315789475,1,1,0.0010875130647036713,new_scs_vi_1000,26092913
scs,651,True,23,23,0.43478260869565216,0.4782608695652174,1,0,0.0010875130647036713,new_scs_vi_1000,26092913
scs,652,True,131,131,0.3969465648854962,0.40458015267175573,1,21,0.0010875130647036713,new_scs_vi_1000,26092913
scs,653,True,53,53,0.3584905660377358,0.33962264150943394,5,7,0.0010875130647036713,new_scs_vi_1000,26092913
scs,654,True,130,130,0.35384615384615387,0.35384615384615387,6,14,0.0010875130647036713,new_scs_vi_1000,26092913
scs,655,True,50,50,0.58,0.6,2,4,0.0010875130647036713,new_scs_vi_1000,26092913
scs,656,True,48,48,0.4166666666666667,0.4166666666666667,1,11,0.0011451640602899715,new_scs_vi_1000,26092913
scs,657,True,9,9,0.6666666666666666,0.6666666666666666,1,2,0.0011451640602899715,new_scs_vi_1000,26092913
scs,658,True,142,142,0.19014084507042253,0.2112676056338028,10,18,0.0011451640602899715,new_scs_vi_1000,26092913
scs,659,True,34,34,0.3235294117647059,0.4411764705882353,2,2,0.0011451640602899715,new_scs_vi_1000,26092913
scs,660,True,18,18,0.6111111111111112,0.6111111111111112,1,0,0.0011451640602899715,new_scs_vi_1000,26092913
scs,661,True,46,46,0.30434782608695654,0.2826086956521739,1,5,0.0011451640602899715,new_scs_vi_1000,26092913
scs,662,True,24,24,0.4166666666666667,0.5,2,2,0.0011451640602899715,new_scs_vi_1000,26092913
scs,663,True,30,30,0.4,0.4,6,0,0.0011451640602899715,new_scs_vi_1000,26092913
scs,664,True,60,60,0.36666666666666664,0.43333333333333335,3,8,0.0011451640602899715,new_scs_vi_1000,26092913
scs,665,True,39,39,0.5128205128205128,0.41025641025641024,4,5,0.0011451640602899715,new_scs_vi_1000,26092913
scs,666,True,66,66,0.24242424242424243,0.3939393939393939,6,8,0.0011451640602899715,new_scs_vi_1000,26092913
scs,667,True,30,30,0.5333333333333333,0.6333333333333333,1,5,0.0011451640602899715,new_scs_vi_1000,26092913
scs,668,True,39,39,0.5128205128205128,0.6410256410256411,2,2,0.0011451640602899715,new_scs_vi_1000,26092913
scs,669,True,11,11,0.6363636363636364,0.7272727272727273,2,0,0.0011451640602899715,new_scs_vi_1000,26092913
scs,670,True,24,24,0.5,0.5416666666666666,1,2,0.0011451640602899715,new_scs_vi_1000,26092913
scs,671,True,75,75,0.32,0.32,3,2,0.0011451640602899715,new_scs_vi_1000,26092913
scs,672,True,66,66,0.5757575757575758,0.5,2,9,0.0008313619364344049,new_scs_vi_1000,26092913
scs,673,True,34,34,0.35294117647058826,0.3235294117647059,2,9,0.0008313619364344049,new_scs_vi_1000,26092913
scs,674,True,25,25,0.6,0.4,2,2,0.0008313619364344049,new_scs_vi_1000,26092913
scs,675,True,42,42,0.47619047619047616,0.42857142857142855,5,3,0.0008313619364344049,new_scs_vi_1000,26092913
scs,676,True,21,21,0.5238095238095238,0.47619047619047616,4,2,0.0008313619364344049,new_scs_vi_1000,26092913
scs,677,True,57,57,0.42105263157894735,0.40350877192982454,2,2,0.0008313619364344049,new_scs_vi_1000,26092913
scs,678,True,40,40,0.35,0.375,2,2,0.0008313619364344049,new_scs_vi_1000,26092913
scs,679,True,67,67,0.2835820895522388,0.31343283582089554,1,14,0.0008313619364344049,new_scs_vi_1000,26092913
scs,680,True,17,17,0.5882352941176471,0.5882352941176471,1,1,0.0008313619364344049,new_scs_vi_1000,26092913
scs,681,True,31,31,0.3870967741935484,0.41935483870967744,1,3,0.0008313619364344049,new_scs_vi_1000,26092913
scs,682,True,10,10,0.5,0.5,3,0,0.0008313619364344049,new_scs_vi_1000,26092913
scs,683,True,34,34,0.4411764705882353,0.4117647058823529,4,3,0.0008313619364344049,new_scs_vi_1000,26092913
scs,684,True,41,41,0.3170731707317073,0.3170731707317073,4,4,0.0008313619364344049,new_scs_vi_1000,26092913
scs,685,True,89,89,0.4943820224719101,0.4606741573033708,2,12,0.0008313619364344049,new_scs_vi_1000,26092913
scs,686,True,15,15,0.6666666666666666,0.6666666666666666,1,0,0.0008313619364344049,new_scs_vi_1000,26092913
scs,687,True,61,61,0.2459016393442623,0.29508196721311475,1,9,0.0008313619364344049,new_scs_vi_1000,26092913
scs,688,True,15,15,0.6666666666666666,0.6666666666666666,1,1,0.0013261588137538638,new_scs_vi_1000,26092913
scs,689,True,27,27,0.5925925925925926,0.5555555555555556,2,1,0.0013261588137538638,new_scs_vi_1000,26092913
scs,690,True,90,90,0.37777777777777777,0.36666666666666664,3,5,0.0013261588137538638,new_scs_vi_1000,26092913
scs,691,True,33,33,0.2727272727272727,0.30303030303030304,1,0,0.0013261588137538638,new_scs_vi_1000,26092913
scs,692,True,21,21,0.47619047619047616,0.5238095238095238,2,0,0.0013261588137538638,new_scs_vi_1000,26092913
scs,693,True,19,19,0.47368421052631576,0.5263157894736842,3,4,0.0013261588137538638,new_scs_vi_1000,26092913
scs,694,True,160,160,0.39375,0.3375,1,19,0.0013261588137538638,new_scs_vi_1000,26092913
scs,695,True,28,28,0.32142857142857145,0.32142857142857145,1,0,0.0013261588137538638,new_scs_vi_1000,26092913
scs,696,True,34,34,0.47058823529411764,0.4117647058823529,6,0,0.0013261588137538638,new_scs_vi_1000,26092913
scs,697,True,44,44,0.29545454545454547,0.36363636363636365,2,2,0.0013261588137538638,new_scs_vi_1000,26092913
scs,698,True,49,49,0.3673469387755102,0.22448979591836735,2,0,0.0013261588137538638,new_scs_vi_1000,26092913
scs,699,True,51,51,0.3333333333333333,0.29411764705882354,1,1,0.0013261588137538638,new_scs_vi_1000,26092913
scs,700,True,34,34,0.29411764705882354,0.35294117647058826,2,6,0.0013261588137538638,new_scs_vi_1000,26092913
scs,701,True,26,26,0.46153846153846156,0.5,1,6,0.0013261588137538638,new_scs_vi_1000,26092913
scs,702,True,47,47,0.3617021276595745,0.3829787234042553,3,13,0.0013261588137538638,new_scs_vi_1000,26092913
scs,703,True,14,14,0.5714285714285714,0.35714285714285715,1,0,0.0013261588137538638,new_scs_vi_1000,26092913
scs,704,True,24,24,0.625,0.5,3,0,0.0006710182497045025,new_scs_vi_1000,26092913
scs,705,True,10,10,0.7,0.6,1,0,0.0006710182497045025,new_scs_vi_1000,26092913
scs,706,True,21,21,0.38095238095238093,0.42857142857142855,1,0,0.0006710182497045025,new_scs_vi_1000,26092913
scs,707,True,19,19,0.3684210526315789,0.42105263157894735,1,5,0.0006710182497045025,new_scs_vi_1000,26092913
scs,708,True,46,46,0.32608695652173914,0.34782608695652173,5,2,0.0006710182497045025,new_scs_vi_1000,26092913
scs,709,True,23,23,0.5652173913043478,0.5652173913043478,1,0,0.0006710182497045025,new_scs_vi_1000,26092913
scs,710,True,27,27,0.48148148148148145,0.5555555555555556,1,0,0.0006710182497045025,new_scs_vi_1000,26092913
scs,711,True,78,78,0.2564102564102564,0.32051282051282054,1,13,0.0006710182497045025,new_scs_vi_1000,26092913
scs,712,True,18,18,0.3333333333333333,0.3333333333333333,2,0,0.0006710182497045025,new_scs_vi_1000,26092913
scs,713,True,72,72,0.2638888888888889,0.2916666666666667,1,10,0.0006710182497045025,new_scs_vi_1000,26092913
scs,714,True,22,22,0.45454545454545453,0.4090909090909091,9,1,0.0006710182497045025,new_scs_vi_1000,26092913
scs,715,True,10,10,0.6,0.6,1,0,0.0006710182497045025,new_scs_vi_1000,26092913
scs,716,True,41,41,0.2926829268292683,0.21951219512195122,1,8,0.0006710182497045025,new_scs_vi_1000,26092913
scs,717,True,34,34,0.29411764705882354,0.4117647058823529,5,10,0.0006710182497045025,new_scs_vi_1000,26092913
scs,718,True,24,24,0.2916666666666667,0.625,1,3,0.0006710182497045025,new_scs_vi_1000,26092913
scs,719,True,19,19,0.5789473684210527,0.47368421052631576,1,1,0.0006710182497045025,new_scs_vi_1000,26092913
scs,720,True,154,154,0.3246753246753247,0.3181818181818182,9,8,0.0012355937506072223,new_scs_vi_1000,26092913
scs,721,True,21,21,0.2857142857142857,0.38095238095238093,1,0,0.0012355937506072223,new_scs_vi_1000,26092913
scs,722,True,41,41,0.34146341463414637,0.34146341463414637,5,6,0.0012355937506072223,new_scs_vi_1000,26092913
scs,723,True,33,33,0.5151515151515151,0.48484848484848486,4,1,0.0012355937506072223,new_scs_vi_1000,26092913
scs,724,True,48,48,0.3333333333333333,0.3541666666666667,2,10,0.0012355937506072223,new_scs_vi_1000,26092913
scs,725,True,19,19,0.5789473684210527,0.5789473684210527,3,0,0.0012355937506072223,new_scs_vi_1000,26092913
scs,726,True,32,32,0.46875,0.53125,6,5,0.0012355937506072223,new_scs_vi_1000,26092913
scs,727,True,16,16,0.625,0.625,1,0,0.0012355937506072223,new_scs_vi_1000,26092913
scs,728,True,24,24,0.6666666666666666,0.75,1,0,0.0012355937506072223,new_scs_vi_1000,26092913
scs,729,True,23,23,0.34782608695652173,0.391304347826087,3,0,0.0012355937506072223,new_scs_vi_1000,26092913
scs,730,True,34,34,0.4117647058823529,0.4117647058823529,2,9,0.0012355937506072223,new_scs_vi_1000,26092913
scs,731,True,18,18,0.3333333333333333,0.3888888888888889,4,8,0.0012355937506072223,new_scs_vi_1000,26092913
scs,732,True,30,30,0.26666666666666666,0.2,6,7,0.0012355937506072223,new_scs_vi_1000,26092913
scs,733,True,37,37,0.6756756756756757,0.6756756756756757,1,6,0.0012355937506072223,new_scs_vi_1000,26092913
scs,734,True,33,33,0.36363636363636365,0.3939393939393939,1,2,0.0012355937506072223,new_scs_vi_1000,26092913
scs,735,True,16,16,0.5625,0.5625,1,2,0.0012355937506072223,new_scs_vi_1000,26092913
scs,736,True,35,35,0.42857142857142855,0.4857142857142857,4,6,0.000628150999546051,new_scs_vi_1000,26092913
scs,737,True,52,52,0.17307692307692307,0.3076923076923077,4,7,0.000628150999546051,new_scs_vi_1000,26092913
scs,738,True,42,42,0.40476190476190477,0.35714285714285715,11,10,0.000628150999546051,new_scs_vi_1000,26092913
scs,739,True,8,8,0.875,1.0,1,1,0.000628150999546051,new_scs_vi_1000,26092913
scs,740,True,56,56,0.35714285714285715,0.44642857142857145,3,2,0.000628150999546051,new_scs_vi_1000,26092913
scs,741,True,37,37,0.5405405405405406,0.6756756756756757,2,4,0.000628150999546051,new_scs_vi_1000,26092913
scs,742,True,54,54,0.4074074074074074,0.3888888888888889,2,6,0.000628150999546051,new_scs_vi_1000,26092913
scs,743,True,18,18,0.3888888888888889,0.3888888888888889,1,0,0.000628150999546051,new_scs_vi_1000,26092913
scs,744,True,25,25,0.52,0.44,3,4,0.000628150999546051,new_scs_vi_1000,26092913
scs,745,True,46,46,0.32608695652173914,0.32608695652173914,4,0,0.000628150999546051,new_scs_vi_1000,26092913
scs,746,True,42,42,0.5714285714285714,0.5714285714285714,8,2,0.000628150999546051,new_scs_vi_1000,26092913
scs,747,True,44,44,0.3409090909090909,0.45454545454545453,7,10,0.000628150999546051,new_scs_vi_1000,26092913
scs,748,True,53,53,0.4339622641509434,0.3018867924528302,1,3,0.000628150999546051,new_scs_vi_1000,26092913
scs,749,True,13,13,0.6923076923076923,0.6923076923076923,2,2,0.000628150999546051,new_scs_vi_1000,26092913
scs,750,True,70,70,0.42857142857142855,0.4,4,6,0.000628150999546051,new_scs_vi_1000,26092913
scs,751,True,45,45,0.28888888888888886,0.24444444444444444,3,5,0.000628150999546051,new_scs_vi_1000,26092913
scs,752,True,48,48,0.3333333333333333,0.4166666666666667,3,9,0.001228765624546213,new_scs_vi_1000,26092913
scs,753,True,47,47,0.3404255319148936,0.3404255319148936,1,2,0.001228765624546213,new_scs_vi_1000,26092913
scs,754,True,51,51,0.37254901960784315,0.35294117647058826,1,0,0.001228765624546213,new_scs_vi_1000,26092913
scs,755,True,47,47,0.3829787234042553,0.3617021276595745,6,8,0.001228765624546213,new_scs_vi_1000,26092913
scs,756,True,33,33,0.36363636363636365,0.30303030303030304,1,12,0.001228765624546213,new_scs_vi_1000,26092913
scs,757,True,153,153,0.28104575163398693,0.39215686274509803,3,33,0.001228765624546213,new_scs_vi_1000,26092913
scs,758,True,55,55,0.21818181818181817,0.36363636363636365,6,5,0.001228765624546213,new_scs_vi_1000,26092913
scs,759,True,36,36,0.4722222222222222,0.4444444444444444,2,0,0.001228765624546213,new_scs_vi_1000,26092913
scs,760,True,48,48,0.4166666666666667,0.3541666666666667,2,10,0.001228765624546213,new_scs_vi_1000,26092913
scs,761,True,20,20,0.45,0.5,1,2,0.001228765624546213,new_scs_vi_1000,26092913
scs,762,True,18,18,0.6111111111111112,0.6666666666666666,2,2,0.001228765624546213,new_scs_vi_1000,26092913
scs,763,True,56,56,0.35714285714285715,0.375,3,6,0.001228765624546213,new_scs_vi_1000,26092913
scs,764,True,64,64,0.421875,0.390625,2,11,0.001228765624546213,new_scs_vi_1000,26092913
scs,765,True,60,60,0.48333333333333334,0.4,1,4,0.001228765624546213,new_scs_vi_1000,26092913
scs,766,True,20,20,0.35,0.35,6,0,0.001228765624546213,new_scs_vi_1000,26092913
scs,767,True,31,31,0.3548387096774194,0.3548387096774194,1,2,0.001228765624546213,new_scs_vi_1000,26092913
scs,768,True,23,23,0.4782608695652174,0.391304347826087,3,2,0.0008954687509685755,new_scs_vi_1000,26092913
scs,769,True,80,80,0.2,0.2125,5,5,0.0008954687509685755,new_scs_vi_1000,26092913
scs,770,True,72,72,0.25,0.2916666666666667,13,13,0.0008954687509685755,new_scs_vi_1000,26092913
scs,771,True,50,50,0.42,0.36,2,6,0.0008954687509685755,new_scs_vi_1000,26092913
scs,772,True,38,38,0.34210526315789475,0.42105263157894735,2,6,0.0008954687509685755,new_scs_vi_1000,26092913
scs,773,True,42,42,0.3333333333333333,0.23809523809523808,1,23,0.0008954687509685755,new_scs_vi_1000,26092913
scs,774,True,12,12,0.5833333333333334,0.5833333333333334,3,0,0.0008954687509685755,new_scs_vi_1000,26092913
scs,775,True,54,54,0.48148148148148145,0.5555555555555556,7,2,0.0008954687509685755,new_scs_vi_1000,26092913
scs,776,True,78,78,0.46153846153846156,0.3974358974358974,4,4,0.0008954687509685755,new_scs_vi_1000,26092913
scs,777,True,21,21,0.5238095238095238,0.5238095238095238,1,2,0.0008954687509685755,new_scs_vi_1000,26092913
scs,778,True,38,38,0.2631578947368421,0.2894736842105263,2,4,0.0008954687509685755,new_scs_vi_1000,26092913
scs,779,True,23,23,0.4782608695652174,0.4782608695652174,2,0,0.0008954687509685755,new_scs_vi_1000,26092913
scs,780,True,109,109,0.3853211009174312,0.47706422018348627,3,2,0.0008954687509685755,new_scs_vi_1000,26092913
scs,781,True,28,28,0.5357142857142857,0.5,3,5,0.0008954687509685755,new_scs_vi_1000,26092913
scs,782,True,33,33,0.42424242424242425,0.42424242424242425,1,4,0.0008954687509685755,new_scs_vi_1000,26092913
scs,783,True,33,33,0.5454545454545454,0.5454545454545454,1,8,0.0008954687509685755,new_scs_vi_1000,26092913
scs,784,True,35,35,0.5142857142857142,0.42857142857142855,2,0,0.0014598828129237518,new_scs_vi_1000,26092913
scs,785,True,43,43,0.4418604651162791,0.4186046511627907,2,4,0.0014598828129237518,new_scs_vi_1000,26092913
scs,786,True,46,46,0.5434782608695652,0.5434782608695652,6,2,0.0014598828129237518,new_scs_vi_1000,26092913
scs,787,True,25,25,0.52,0.6,1,0,0.0014598828129237518,new_scs_vi_1000,26092913
scs,788,True,31,31,0.41935483870967744,0.4838709677419355,3,6,0.0014598828129237518,new_scs_vi_1000,26092913
scs,789,True,18,18,0.6111111111111112,0.7777777777777778,1,1,0.0014598828129237518,new_scs_vi_1000,26092913
scs,790,True,100,100,0.36,0.45,3,22,0.0014598828129237518,new_scs_vi_1000,26092913
scs,791,True,33,33,0.42424242424242425,0.30303030303030304,1,2,0.0014598828129237518,new_scs_vi_1000,26092913
scs,792,True,46,46,0.43478260869565216,0.5,6,1,0.0014598828129237518,new_scs_vi_1000,26092913
scs,793,True,8,8,0.5,0.5,1,0,0.0014598828129237518,new_scs_vi_1000,26092913
scs,794,True,37,37,0.32432432432432434,0.32432432432432434,6,5,0.0014598828129237518,new_scs_vi_1000,26092913
scs,795,True,37,37,0.6216216216216216,0.43243243243243246,1,6,0.0014598828129237518,new_scs_vi_1000,26092913
scs,796,True,11,11,0.7272727272727273,0.7272727272727273,1,0,0.0014598828129237518,new_scs_vi_1000,26092913
scs,797,True,38,38,0.2894736842105263,0.47368421052631576,1,12,0.0014598828129237518,new_scs_vi_1000,26092913
scs,798,True,189,189,0.3492063492063492,0.3439153439153439,10,25,0.0014598828129237518,new_scs_vi_1000,26092913
scs,799,True,32,32,0.28125,0.3125,1,2,0.0014598828129237518,new_scs_vi_1000,26092913
scs,800,True,85,85,0.4470588235294118,0.3764705882352941,4,18,0.0007314687500183936,new_scs_vi_1000,26092913
scs,801,True,48,48,0.3333333333333333,0.3125,3,2,0.0007314687500183936,new_scs_vi_1000,26092913
scs,802,True,9,9,0.5555555555555556,0.6666666666666666,1,0,0.0007314687500183936,new_scs_vi_1000,26092913
scs,803,True,65,65,0.4153846153846154,0.4,3,5,0.0007314687500183936,new_scs_vi_1000,26092913
scs,804,True,20,20,0.5,0.5,1,0,0.0007314687500183936,new_scs_vi_1000,26092913
scs,805,True,43,43,0.3023255813953488,0.2558139534883721,2,8,0.0007314687500183936,new_scs_vi_1000,26092913
scs,806,True,20,20,0.55,0.55,3,0,0.0007314687500183936,new_scs_vi_1000,26092913
scs,807,True,28,28,0.5,0.4642857142857143,8,1,0.0007314687500183936,new_scs_vi_1000,26092913
scs,808,True,54,54,0.48148148148148145,0.42592592592592593,6,1,0.0007314687500183936,new_scs_vi_1000,26092913
scs,809,True,30,30,0.5,0.4,1,1,0.0007314687500183936,new_scs_vi_1000,26092913
scs,810,True,21,21,0.3333333333333333,0.3333333333333333,5,1,0.0007314687500183936,new_scs_vi_1000,26092913
scs,811,True,44,44,0.36363636363636365,0.4318181818181818,1,1,0.0007314687500183936,new_scs_vi_1000,26092913
scs,812,True,65,65,0.5076923076923077,0.5076923076923077,4,8,0.0007314687500183936,new_scs_vi_1000,26092913
scs,813,True,34,34,0.35294117647058826,0.35294117647058826,3,8,0.0007314687500183936,new_scs_vi_1000,26092913
scs,814,True,81,81,0.2839506172839506,0.3950617283950617,1,14,0.0007314687500183936,new_scs_vi_1000,26092913
scs,815,True,16,16,0.625,0.5,1,2,0.0007314687500183936,new_scs_vi_1000,26092913
scs,816,True,54,54,0.4074074074074074,0.37037037037037035,1,1,0.0008029817508941051,new_scs_vi_1000,26092913
scs,817,True,27,27,0.5555555555555556,0.7037037037037037,1,4,0.0008029817508941051,new_scs_vi_1000,26092913
scs,818,True,70,70,0.38571428571428573,0.38571428571428573,1,33,0.0008029817508941051,new_scs_vi_1000,26092913
scs,819,True,93,93,0.3978494623655914,0.3225806451612903,2,12,0.0008029817508941051,new_scs_vi_1000,26092913
scs,820,True,45,45,0.28888888888888886,0.26666666666666666,3,8,0.0008029817508941051,new_scs_vi_1000,26092913
scs,821,True,16,16,0.5,0.625,1,4,0.0008029817508941051,new_scs_vi_1000,26092913
scs,822,True,36,36,0.3611111111111111,0.3611111111111111,1,6,0.0008029817508941051,new_scs_vi_1000,26092913
scs,823,True,29,29,0.27586206896551724,0.3103448275862069,2,3,0.0008029817508941051,new_scs_vi_1000,26092913
scs,824,True,8,8,0.75,0.875,2,0,0.0008029817508941051,new_scs_vi_1000,26092913
scs,825,True,30,30,0.36666666666666664,0.36666666666666664,1,0,0.0008029817508941051,new_scs_vi_1000,26092913
scs,826,True,32,32,0.3125,0.28125,1,9,0.0008029817508941051,new_scs_vi_1000,26092913
scs,827,True,81,81,0.48148148148148145,0.4074074074074074,4,10,0.0008029817508941051,new_scs_vi_1000,26092913
scs,828,True,28,28,0.2857142857142857,0.35714285714285715,2,0,0.0008029817508941051,new_scs_vi_1000,26092913
scs,829,True,48,48,0.6041666666666666,0.5625,3,6,0.0008029817508941051,new_scs_vi_1000,26092913
scs,830,True,14,14,0.5714285714285714,0.7142857142857143,1,0,0.0008029817508941051,new_scs_vi_1000,26092913
scs,831,True,26,26,0.34615384615384615,0.38461538461538464,1,1,0.0008029817508941051,new_scs_vi_1000,26092913
scs,832,True,18,18,0.5,0.5555555555555556,1,5,0.0006164088117657229,new_scs_vi_1000,26092913
scs,833,True,33,33,0.3939393939393939,0.36363636363636365,5,3,0.0006164088117657229,new_scs_vi_1000,26092913
scs,834,True,51,51,0.2549019607843137,0.21568627450980393,1,11,0.0006164088117657229,new_scs_vi_1000,26092913
scs,835,True,44,44,0.5681818181818182,0.5681818181818182,2,1,0.0006164088117657229,new_scs_vi_1000,26092913
scs,836,True,20,20,0.45,0.45,2,0,0.0006164088117657229,new_scs_vi_1000,26092913
scs,837,True,20,20,0.35,0.35,8,4,0.0006164088117657229,new_scs_vi_1000,26092913
scs,838,True,28,28,0.5714285714285714,0.6785714285714286,1,3,0.0006164088117657229,new_scs_vi_1000,26092913
scs,839,True,38,38,0.39473684210526316,0.47368421052631576,2,8,0.0006164088117657229,new_scs_vi_1000,26092913
scs,840,True,29,29,0.5172413793103449,0.41379310344827586,2,1,0.0006164088117657229,new_scs_vi_1000,26092913
scs,841,True,70,70,0.3,0.35714285714285715,1,3,0.0006164088117657229,new_scs_vi_1000,26092913
scs,842,True,22,22,0.5,0.5454545454545454,3,1,0.0006164088117657229,new_scs_vi_1000,26092913
scs,843,True,19,19,0.631578947368421,0.47368421052631576,1,2,0.0006164088117657229,new_scs_vi_1000,26092913
scs,844,True,30,30,0.3,0.3,1,10,0.0006164088117657229,new_scs_vi_1000,26092913
scs,845,True,10,10,0.7,0.8,1,0,0.0006164088117657229,new_scs_vi_1000,26092913
scs,846,True,33,33,0.3333333333333333,0.30303030303030304,1,2,0.0006164088117657229,new_scs_vi_1000,26092913
scs,847,True,42,42,0.35714285714285715,0.38095238095238093,1,4,0.0006164088117657229,new_scs_vi_1000,26092913
scs,848,True,25,25,0.4,0.56,1,0,0.0006999765646469314,new_scs_vi_1000,26092913
scs,849,True,31,31,0.4838709677419355,0.3870967741935484,1,3,0.0006999765646469314,new_scs_vi_1000,26092913
scs,850,True,43,43,0.23255813953488372,0.20930232558139536,4,5,0.0006999765646469314,new_scs_vi_1000,26092913
scs,851,True,21,21,0.47619047619047616,0.38095238095238093,1,0,0.0006999765646469314,new_scs_vi_1000,26092913
scs,852,True,18,18,0.5,0.4444444444444444,4,2,0.0006999765646469314,new_scs_vi_1000,26092913
scs,853,True,35,35,0.2857142857142857,0.22857142857142856,2,5,0.0006999765646469314,new_scs_vi_1000,26092913
scs,854,True,80,80,0.375,0.25,4,8,0.0006999765646469314,new_scs_vi_1000,26092913
scs,855,True,11,11,0.9090909090909091,0.8181818181818182,1,1,0.0006999765646469314,new_scs_vi_1000,26092913
scs,856,True,21,21,0.47619047619047616,0.5238095238095238,1,6,0.0006999765646469314,new_scs_vi_1000,26092913
scs,857,True,62,62,0.3709677419354839,0.43548387096774194,4,14,0.0006999765646469314,new_scs_vi_1000,26092913
scs,858,True,39,39,0.46153846153846156,0.4358974358974359,1,0,0.0006999765646469314,new_scs_vi_1000,26092913
scs,859,True,77,77,0.3246753246753247,0.3246753246753247,4,8,0.0006999765646469314,new_scs_vi_1000,26092913
scs,860,True,31,31,0.41935483870967744,0.3225806451612903,5,0,0.0006999765646469314,new_scs_vi_1000,26092913
scs,861,True,35,35,0.4857142857142857,0.3142857142857143,1,9,0.0006999765646469314,new_scs_vi_1000,26092913
scs,862,True,63,63,0.31746031746031744,0.38095238095238093,3,15,0.0006999765646469314,new_scs_vi_1000,26092913
scs,863,True,46,46,0.2826086956521739,0.21739130434782608,2,7,0.0006999765646469314,new_scs_vi_1000,26092913
scs,864,True,28,28,0.5357142857142857,0.42857142857142855,3,4,0.0007528958121838514,new_scs_vi_1000,26092913
scs,865,True,44,44,0.45454545454545453,0.36363636363636365,1,4,0.0007528958121838514,new_scs_vi_1000,26092913
scs,866,True,71,71,0.39436619718309857,0.30985915492957744,3,6,0.0007528958121838514,new_scs_vi_1000,26092913
scs,867,True,73,73,0.4383561643835616,0.4246575342465753,4,10,0.0007528958121838514,new_scs_vi_1000,26092913
scs,868,True,15,15,0.7333333333333333,0.7333333333333333,2,2,0.0007528958121838514,new_scs_vi_1000,26092913
scs,869,True,18,18,0.3888888888888889,0.3888888888888889,2,0,0.0007528958121838514,new_scs_vi_1000,26092913
scs,870,True,56,56,0.42857142857142855,0.48214285714285715,4,12,0.0007528958121838514,new_scs_vi_1000,26092913
scs,871,True,23,23,0.6086956521739131,0.6086956521739131,1,3,0.0007528958121838514,new_scs_vi_1000,26092913
scs,872,True,14,14,0.5,0.42857142857142855,1,0,0.0007528958121838514,new_scs_vi_1000,26092913
scs,873,True,33,33,0.36363636363636365,0.36363636363636365,2,8,0.0007528958121838514,new_scs_vi_1000,26092913
scs,874,True,63,63,0.38095238095238093,0.36507936507936506,3,20,0.0007528958121838514,new_scs_vi_1000,26092913
scs,875,True,38,38,0.34210526315789475,0.3157894736842105,1,2,0.0007528958121838514,new_scs_vi_1000,26092913
scs,876,True,55,55,0.36363636363636365,0.36363636363636365,5,3,0.0007528958121838514,new_scs_vi_1000,26092913
scs,877,True,88,88,0.38636363636363635,0.42045454545454547,9,9,0.0007528958121838514,new_scs_vi_1000,26092913
scs,878,True,12,12,0.8333333333333334,0.8333333333333334,1,0,0.0007528958121838514,new_scs_vi_1000,26092913
scs,879,True,25,25,0.44,0.4,3,6,0.0007528958121838514,new_scs_vi_1000,26092913
scs,880,True,9,9,0.7777777777777778,0.5555555555555556,1,1,0.0007452943100361153,new_scs_vi_1000,26092913
scs,881,True,24,24,0.4166666666666667,0.3333333333333333,1,2,0.0007452943100361153,new_scs_vi_1000,26092913
scs,882,True,37,37,0.35135135135135137,0.2702702702702703,1,5,0.0007452943100361153,new_scs_vi_1000,26092913
scs,883,True,27,27,0.5555555555555556,0.48148148148148145,2,0,0.0007452943100361153,new_scs_vi_1000,26092913
scs,884,True,27,27,0.6296296296296297,0.7777777777777778,1,0,0.0007452943100361153,new_scs_vi_1000,26092913
scs,885,True,30,30,0.23333333333333334,0.36666666666666664,1,10,0.0007452943100361153,new_scs_vi_1000,26092913
scs,886,True,65,65,0.3384615384615385,0.3230769230769231,3,9,0.0007452943100361153,new_scs_vi_1000,26092913
scs,887,True,13,13,0.7692307692307693,0.6153846153846154,1,2,0.0007452943100361153,new_scs_vi_1000,26092913
scs,888,True,49,49,0.3673469387755102,0.3469387755102041,3,9,0.0007452943100361153,new_scs_vi_1000,26092913
scs,889,True,11,11,0.6363636363636364,0.6363636363636364,2,1,0.0007452943100361153,new_scs_vi_1000,26092913
scs,890,True,12,12,0.4166666666666667,0.6666666666666666,1,0,0.0007452943100361153,new_scs_vi_1000,26092913
scs,891,True,64,64,0.296875,0.3125,7,1,0.0007452943100361153,new_scs_vi_1000,26092913
scs,892,True,84,84,0.36904761904761907,0.36904761904761907,5,10,0.0007452943100361153,new_scs_vi_1000,26092913
scs,893,True,32,32,0.40625,0.40625,3,4,0.0007452943100361153,new_scs_vi_1000,26092913
scs,894,True,47,47,0.3829787234042553,0.2765957446808511,1,14,0.0007452943100361153,new_scs_vi_1000,26092913
scs,895,True,38,38,0.42105263157894735,0.42105263157894735,2,6,0.0007452943100361153,new_scs_vi_1000,26092913
scs,896,True,13,13,0.5384615384615384,0.5384615384615384,1,4,0.0008991823124233633,new_scs_vi_1000,26092913
scs,897,True,11,11,0.7272727272727273,0.7272727272727273,1,0,0.0008991823124233633,new_scs_vi_1000,26092913
scs,898,True,109,109,0.29357798165137616,0.25688073394495414,1,4,0.0008991823124233633,new_scs_vi_1000,26092913
scs,899,True,18,18,0.3333333333333333,0.3333333333333333,1,0,0.0008991823124233633,new_scs_vi_1000,26092913
scs,900,True,51,51,0.3137254901960784,0.39215686274509803,6,3,0.0008991823124233633,new_scs_vi_1000,26092913
scs,901,True,24,24,0.3333333333333333,0.375,1,0,0.0008991823124233633,new_scs_vi_1000,26092913
scs,902,True,12,12,0.5833333333333334,0.5833333333333334,2,0,0.0008991823124233633,new_scs_vi_1000,26092913
scs,903,True,34,34,0.4117647058823529,0.4117647058823529,4,2,0.0008991823124233633,new_scs_vi_1000,26092913
scs,904,True,66,66,0.4090909090909091,0.45454545454545453,2,15,0.0008991823124233633,new_scs_vi_1000,26092913
scs,905,True,53,53,0.41509433962264153,0.41509433962264153,1,6,0.0008991823124233633,new_scs_vi_1000,26092913
scs,906,True,34,34,0.38235294117647056,0.38235294117647056,2,1,0.0008991823124233633,new_scs_vi_1000,26092913
scs,907,True,41,41,0.4878048780487805,0.5121951219512195,1,10,0.0008991823124233633,new_scs_vi_1000,26092913
scs,908,True,19,19,0.3157894736842105,0.47368421052631576,1,1,0.0008991823124233633,new_scs_vi_1000,26092913
scs,909,True,41,41,0.4146341463414634,0.4146341463414634,3,2,0.0008991823124233633,new_scs_vi_1000,26092913
scs,910,True,66,66,0.5151515151515151,0.5606060606060606,1,13,0.0008991823124233633,new_scs_vi_1000,26092913
scs,911,True,20,20,0.45,0.4,4,1,0.0008991823124233633,new_scs_vi_1000,26092913
scs,912,True,81,81,0.2839506172839506,0.32098765432098764,1,17,0.0008611693119746633,new_scs_vi_1000,26092913
scs,913,True,72,72,0.4722222222222222,0.4583333333333333,3,6,0.0008611693119746633,new_scs_vi_1000,26092913
scs,914,True,29,29,0.3448275862068966,0.3448275862068966,3,0,0.0008611693119746633,new_scs_vi_1000,26092913
scs,915,True,46,46,0.5217391304347826,0.43478260869565216,3,0,0.0008611693119746633,new_scs_vi_1000,26092913
scs,916,True,55,55,0.45454545454545453,0.32727272727272727,2,8,0.0008611693119746633,new_scs_vi_1000,26092913
scs,917,True,91,91,0.32967032967032966,0.3076923076923077,5,7,0.0008611693119746633,new_scs_vi_1000,26092913
scs,918,True,40,40,0.3,0.325,2,4,0.0008611693119746633,new_scs_vi_1000,26092913
scs,919,True,98,98,0.40816326530612246,0.3163265306122449,4,11,0.0008611693119746633,new_scs_vi_1000,26092913
scs,920,True,37,37,0.35135135135135137,0.21621621621621623,1,13,0.0008611693119746633,new_scs_vi_1000,26092913
scs,921,True,10,10,0.6,0.6,1,1,0.0008611693119746633,new_scs_vi_1000,26092913
scs,922,True,61,61,0.32786885245901637,0.36065573770491804,5,17,0.0008611693119746633,new_scs_vi_1000,26092913
scs,923,True,63,63,0.5555555555555556,0.5555555555555556,3,9,0.0008611693119746633,new_scs_vi_1000,26092913
scs,924,True,18,18,0.3333333333333333,0.4444444444444444,1,2,0.0008611693119746633,new_scs_vi_1000,26092913
scs,925,True,26,26,0.23076923076923078,0.23076923076923078,4,0,0.0008611693119746633,new_scs_vi_1000,26092913
scs,926,True,28,28,0.5357142857142857,0.4642857142857143,1,5,0.0008611693119746633,new_scs_vi_1000,26092913
scs,927,True,22,22,0.4090909090909091,0.5,1,1,0.0008611693119746633,new_scs_vi_1000,26092913
scs,928,True,38,38,0.39473684210526316,0.3157894736842105,1,11,0.0006095963726693299,new_scs_vi_1000,26092913
scs,929,True,17,17,0.47058823529411764,0.47058823529411764,1,0,0.0006095963726693299,new_scs_vi_1000,26092913
scs,930,True,50,50,0.54,0.44,2,2,0.0006095963726693299,new_scs_vi_1000,26092913
scs,931,True,43,43,0.3953488372093023,0.37209302325581395,3,5,0.0006095963726693299,new_scs_vi_1000,26092913
scs,932,True,66,66,0.3333333333333333,0.3181818181818182,5,10,0.0006095963726693299,new_scs_vi_1000,26092913
scs,933,True,47,47,0.6808510638297872,0.2553191489361702,1,8,0.0006095963726693299,new_scs_vi_1000,26092913
scs,934,True,66,66,0.3333333333333333,0.2878787878787879,1,2,0.0006095963726693299,new_scs_vi_1000,26092913
scs,935,True,29,29,0.4482758620689655,0.6551724137931034,2,0,0.0006095963726693299,new_scs_vi_1000,26092913
scs,936,True,42,42,0.2619047619047619,0.42857142857142855,1,12,0.0006095963726693299,new_scs_vi_1000,26092913
scs,937,True,23,23,0.6521739130434783,0.6086956521739131,1,0,0.0006095963726693299,new_scs_vi_1000,26092913
scs,938,True,27,27,0.4074074074074074,0.37037037037037035,1,2,0.0006095963726693299,new_scs_vi_1000,26092913
scs,939,True,52,52,0.34615384615384615,0.28846153846153844,3,1,0.0006095963726693299,new_scs_vi_1000,26092913
scs,940,True,11,11,0.8181818181818182,0.7272727272727273,1,0,0.0006095963726693299,new_scs_vi_1000,26092913
scs,941,True,47,47,0.2978723404255319,0.2765957446808511,2,6,0.0006095963726693299,new_scs_vi_1000,26092913
scs,942,True,26,26,0.5769230769230769,0.5384615384615384,1,4,0.0006095963726693299,new_scs_vi_1000,26092913
scs,943,True,24,24,0.4583333333333333,0.5416666666666666,6,4,0.0006095963726693299,new_scs_vi_1000,26092913
scs,944,True,59,59,0.4576271186440678,0.4067796610169492,2,4,0.0008466978761134669,new_scs_vi_1000,26092913
scs,945,True,24,24,0.375,0.375,3,10,0.0008466978761134669,new_scs_vi_1000,26092913
scs,946,True,47,47,0.46808510638297873,0.3617021276595745,2,1,0.0008466978761134669,new_scs_vi_1000,26092913
scs,947,True,24,24,0.5833333333333334,0.4583333333333333,1,5,0.0008466978761134669,new_scs_vi_1000,26092913
scs,948,True,99,99,0.25252525252525254,0.42424242424242425,3,3,0.0008466978761134669,new_scs_vi_1000,26092913
scs,949,True,69,69,0.30434782608695654,0.463768115942029,1,14,0.0008466978761134669,new_scs_vi_1000,26092913
scs,950,True,76,76,0.42105263157894735,0.35526315789473684,1,16,0.0008466978761134669,new_scs_vi_1000,26092913
scs,951,True,32,32,0.40625,0.53125,1,6,0.0008466978761134669,new_scs_vi_1000,26092913
scs,952,True,46,46,0.2826086956521739,0.2608695652173913,1,7,0.0008466978761134669,new_scs_vi_1000,26092913
scs,953,True,51,51,0.5490196078431373,0.45098039215686275,2,3,0.0008466978761134669,new_scs_vi_1000,26092913
scs,954,True,13,13,0.46153846153846156,0.46153846153846156,1,0,0.0008466978761134669,new_scs_vi_1000,26092913
scs,955,True,32,32,0.46875,0.4375,2,0,0.0008466978761134669,new_scs_vi_1000,26092913
scs,956,True,26,26,0.46153846153846156,0.5,2,4,0.0008466978761134669,new_scs_vi_1000,26092913
scs,957,True,17,17,0.5294117647058824,0.5294117647058824,2,2,0.0008466978761134669,new_scs_vi_1000,26092913
scs,958,True,49,49,0.40816326530612246,0.30612244897959184,5,6,0.0008466978761134669,new_scs_vi_1000,26092913
scs,959,True,57,57,0.3684210526315789,0.42105263157894735,3,5,0.0008466978761134669,new_scs_vi_1000,26092913
scs,960,True,28,28,0.35714285714285715,0.35714285714285715,1,3,0.0007432083766616415,new_scs_vi_1000,26092913
scs,961,True,15,15,0.4666666666666667,0.4666666666666667,1,3,0.0007432083766616415,new_scs_vi_1000,26092913
scs,962,True,22,22,0.6363636363636364,0.5909090909090909,1,0,0.0007432083766616415,new_scs_vi_1000,26092913
scs,963,True,55,55,0.43636363636363634,0.509090909090909,1,5,0.0007432083766616415,new_scs_vi_1000,26092913
scs,964,True,76,76,0.27631578947368424,0.4342105263157895,1,8,0.0007432083766616415,new_scs_vi_1000,26092913
scs,965,True,48,48,0.5,0.5416666666666666,1,2,0.0007432083766616415,new_scs_vi_1000,26092913
scs,966,True,20,20,0.45,0.35,3,5,0.0007432083766616415,new_scs_vi_1000,26092913
scs,967,True,65,65,0.3384615384615385,0.4,3,6,0.0007432083766616415,new_scs_vi_1000,26092913
scs,968,True,59,59,0.4406779661016949,0.3898305084745763,2,8,0.0007432083766616415,new_scs_vi_1000,26092913
scs,969,True,53,53,0.4339622641509434,0.37735849056603776,1,14,0.0007432083766616415,new_scs_vi_1000,26092913
scs,970,True,45,45,0.5333333333333333,0.5555555555555556,4,0,0.0007432083766616415,new_scs_vi_1000,26092913
scs,971,True,81,81,0.30864197530864196,0.38271604938271603,5,15,0.0007432083766616415,new_scs_vi_1000,26092913
scs,972,True,44,44,0.3181818181818182,0.4318181818181818,1,9,0.0007432083766616415,new_scs_vi_1000,26092913
scs,973,True,20,20,0.4,0.6,1,1,0.0007432083766616415,new_scs_vi_1000,26092913
scs,974,True,32,32,0.4375,0.3125,3,3,0.0007432083766616415,new_scs_vi_1000,26092913
scs,975,True,18,18,0.6666666666666666,0.6111111111111112,1,2,0.0007432083766616415,new_scs_vi_1000,26092913
scs,976,True,30,30,0.43333333333333335,0.3333333333333333,5,2,0.0007273828123288695,new_scs_vi_1000,26092913
scs,977,True,30,30,0.3,0.26666666666666666,4,2,0.0007273828123288695,new_scs_vi_1000,26092913
scs,978,True,65,65,0.3076923076923077,0.3076923076923077,4,5,0.0007273828123288695,new_scs_vi_1000,26092913
scs,979,True,82,82,0.23170731707317074,0.25609756097560976,8,4,0.0007273828123288695,new_scs_vi_1000,26092913
scs,980,True,28,28,0.25,0.2857142857142857,2,0,0.0007273828123288695,new_scs_vi_1000,26092913
scs,981,True,83,83,0.4819277108433735,0.37349397590361444,3,14,0.0007273828123288695,new_scs_vi_1000,26092913
scs,982,True,25,25,0.36,0.4,4,3,0.0007273828123288695,new_scs_vi_1000,26092913
scs,983,True,33,33,0.48484848484848486,0.48484848484848486,3,6,0.0007273828123288695,new_scs_vi_1000,26092913
scs,984,True,17,17,0.5882352941176471,0.5294117647058824,1,0,0.0007273828123288695,new_scs_vi_1000,26092913
scs,985,True,21,21,0.2857142857142857,0.3333333333333333,2,0,0.0007273828123288695,new_scs_vi_1000,26092913
scs,986,True,31,31,0.45161290322580644,0.45161290322580644,2,2,0.0007273828123288695,new_scs_vi_1000,26092913
scs,987,True,32,32,0.5625,0.65625,1,2,0.0007273828123288695,new_scs_vi_1000,26092913
scs,988,True,25,25,0.32,0.32,1,0,0.0007273828123288695,new_scs_vi_1000,26092913
scs,989,True,37,37,0.3783783783783784,0.4594594594594595,1,4,0.0007273828123288695,new_scs_vi_1000,26092913
scs,990,True,9,9,0.7777777777777778,0.7777777777777778,1,0,0.0007273828123288695,new_scs_vi_1000,26092913
scs,991,True,30,30,0.4666666666666667,0.43333333333333335,5,2,0.0007273828123288695,new_scs_vi_1000,26092913
scs,992,True,31,31,0.3870967741935484,0.45161290322580644,1,5,0.0018090261219185777,new_scs_vi_1000,26092913
scs,993,True,28,28,0.35714285714285715,0.39285714285714285,3,6,0.0018090261219185777,new_scs_vi_1000,26092913
scs,994,True,35,35,0.2857142857142857,0.3142857142857143,1,2,0.0018090261219185777,new_scs_vi_1000,26092913
scs,995,True,10,10,0.6,0.7,2,0,0.0018090261219185777,new_scs_vi_1000,26092913
scs,996,True,40,40,0.45,0.325,1,3,0.0018090261219185777,new_scs_vi_1000,26092913
scs,997,True,47,47,0.46808510638297873,0.3829787234042553,5,7,0.0018090261219185777,new_scs_vi_1000,26092913
scs,998,True,102,102,0.3137254901960784,0.22549019607843138,3,28,0.0018090261219185777,new_scs_vi_1000,26092913
scs,999,True,18,18,0.7222222222222222,0.7777777777777778,1,1,0.0018090261219185777,new_scs_vi_1000,26092913
dcs_bw,0,True,858,858,0.3962703962703963,0.3997668997668998,2,909,0.014078875014092773,new_run,26092923
dcs_bw,1,True,458,458,0.4388646288209607,0.40829694323144106,2,456,0.007864124985644594,new_run,26092923
dcs_bw,2,True,1273,1273,0.40455616653574233,0.40926944226237233,3,1258,0.017346207983791828,new_run,26092923
dcs_bw,3,True,420,420,0.3904761904761905,0.38571428571428573,1,413,0.010062042012577876,new_run,26092923
dcs_bw,4,True,897,897,0.43478260869565216,0.43032329988851725,1,854,0.013007208006456494,new_run,26092923
dcs_bw,5,True,3423,3423,0.40987437919953257,0.4037394098743792,1,3523,0.04508479201467708,new_run,26092923
dcs_bw,6,True,1271,1271,0.3996852871754524,0.3870967741935484,1,1305,0.018210416979854926,new_run,26092923
dcs_bw,7,True,481,481,0.4095634095634096,0.4158004158004158,1,489,0.006321666005533189,new_run,26092923
dcs_bw,8,True,1235,1235,0.3862348178137652,0.3862348178137652,2,1303,0.015820665983483195,new_run,26092923
dcs_bw,9,True,1866,1866,0.3692390139335477,0.37566988210075025,3,2013,0.02575349999824539,new_run,26092923
dcs_bw,10,True,2406,2406,0.415211970074813,0.4251870324189526,1,2446,0.030005708016688004,new_run,26092923
dcs_bw,11,True,1686,1686,0.3973902728351127,0.4027283511269276,3,1720,0.022412542020902038,new_run,26092923
dcs_bw,12,True,470,470,0.41914893617021276,0.4276595744680851,4,466,0.006256666005356237,new_run,26092923
dcs_bw,13,True,752,752,0.3882978723404255,0.40824468085106386,1,775,0.010445167019497603,new_run,26092923
dcs_bw,14,True,982,982,0.39918533604887985,0.395112016293279,1,1005,0.012976500001968816,new_run,26092923
dcs_bw,15,True,555,555,0.3927927927927928,0.3963963963963964,9,610,0.007179874985013157,new_run,26092923
dcs_bw,16,True,853,853,0.4396248534583822,0.44196951934349354,1,811,0.010892000020248815,new_run,26092923
dcs_bw,17,True,795,795,0.3987421383647799,0.41132075471698115,1,774,0.010690249997423962,new_run,26092923
dcs_bw,18,True,667,667,0.39730134932533734,0.39580209895052476,1,677,0.00842687499243766,new_run,26092923
dcs_bw,19,True,1317,1317,0.3917995444191344,0.3788914198936978,2,1386,0.01671175000956282,new_run,26092923
dcs_bw,20,True,2664,2664,0.3982732732732733,0.3948948948948949,1,2736,0.03374966699630022,new_run,26092923
dcs_bw,21,True,4286,4286,0.3964069062062529,0.3968735417638824,1,4486,0.05766495899297297,new_run,26092923
dcs_bw,22,True,3251,3251,0.40664410950476776,0.4072593048292833,1,3247,0.04549045898602344,new_run,26092923
dcs_bw,23,True,1866,1866,0.3703108252947481,0.3703108252947481,1,2021,0.025269500009017065,new_run,26092923
dcs_bw,24,True,420,420,0.4666666666666667,0.45,4,398,0.005729583994252607,new_run,26092923
dcs_bw,25,True,2535,2535,0.3810650887573965,0.37909270216962526,1,2681,0.032365042017772794,new_run,26092923
dcs_bw,26,True,2477,2477,0.4376261606782398,0.44327815906338314,1,2426,0.033899250003742054,new_run,26092923
dcs_bw,27,True,1036,1036,0.39864864864864863,0.38803088803088803,4,1076,0.013983790995553136,new_run,26092923
dcs_bw,28,True,3646,3646,0.3952276467361492,0.3872737246297312,6,3812,0.04543891700450331,new_run,26092923
dcs_bw,29,True,1524,1524,0.37729658792650916,0.3884514435695538,5,1571,0.021204874996328726,new_run,26092923
dcs_bw,30,True,903,903,0.3864894795127353,0.3875968992248062,1,985,0.011256707977736369,new_run,26092923
dcs_bw,31,True,406,406,0.3694581280788177,0.37438423645320196,2,458,0.005150500015588477,new_run,26092923
dcs_bw,32,True,1444,1444,0.3801939058171745,0.37257617728531855,2,1590,0.018051582999760285,new_run,26092923
dcs_bw,33,True,1172,1172,0.43430034129692835,0.42918088737201365,4,1197,0.015600958984578028,new_run,26092923
dcs_bw,34,True,1486,1486,0.3997308209959623,0.4098250336473755,3,1485,0.020157250022748485,new_run,26092923
dcs_bw,35,True,636,636,0.4481132075471698,0.449685534591195,1,616,0.007667416997719556,new_run,26092923
dcs_bw,36,True,2301,2301,0.4037375054324207,0.40460669274228594,1,2375,0.02917083300417289,new_run,26092923
dcs_bw,37,True,1198,1198,0.4081803005008347,0.39315525876460766,8,1174,0.015445249999174848,new_run,26092923
dcs_bw,38,True,868,868,0.4423963133640553,0.4423963133640553,3,861,0.011009708017809317,new_run,26092923
dcs_bw,39,True,455,455,0.4175824175824176,0.41318681318681316,12,463,0.005938832997344434,new_run,26092923
dcs_bw,40,True,2891,2891,0.3773780698720166,0.3770321687997233,1,3112,0.038062875013565645,new_run,26092923
dcs_bw,41,True,777,777,0.39253539253539255,0.39253539253539255,1,847,0.009540708007989451,new_run,26092923
dcs_bw,42,True,1333,1333,0.38484621155288823,0.3893473368342086,7,1444,0.016487999993842095,new_run,26092923
dcs_bw,43,True,2034,2034,0.3992133726647001,0.39577187807276304,2,2077,0.026194000005489215,new_run,26092923
dcs_bw,44,True,1631,1631,0.41140404659717966,0.41140404659717966,1,1669,0.021995125018293038,new_run,26092923
dcs_bw,45,True,960,960,0.4041666666666667,0.4083333333333333,1,976,0.012614125007530674,new_run,26092923
dcs_bw,46,True,384,384,0.3671875,0.3515625,2,394,0.00547879099030979,new_run,26092923
dcs_bw,47,True,859,859,0.420256111757858,0.41559953434225844,3,869,0.011086832993896678,new_run,26092923
dcs_bw,48,True,736,736,0.3736413043478261,0.3804347826086957,6,784,0.00954729100340046,new_run,26092923
dcs_bw,49,True,3896,3896,0.41093429158110883,0.4106776180698152,5,4015,0.0499094580009114,new_run,26092923
dcs_bw,50,True,968,968,0.4152892561983471,0.41632231404958675,4,958,0.012641458015423268,new_run,26092923
dcs_bw,51,True,932,932,0.4248927038626609,0.40987124463519314,1,906,0.012015040992991999,new_run,26092923
dcs_bw,52,True,1971,1971,0.4028411973617453,0.40233384069000505,5,1992,0.025102959014475346,new_run,26092923
dcs_bw,53,True,1418,1418,0.38081805359661497,0.37870239774330045,2,1527,0.018896374996984378,new_run,26092923
dcs_bw,54,True,1920,1920,0.3963541666666667,0.3958333333333333,1,1992,0.024236083001596853,new_run,26092923
dcs_bw,55,True,1133,1133,0.4148278905560459,0.4165931156222418,5,1173,0.013618791999761015,new_run,26092923
dcs_bw,56,True,3755,3755,0.37656458055925435,0.37896138482023967,2,4090,0.047045999992405996,new_run,26092923
dcs_bw,57,True,1564,1564,0.4111253196930946,0.41368286445012786,7,1592,0.02114020800217986,new_run,26092923
dcs_bw,58,True,920,920,0.3782608695652174,0.3782608695652174,1,1004,0.012054708990035579,new_run,26092923
dcs_bw,59,True,3450,3450,0.38318840579710145,0.3782608695652174,3,3629,0.04336287497426383,new_run,26092923
dcs_bw,60,True,2108,2108,0.3757115749525617,0.3776091081593928,6,2241,0.029149165988201275,new_run,26092923
dcs_bw,61,True,1669,1669,0.40143798681845416,0.4038346315158778,2,1772,0.022327624988975003,new_run,26092923
dcs_bw,62,True,1285,1285,0.4046692607003891,0.3961089494163424,1,1320,0.016064166004071012,new_run,26092923
dcs_bw,63,True,2172,2172,0.4180478821362799,0.4244935543278085,1,2196,0.026529416994890198,new_run,26092923
dcs_bw,64,True,2206,2206,0.3943789664551224,0.3925657298277425,1,2312,0.0301248749892693,new_run,26092923
dcs_bw,65,True,255,255,0.49019607843137253,0.4823529411764706,4,245,0.0036498339904937893,new_run,26092923
dcs_bw,66,True,3706,3706,0.3858607663248786,0.3826227738801943,9,3949,0.04831516701960936,new_run,26092923
dcs_bw,67,True,1917,1917,0.4047991653625456,0.4047991653625456,1,1948,0.026466791983693838,new_run,26092923
dcs_bw,68,True,1313,1313,0.4067022086824067,0.4074638233054075,3,1357,0.017816208011936396,new_run,26092923
dcs_bw,69,True,1417,1417,0.3952011291460833,0.39731827805222303,3,1535,0.018913166015408933,new_run,26092923
dcs_bw,70,True,1762,1762,0.4160045402951192,0.4029511918274688,1,1805,0.02226404199609533,new_run,26092923
dcs_bw,71,True,1054,1054,0.40227703984819735,0.39753320683111953,1,1080,0.014215375005733222,new_run,26092923
dcs_bw,72,True,3641,3641,0.40318593792914037,0.40346058775061794,2,3781,0.04494929200154729,new_run,26092923
dcs_bw,73,True,3794,3794,0.3813916710595677,0.3871903004744333,5,3920,0.05389766598818824,new_run,26092923
dcs_bw,74,True,1277,1277,0.3711824588880188,0.3586530931871574,6,1425,0.01698391599347815,new_run,26092923
dcs_bw,75,True,606,606,0.4389438943894389,0.4207920792079208,1,596,0.007924500008812174,new_run,26092923
dcs_bw,76,True,496,496,0.39314516129032256,0.39919354838709675,2,525,0.00663208297919482,new_run,26092923
dcs_bw,77,True,1572,1572,0.3893129770992366,0.393765903307888,4,1553,0.020054791995789856,new_run,26092923
dcs_bw,78,True,2152,2152,0.3949814126394052,0.3996282527881041,1,2250,0.02866295797866769,new_run,26092923
dcs_bw,79,True,1804,1804,0.4190687361419069,0.4246119733924612,3,1786,0.02439895799034275,new_run,26092923
dcs_bw,80,True,1338,1338,0.3953662182361734,0.414050822122571,1,1342,0.018192749994341284,new_run,26092923
dcs_bw,81,True,2868,2868,0.3622733612273361,0.36506276150627615,1,3096,0.036858375009614974,new_run,26092923
dcs_bw,82,True,2058,2058,0.3965014577259475,0.40184645286686105,6,2129,0.0286372079863213,new_run,26092923
dcs_bw,83,True,3487,3487,0.4009176942930886,0.39862345856036707,1,3628,0.0470799159957096,new_run,26092923
dcs_bw,84,True,934,934,0.37794432548179874,0.3747323340471092,1,986,0.012702957988949493,new_run,26092923
dcs_bw,85,True,3629,3629,0.41085698539542576,0.4081014053458253,3,3632,0.050658666994422674,new_run,26092923
dcs_bw,86,True,1728,1728,0.3871527777777778,0.38483796296296297,2,1903,0.02309079098631628,new_run,26092923
dcs_bw,87,True,2925,2925,0.39726495726495725,0.39863247863247864,3,3122,0.03695154198794626,new_run,26092923
dcs_bw,88,True,1226,1226,0.398858075040783,0.38825448613376834,1,1304,0.014818124996963888,new_run,26092923
dcs_bw,89,True,3495,3495,0.39341917024320455,0.3911301859799714,7,3695,0.045205791015177965,new_run,26092923
dcs_bw,90,True,461,461,0.3882863340563991,0.40997830802603036,5,437,0.006458542018663138,new_run,26092923
dcs_bw,91,True,2120,2120,0.3872641509433962,0.3938679245283019,1,2285,0.026314916991395876,new_run,26092923
dcs_bw,92,True,555,555,0.4036036036036036,0.38198198198198197,2,606,0.007023207988822833,new_run,26092923
dcs_bw,93,True,1343,1343,0.3484735666418466,0.35666418466120625,1,1519,0.01711479199002497,new_run,26092923
dcs_bw,94,True,1766,1766,0.40543601359003395,0.40373725934314836,1,1827,0.022520707978401333,new_run,26092923
dcs_bw,95,True,1442,1442,0.3723994452149792,0.37309292649098474,3,1613,0.018075999978464097,new_run,26092923
dcs_bw,96,True,943,943,0.3563096500530223,0.35949098621421,3,1057,0.012004791991785169,new_run,26092923
dcs_bw,97,True,878,878,0.36104783599088835,0.3530751708428246,1,993,0.010973083990393206,new_run,26092923
dcs_bw,98,True,1707,1707,0.424721734036321,0.4253075571177504,1,1682,0.022930540988454595,new_run,26092923
dcs_bw,99,True,2514,2514,0.38822593476531425,0.383054892601432,2,2626,0.03367445798357949,new_run,26092923
dcs_bw,100,True,726,726,0.41597796143250687,0.4132231404958678,6,730,0.04694555206151563,new_900_extension,26092923
dcs_bw,101,True,1046,1046,0.4464627151051625,0.44933078393881454,1,1003,0.04694555206151563,new_900_extension,26092923
dcs_bw,102,True,1403,1403,0.4069850320741269,0.39344262295081966,1,1463,0.04694555206151563,new_900_extension,26092923
dcs_bw,103,True,2001,2001,0.392303848075962,0.39430284857571213,1,2111,0.04694555206151563,new_900_extension,26092923
dcs_bw,104,True,1015,1015,0.38226600985221676,0.38620689655172413,2,1130,0.04694555206151563,new_900_extension,26092923
dcs_bw,105,True,808,808,0.3626237623762376,0.37004950495049505,2,908,0.04694555206151563,new_900_extension,26092923
dcs_bw,106,True,5587,5587,0.4011097189905137,0.40164667979237517,1,5812,0.04694555206151563,new_900_extension,26092923
dcs_bw,107,True,1304,1304,0.41180981595092025,0.40950920245398775,2,1329,0.04694555206151563,new_900_extension,26092923
dcs_bw,108,True,2116,2116,0.42580340264650285,0.42438563327032136,1,2150,0.04694555206151563,new_900_extension,26092923
dcs_bw,109,True,2232,2232,0.382168458781362,0.38530465949820786,4,2425,0.04694555206151563,new_900_extension,26092923
dcs_bw,110,True,527,527,0.396584440227704,0.3870967741935484,2,499,0.04694555206151563,new_900_extension,26092923
dcs_bw,111,True,747,747,0.3708165997322624,0.35475234270414996,1,826,0.04694555206151563,new_900_extension,26092923
dcs_bw,112,True,435,435,0.4,0.41379310344827586,2,461,0.04694555206151563,new_900_extension,26092923
dcs_bw,113,True,1704,1704,0.38967136150234744,0.3873239436619718,1,1722,0.04694555206151563,new_900_extension,26092923
dcs_bw,114,True,2934,2934,0.39536468984321743,0.39775051124744376,1,3029,0.04694555206151563,new_900_extension,26092923
dcs_bw,115,True,1227,1227,0.40097799511002447,0.40179299103504484,1,1278,0.04694555206151563,new_900_extension,26092923
dcs_bw,116,True,1386,1386,0.36363636363636365,0.3578643578643579,13,1523,0.05329301043639134,new_900_extension,26092923
dcs_bw,117,True,877,877,0.4047890535917902,0.4104903078677309,1,889,0.05329301043639134,new_900_extension,26092923
dcs_bw,118,True,6668,6668,0.40236952609478105,0.40596880623875226,4,6919,0.05329301043639134,new_900_extension,26092923
dcs_bw,119,True,818,818,0.37775061124694376,0.3753056234718826,5,865,0.05329301043639134,new_900_extension,26092923
dcs_bw,120,True,2829,2829,0.3761046306115235,0.3725698126546483,3,3130,0.05329301043639134,new_900_extension,26092923
dcs_bw,121,True,3892,3892,0.3933710174717369,0.39516957862281604,2,4163,0.05329301043639134,new_900_extension,26092923
dcs_bw,122,True,1995,1995,0.3894736842105263,0.39147869674185465,1,2133,0.05329301043639134,new_900_extension,26092923
dcs_bw,123,True,3886,3886,0.3939783839423572,0.3924343798250129,2,4098,0.05329301043639134,new_900_extension,26092923
dcs_bw,124,True,1457,1457,0.40425531914893614,0.40837336993822926,2,1498,0.05329301043639134,new_900_extension,26092923
dcs_bw,125,True,1576,1576,0.40926395939086296,0.40482233502538073,3,1599,0.05329301043639134,new_900_extension,26092923
dcs_bw,126,True,1617,1617,0.44341372912801486,0.44155844155844154,3,1538,0.05329301043639134,new_900_extension,26092923
dcs_bw,127,True,2328,2328,0.4063573883161512,0.41408934707903783,1,2399,0.05329301043639134,new_900_extension,26092923
dcs_bw,128,True,711,711,0.36849507735583686,0.37130801687763715,2,763,0.05329301043639134,new_900_extension,26092923
dcs_bw,129,True,1041,1041,0.40826128722382327,0.40057636887608067,2,1078,0.05329301043639134,new_900_extension,26092923
dcs_bw,130,True,3234,3234,0.39053803339517623,0.37940630797773656,3,3508,0.05329301043639134,new_900_extension,26092923
dcs_bw,131,True,898,898,0.40311804008908686,0.39420935412026725,4,941,0.05329301043639134,new_900_extension,26092923
dcs_bw,132,True,1378,1378,0.4042089985486212,0.41001451378809867,7,1404,0.035675872375577455,new_900_extension,26092923
dcs_bw,133,True,541,541,0.3345656192236599,0.32717190388170053,3,611,0.035675872375577455,new_900_extension,26092923
dcs_bw,134,True,1234,1234,0.3987034035656402,0.4027552674230146,3,1283,0.035675872375577455,new_900_extension,26092923
dcs_bw,135,True,2506,2506,0.39465283320031924,0.3994413407821229,1,2564,0.035675872375577455,new_900_extension,26092923
dcs_bw,136,True,642,642,0.35202492211838005,0.3395638629283489,2,709,0.035675872375577455,new_900_extension,26092923
dcs_bw,137,True,1024,1024,0.404296875,0.40234375,5,1061,0.035675872375577455,new_900_extension,26092923
dcs_bw,138,True,461,461,0.34273318872017355,0.34273318872017355,2,495,0.035675872375577455,new_900_extension,26092923
dcs_bw,139,True,1506,1506,0.37715803452855245,0.38114209827357237,1,1579,0.035675872375577455,new_900_extension,26092923
dcs_bw,140,True,3691,3691,0.40585207260904904,0.40693578975887296,1,3793,0.035675872375577455,new_900_extension,26092923
dcs_bw,141,True,1471,1471,0.39157036029911624,0.39496940856560164,1,1499,0.035675872375577455,new_900_extension,26092923
dcs_bw,142,True,2581,2581,0.37698566447113524,0.3897714064316157,2,2697,0.035675872375577455,new_900_extension,26092923
dcs_bw,143,True,2619,2619,0.39786177930507827,0.39862542955326463,1,2727,0.035675872375577455,new_900_extension,26092923
dcs_bw,144,True,2059,2059,0.3929091792132103,0.38805245264691596,2,2144,0.035675872375577455,new_900_extension,26092923
dcs_bw,145,True,2024,2024,0.3967391304347826,0.38735177865612647,1,2110,0.035675872375577455,new_900_extension,26092923
dcs_bw,146,True,288,288,0.4965277777777778,0.5,6,258,0.035675872375577455,new_900_extension,26092923
dcs_bw,147,True,2942,2942,0.3956492182188987,0.40754588715159756,1,3049,0.035675872375577455,new_900_extension,26092923
dcs_bw,148,True,919,919,0.383025027203482,0.39499455930359084,1,977,0.0362326693139039,new_900_extension,26092923
dcs_bw,149,True,1310,1310,0.3732824427480916,0.3618320610687023,1,1398,0.0362326693139039,new_900_extension,26092923
dcs_bw,150,True,1003,1003,0.35992023928215355,0.35992023928215355,31,1140,0.0362326693139039,new_900_extension,26092923
dcs_bw,151,True,1091,1091,0.39321723189734187,0.3913840513290559,1,1091,0.0362326693139039,new_900_extension,26092923
dcs_bw,152,True,941,941,0.3804463336875664,0.3804463336875664,1,1017,0.0362326693139039,new_900_extension,26092923
dcs_bw,153,True,3146,3146,0.3976478067387158,0.38747616020343295,3,3338,0.0362326693139039,new_900_extension,26092923
dcs_bw,154,True,721,721,0.39528432732316227,0.39528432732316227,1,750,0.0362326693139039,new_900_extension,26092923
dcs_bw,155,True,2884,2884,0.39424410540915394,0.4015256588072122,1,3027,0.0362326693139039,new_900_extension,26092923
dcs_bw,156,True,1057,1057,0.4096499526963103,0.4162724692526017,1,1089,0.0362326693139039,new_900_extension,26092923
dcs_bw,157,True,3503,3503,0.36882671995432487,0.37082500713673994,2,3815,0.0362326693139039,new_900_extension,26092923
dcs_bw,158,True,1721,1721,0.40267286461359675,0.40383497966298665,2,1757,0.0362326693139039,new_900_extension,26092923
dcs_bw,159,True,2158,2158,0.39620018535681184,0.3924930491195551,2,2271,0.0362326693139039,new_900_extension,26092923
dcs_bw,160,True,874,874,0.4450800915331808,0.43935926773455375,1,852,0.0362326693139039,new_900_extension,26092923
dcs_bw,161,True,971,971,0.427394438722966,0.427394438722966,1,992,0.0362326693139039,new_900_extension,26092923
dcs_bw,162,True,4277,4277,0.4075286415711948,0.40682721533785365,2,4460,0.0362326693139039,new_900_extension,26092923
dcs_bw,163,True,1572,1572,0.388676844783715,0.3861323155216285,5,1611,0.0362326693139039,new_900_extension,26092923
dcs_bw,164,True,721,721,0.39805825242718446,0.39667128987517336,1,752,0.03685123700051918,new_900_extension,26092923
dcs_bw,165,True,224,224,0.42857142857142855,0.41964285714285715,1,223,0.03685123700051918,new_900_extension,26092923
dcs_bw,166,True,463,463,0.38444924406047515,0.38876889848812096,1,516,0.03685123700051918,new_900_extension,26092923
dcs_bw,167,True,1835,1835,0.40708446866485015,0.3994550408719346,2,1873,0.03685123700051918,new_900_extension,26092923
dcs_bw,168,True,1897,1897,0.3816552451238798,0.3827095413811281,2,2027,0.03685123700051918,new_900_extension,26092923
dcs_bw,169,True,1931,1931,0.3562920766442258,0.36768513723459345,2,2149,0.03685123700051918,new_900_extension,26092923
dcs_bw,170,True,576,576,0.4201388888888889,0.4236111111111111,3,601,0.03685123700051918,new_900_extension,26092923
dcs_bw,171,True,3805,3805,0.3844940867279895,0.38212877792378447,1,4112,0.03685123700051918,new_900_extension,26092923
dcs_bw,172,True,1757,1757,0.4188958451906659,0.42857142857142855,3,1827,0.03685123700051918,new_900_extension,26092923
dcs_bw,173,True,4999,4999,0.3770754150830166,0.376875375075015,8,5320,0.03685123700051918,new_900_extension,26092923
dcs_bw,174,True,752,752,0.4242021276595745,0.4242021276595745,2,713,0.03685123700051918,new_900_extension,26092923
dcs_bw,175,True,1344,1344,0.38392857142857145,0.37797619047619047,1,1448,0.03685123700051918,new_900_extension,26092923
dcs_bw,176,True,1158,1158,0.38255613126079446,0.385146804835924,1,1249,0.03685123700051918,new_900_extension,26092923
dcs_bw,177,True,1399,1399,0.4474624731951394,0.4403145103645461,1,1336,0.03685123700051918,new_900_extension,26092923
dcs_bw,178,True,1471,1471,0.4187627464309993,0.4187627464309993,1,1477,0.03685123700051918,new_900_extension,26092923
dcs_bw,179,True,734,734,0.40054495912806537,0.39645776566757496,1,753,0.03685123700051918,new_900_extension,26092923
dcs_bw,180,True,869,869,0.4108170310701956,0.41657077100115075,2,911,0.034336802063990035,new_900_extension,26092923
dcs_bw,181,True,2733,2733,0.41968532747896087,0.4226125137211855,1,2828,0.034336802063990035,new_900_extension,26092923
dcs_bw,182,True,1242,1242,0.3888888888888889,0.3896940418679549,6,1276,0.034336802063990035,new_900_extension,26092923
dcs_bw,183,True,1276,1276,0.3761755485893417,0.37460815047021945,1,1307,0.034336802063990035,new_900_extension,26092923
dcs_bw,184,True,1672,1672,0.3815789473684211,0.3815789473684211,4,1788,0.034336802063990035,new_900_extension,26092923
dcs_bw,185,True,4701,4701,0.3803446075303127,0.3837481386938949,8,5089,0.034336802063990035,new_900_extension,26092923
dcs_bw,186,True,1736,1736,0.40034562211981567,0.39285714285714285,1,1814,0.034336802063990035,new_900_extension,26092923
dcs_bw,187,True,1173,1173,0.3537936913895993,0.36231884057971014,1,1224,0.034336802063990035,new_900_extension,26092923
dcs_bw,188,True,876,876,0.4063926940639269,0.4212328767123288,1,899,0.034336802063990035,new_900_extension,26092923
dcs_bw,189,True,1108,1108,0.37454873646209386,0.39620938628158847,1,1171,0.034336802063990035,new_900_extension,26092923
dcs_bw,190,True,605,605,0.4231404958677686,0.4380165289256198,3,595,0.034336802063990035,new_900_extension,26092923
dcs_bw,191,True,757,757,0.37780713342140027,0.3725231175693527,1,833,0.034336802063990035,new_900_extension,26092923
dcs_bw,192,True,1057,1057,0.3424787133396405,0.3330179754020814,2,1228,0.034336802063990035,new_900_extension,26092923
dcs_bw,193,True,5654,5654,0.3841528121683764,0.3807923593915812,1,5945,0.034336802063990035,new_900_extension,26092923
dcs_bw,194,True,1033,1033,0.40077444336882867,0.4143272023233301,1,1093,0.034336802063990035,new_900_extension,26092923
dcs_bw,195,True,410,410,0.4146341463414634,0.4097560975609756,1,422,0.034336802063990035,new_900_extension,26092923
dcs_bw,196,True,750,750,0.44666666666666666,0.4186666666666667,1,755,0.024084242188109783,new_900_extension,26092923
dcs_bw,197,True,1214,1214,0.42257001647446457,0.42751235584843494,4,1230,0.024084242188109783,new_900_extension,26092923
dcs_bw,198,True,260,260,0.47307692307692306,0.46153846153846156,3,237,0.024084242188109783,new_900_extension,26092923
dcs_bw,199,True,1303,1303,0.375287797390637,0.36914811972371453,1,1451,0.024084242188109783,new_900_extension,26092923
dcs_bw,200,True,783,783,0.43039591315453385,0.4444444444444444,2,791,0.024084242188109783,new_900_extension,26092923
dcs_bw,201,True,597,597,0.39195979899497485,0.38023450586264657,6,632,0.024084242188109783,new_900_extension,26092923
dcs_bw,202,True,2070,2070,0.4289855072463768,0.4285024154589372,1,2077,0.024084242188109783,new_900_extension,26092923
dcs_bw,203,True,2805,2805,0.4035650623885918,0.40249554367201423,1,2889,0.024084242188109783,new_900_extension,26092923
dcs_bw,204,True,1064,1064,0.42857142857142855,0.41541353383458646,1,1033,0.024084242188109783,new_900_extension,26092923
dcs_bw,205,True,2621,2621,0.39336131247615413,0.3925982449446776,1,2717,0.024084242188109783,new_900_extension,26092923
dcs_bw,206,True,1970,1970,0.3898477157360406,0.3761421319796954,2,2092,0.024084242188109783,new_900_extension,26092923
dcs_bw,207,True,646,646,0.4411764705882353,0.43808049535603716,1,670,0.024084242188109783,new_900_extension,26092923
dcs_bw,208,True,2110,2110,0.3848341232227488,0.3933649289099526,2,2277,0.024084242188109783,new_900_extension,26092923
dcs_bw,209,True,1950,1950,0.3953846153846154,0.39384615384615385,1,2038,0.024084242188109783,new_900_extension,26092923
dcs_bw,210,True,1079,1079,0.42446709916589437,0.4170528266913809,1,1095,0.024084242188109783,new_900_extension,26092923
dcs_bw,211,True,3493,3493,0.3701689092470656,0.3718866304036645,2,3841,0.024084242188109783,new_900_extension,26092923
dcs_bw,212,True,2402,2402,0.41715237302248126,0.4208992506244796,1,2406,0.022100179687186028,new_900_extension,26092923
dcs_bw,213,True,1305,1305,0.3793103448275862,0.378544061302682,1,1390,0.022100179687186028,new_900_extension,26092923
dcs_bw,214,True,3681,3681,0.3873947296930182,0.38576473784297743,1,3938,0.022100179687186028,new_900_extension,26092923
dcs_bw,215,True,1748,1748,0.39473684210526316,0.3987414187643021,2,1751,0.022100179687186028,new_900_extension,26092923
dcs_bw,216,True,1346,1346,0.3573551263001486,0.35438335809806837,1,1465,0.022100179687186028,new_900_extension,26092923
dcs_bw,217,True,1192,1192,0.3859060402684564,0.3825503355704698,1,1248,0.022100179687186028,new_900_extension,26092923
dcs_bw,218,True,1666,1666,0.41956782713085233,0.421968787515006,2,1637,0.022100179687186028,new_900_extension,26092923
dcs_bw,219,True,1140,1140,0.3991228070175439,0.40614035087719297,1,1182,0.022100179687186028,new_900_extension,26092923
dcs_bw,220,True,1023,1023,0.39589442815249265,0.4056695992179863,3,1026,0.022100179687186028,new_900_extension,26092923
dcs_bw,221,True,1083,1083,0.38411819021237303,0.3850415512465374,1,1179,0.022100179687186028,new_900_extension,26092923
dcs_bw,222,True,1907,1907,0.37598321971683274,0.37808075511274253,1,2095,0.022100179687186028,new_900_extension,26092923
dcs_bw,223,True,3118,3118,0.3883899935856318,0.3880692751763951,8,3326,0.022100179687186028,new_900_extension,26092923
dcs_bw,224,True,755,755,0.3655629139072848,0.3629139072847682,2,832,0.022100179687186028,new_900_extension,26092923
dcs_bw,225,True,3183,3183,0.38045868677348416,0.37637448947533775,5,3474,0.022100179687186028,new_900_extension,26092923
dcs_bw,226,True,768,768,0.375,0.38671875,3,852,0.022100179687186028,new_900_extension,26092923
dcs_bw,227,True,2034,2034,0.3751229105211406,0.380039331366765,3,2212,0.022100179687186028,new_900_extension,26092923
dcs_bw,228,True,497,497,0.4124748490945674,0.41851106639839036,1,456,0.04926611718838103,new_900_extension,26092923
dcs_bw,229,True,886,886,0.37358916478555304,0.3871331828442438,1,924,0.04926611718838103,new_900_extension,26092923
dcs_bw,230,True,447,447,0.41387024608501116,0.41834451901565994,2,449,0.04926611718838103,new_900_extension,26092923
dcs_bw,231,True,1431,1431,0.37596086652690425,0.37596086652690425,10,1548,0.04926611718838103,new_900_extension,26092923
dcs_bw,232,True,648,648,0.3950617283950617,0.3765432098765432,2,701,0.04926611718838103,new_900_extension,26092923
dcs_bw,233,True,1819,1819,0.38207806487080814,0.3749312809235844,1,1994,0.04926611718838103,new_900_extension,26092923
dcs_bw,234,True,8512,8512,0.39344454887218044,0.39708646616541354,5,8658,0.04926611718838103,new_900_extension,26092923
dcs_bw,235,True,4120,4120,0.38519417475728157,0.3861650485436893,3,4396,0.04926611718838103,new_900_extension,26092923
dcs_bw,236,True,622,622,0.37942122186495175,0.3890675241157556,1,644,0.04926611718838103,new_900_extension,26092923
dcs_bw,237,True,3129,3129,0.38414829018855867,0.3911792905081496,3,3251,0.04926611718838103,new_900_extension,26092923
dcs_bw,238,True,1578,1578,0.3916349809885932,0.38719898605830166,1,1677,0.04926611718838103,new_900_extension,26092923
dcs_bw,239,True,1016,1016,0.4340551181102362,0.43503937007874016,6,997,0.04926611718838103,new_900_extension,26092923
dcs_bw,240,True,1341,1341,0.3982102908277405,0.39149888143176736,2,1379,0.04926611718838103,new_900_extension,26092923
dcs_bw,241,True,907,907,0.40904079382579933,0.40352811466372657,2,942,0.04926611718838103,new_900_extension,26092923
dcs_bw,242,True,624,624,0.4230769230769231,0.4230769230769231,1,618,0.04926611718838103,new_900_extension,26092923
dcs_bw,243,True,665,665,0.3819548872180451,0.37293233082706767,7,734,0.04926611718838103,new_900_extension,26092923
dcs_bw,244,True,2632,2632,0.39095744680851063,0.38867781155015196,2,2807,0.029150231750463718,new_900_extension,26092923
dcs_bw,245,True,2073,2073,0.41244573082489144,0.4211287988422576,4,2091,0.029150231750463718,new_900_extension,26092923
dcs_bw,246,True,1099,1099,0.37670609645131936,0.38762511373976344,2,1129,0.029150231750463718,new_900_extension,26092923
dcs_bw,247,True,2980,2980,0.38221476510067115,0.3825503355704698,3,3217,0.029150231750463718,new_900_extension,26092923
dcs_bw,248,True,570,570,0.41228070175438597,0.4263157894736842,1,578,0.029150231750463718,new_900_extension,26092923
dcs_bw,249,True,944,944,0.3622881355932203,0.3802966101694915,2,1022,0.029150231750463718,new_900_extension,26092923
dcs_bw,250,True,1018,1018,0.3968565815324165,0.3840864440078585,1,1041,0.029150231750463718,new_900_extension,26092923
dcs_bw,251,True,3019,3019,0.39648890361046707,0.40112620072871813,9,3183,0.029150231750463718,new_900_extension,26092923
dcs_bw,252,True,4554,4554,0.39174352217830477,0.3970136144049188,2,4848,0.029150231750463718,new_900_extension,26092923
dcs_bw,253,True,1098,1098,0.4143897996357013,0.41894353369763204,2,1112,0.029150231750463718,new_900_extension,26092923
dcs_bw,254,True,1096,1096,0.395985401459854,0.3987226277372263,1,1123,0.029150231750463718,new_900_extension,26092923
dcs_bw,255,True,638,638,0.3714733542319749,0.4043887147335423,1,642,0.029150231750463718,new_900_extension,26092923
dcs_bw,256,True,891,891,0.37149270482603813,0.3771043771043771,3,952,0.029150231750463718,new_900_extension,26092923
dcs_bw,257,True,3125,3125,0.3744,0.37184,1,3410,0.029150231750463718,new_900_extension,26092923
dcs_bw,258,True,1806,1806,0.4058693244739756,0.40365448504983387,1,1848,0.029150231750463718,new_900_extension,26092923
dcs_bw,259,True,796,796,0.4082914572864322,0.4183417085427136,1,790,0.029150231750463718,new_900_extension,26092923
dcs_bw,260,True,1515,1515,0.41386138613861384,0.41914191419141916,2,1611,0.023395489562972216,new_900_extension,26092923
dcs_bw,261,True,3592,3592,0.405902004454343,0.40200445434298443,1,3745,0.023395489562972216,new_900_extension,26092923
dcs_bw,262,True,591,591,0.37055837563451777,0.37055837563451777,1,637,0.023395489562972216,new_900_extension,26092923
dcs_bw,263,True,535,535,0.37383177570093457,0.3850467289719626,1,575,0.023395489562972216,new_900_extension,26092923
dcs_bw,264,True,3079,3079,0.3910360506658006,0.39298473530367,2,3252,0.023395489562972216,new_900_extension,26092923
dcs_bw,265,True,2736,2736,0.42653508771929827,0.4247076023391813,3,2738,0.023395489562972216,new_900_extension,26092923
dcs_bw,266,True,614,614,0.40716612377850164,0.4201954397394137,2,626,0.023395489562972216,new_900_extension,26092923
dcs_bw,267,True,2773,2773,0.42012261089073205,0.4125495852866931,4,2790,0.023395489562972216,new_900_extension,26092923
dcs_bw,268,True,3346,3346,0.3670053795576808,0.3670053795576808,4,3751,0.023395489562972216,new_900_extension,26092923
dcs_bw,269,True,1076,1076,0.3754646840148699,0.3652416356877323,2,1163,0.023395489562972216,new_900_extension,26092923
dcs_bw,270,True,2903,2903,0.3899414398897692,0.3868411987599035,1,2961,0.023395489562972216,new_900_extension,26092923
dcs_bw,271,True,827,827,0.3688029020556227,0.37122128174123337,3,858,0.023395489562972216,new_900_extension,26092923
dcs_bw,272,True,1587,1587,0.39193446754883426,0.40264650283553877,1,1656,0.023395489562972216,new_900_extension,26092923
dcs_bw,273,True,530,530,0.3886792452830189,0.3867924528301887,3,548,0.023395489562972216,new_900_extension,26092923
dcs_bw,274,True,2646,2646,0.3862433862433862,0.3873771730914588,6,2841,0.023395489562972216,new_900_extension,26092923
dcs_bw,275,True,1226,1226,0.3890701468189233,0.3833605220228385,5,1316,0.023395489562972216,new_900_extension,26092923
dcs_bw,276,True,1670,1670,0.4,0.4035928143712575,3,1749,0.03596314324931882,new_900_extension,26092923
dcs_bw,277,True,3185,3185,0.4232339089481947,0.42354788069073784,5,3152,0.03596314324931882,new_900_extension,26092923
dcs_bw,278,True,2174,2174,0.3983440662373505,0.4043238270469181,7,2279,0.03596314324931882,new_900_extension,26092923
dcs_bw,279,True,960,960,0.39479166666666665,0.4041666666666667,3,940,0.03596314324931882,new_900_extension,26092923
dcs_bw,280,True,1462,1462,0.4165526675786594,0.405608755129959,1,1522,0.03596314324931882,new_900_extension,26092923
dcs_bw,281,True,5536,5536,0.3914378612716763,0.38872832369942195,4,5802,0.03596314324931882,new_900_extension,26092923
dcs_bw,282,True,406,406,0.43842364532019706,0.3916256157635468,1,421,0.03596314324931882,new_900_extension,26092923
dcs_bw,283,True,2672,2672,0.3869760479041916,0.37949101796407186,1,2827,0.03596314324931882,new_900_extension,26092923
dcs_bw,284,True,1707,1707,0.38547158758055067,0.38957234915055655,3,1783,0.03596314324931882,new_900_extension,26092923
dcs_bw,285,True,636,636,0.4088050314465409,0.41037735849056606,4,647,0.03596314324931882,new_900_extension,26092923
dcs_bw,286,True,2184,2184,0.3914835164835165,0.3882783882783883,2,2298,0.03596314324931882,new_900_extension,26092923
dcs_bw,287,True,806,806,0.39826302729528534,0.40198511166253104,3,813,0.03596314324931882,new_900_extension,26092923
dcs_bw,288,True,409,409,0.4156479217603912,0.42053789731051344,2,391,0.03596314324931882,new_900_extension,26092923
dcs_bw,289,True,836,836,0.388755980861244,0.38516746411483255,2,933,0.03596314324931882,new_900_extension,26092923
dcs_bw,290,True,778,778,0.39845758354755784,0.41516709511568123,2,778,0.03596314324931882,new_900_extension,26092923
dcs_bw,291,True,2841,2841,0.3945793734600493,0.39528335093277017,1,2877,0.03596314324931882,new_900_extension,26092923
dcs_bw,292,True,532,532,0.43045112781954886,0.4473684210526316,3,530,0.022388239562133094,new_900_extension,26092923
dcs_bw,293,True,777,777,0.398970398970399,0.3963963963963964,1,780,0.022388239562133094,new_900_extension,26092923
dcs_bw,294,True,3756,3756,0.3852502662406816,0.3844515441959531,4,3935,0.022388239562133094,new_900_extension,26092923
dcs_bw,295,True,2487,2487,0.39847205468435865,0.3988741455568959,4,2601,0.022388239562133094,new_900_extension,26092923
dcs_bw,296,True,763,763,0.40104849279161203,0.3931847968545216,1,781,0.022388239562133094,new_900_extension,26092923
dcs_bw,297,True,1443,1443,0.3957033957033957,0.39778239778239777,3,1487,0.022388239562133094,new_900_extension,26092923
dcs_bw,298,True,1682,1682,0.375743162901308,0.3810939357907253,1,1761,0.022388239562133094,new_900_extension,26092923
dcs_bw,299,True,1522,1522,0.3791064388961892,0.3797634691195795,3,1628,0.022388239562133094,new_900_extension,26092923
dcs_bw,300,True,1973,1973,0.4196654840344653,0.41054232133806384,2,2040,0.022388239562133094,new_900_extension,26092923
dcs_bw,301,True,3722,3722,0.4196668457818377,0.4169801182160129,2,3811,0.022388239562133094,new_900_extension,26092923
dcs_bw,302,True,958,958,0.4081419624217119,0.4133611691022965,2,986,0.022388239562133094,new_900_extension,26092923
dcs_bw,303,True,545,545,0.43669724770642204,0.44587155963302755,7,517,0.022388239562133094,new_900_extension,26092923
dcs_bw,304,True,533,533,0.3902439024390244,0.3921200750469043,2,570,0.022388239562133094,new_900_extension,26092923
dcs_bw,305,True,1052,1052,0.3973384030418251,0.3935361216730038,4,1091,0.022388239562133094,new_900_extension,26092923
dcs_bw,306,True,1541,1541,0.3971447112264763,0.3900064892926671,1,1623,0.022388239562133094,new_900_extension,26092923
dcs_bw,307,True,1105,1105,0.36470588235294116,0.3719457013574661,1,1263,0.022388239562133094,new_900_extension,26092923
dcs_bw,308,True,553,553,0.39059674502712477,0.40325497287522605,1,582,0.04305852343713923,new_900_extension,26092923
dcs_bw,309,True,3019,3019,0.4110632659821133,0.4117257369990063,1,3135,0.04305852343713923,new_900_extension,26092923
dcs_bw,310,True,7416,7416,0.39225997842502697,0.3906418554476807,3,7865,0.04305852343713923,new_900_extension,26092923
dcs_bw,311,True,4293,4293,0.4022827859305847,0.40041928721174,5,4490,0.04305852343713923,new_900_extension,26092923
dcs_bw,312,True,1737,1737,0.40184225676453655,0.39896373056994816,1,1735,0.04305852343713923,new_900_extension,26092923
dcs_bw,313,True,635,635,0.3590551181102362,0.35590551181102364,2,700,0.04305852343713923,new_900_extension,26092923
dcs_bw,314,True,1197,1197,0.40016708437761067,0.404344193817878,2,1274,0.04305852343713923,new_900_extension,26092923
dcs_bw,315,True,1996,1996,0.3832665330661323,0.3802605210420842,1,2109,0.04305852343713923,new_900_extension,26092923
dcs_bw,316,True,652,652,0.4493865030674847,0.450920245398773,2,603,0.04305852343713923,new_900_extension,26092923
dcs_bw,317,True,469,469,0.39445628997867804,0.3795309168443497,1,484,0.04305852343713923,new_900_extension,26092923
dcs_bw,318,True,2807,2807,0.4004275026718917,0.40541503384396155,2,2902,0.04305852343713923,new_900_extension,26092923
dcs_bw,319,True,5130,5130,0.394541910331384,0.39649122807017545,2,5305,0.04305852343713923,new_900_extension,26092923
dcs_bw,320,True,1272,1272,0.38443396226415094,0.4080188679245283,2,1310,0.04305852343713923,new_900_extension,26092923
dcs_bw,321,True,852,852,0.3767605633802817,0.3873239436619718,1,920,0.04305852343713923,new_900_extension,26092923
dcs_bw,322,True,3542,3542,0.39073969508752115,0.3958215697346132,3,3585,0.04305852343713923,new_900_extension,26092923
dcs_bw,323,True,1379,1379,0.4082668600435098,0.41986947063089197,2,1404,0.04305852343713923,new_900_extension,26092923
dcs_bw,324,True,515,515,0.4330097087378641,0.4368932038834951,1,466,0.02029815624882758,new_900_extension,26092923
dcs_bw,325,True,1000,1000,0.423,0.428,4,973,0.02029815624882758,new_900_extension,26092923
dcs_bw,326,True,416,416,0.43509615384615385,0.4254807692307692,2,411,0.02029815624882758,new_900_extension,26092923
dcs_bw,327,True,3238,3238,0.41321803582458305,0.4122915379864114,2,3263,0.02029815624882758,new_900_extension,26092923
dcs_bw,328,True,1474,1474,0.44776119402985076,0.4470827679782904,1,1401,0.02029815624882758,new_900_extension,26092923
dcs_bw,329,True,433,433,0.3787528868360277,0.37644341801385683,5,472,0.02029815624882758,new_900_extension,26092923
dcs_bw,330,True,2464,2464,0.4107142857142857,0.40625,3,2504,0.02029815624882758,new_900_extension,26092923
dcs_bw,331,True,1038,1038,0.4460500963391137,0.43545279383429675,2,931,0.02029815624882758,new_900_extension,26092923
dcs_bw,332,True,3486,3486,0.4044750430292599,0.4059093516924842,1,3510,0.02029815624882758,new_900_extension,26092923
dcs_bw,333,True,1308,1308,0.3952599388379205,0.39143730886850153,2,1395,0.02029815624882758,new_900_extension,26092923
dcs_bw,334,True,1138,1138,0.38927943760984185,0.39191564147627417,2,1229,0.02029815624882758,new_900_extension,26092923
dcs_bw,335,True,585,585,0.3504273504273504,0.3452991452991453,9,653,0.02029815624882758,new_900_extension,26092923
dcs_bw,336,True,2889,2889,0.3745240567670474,0.3752163378331603,3,3123,0.02029815624882758,new_900_extension,26092923
dcs_bw,337,True,1530,1530,0.4019607843137255,0.39738562091503266,1,1554,0.02029815624882758,new_900_extension,26092923
dcs_bw,338,True,1366,1366,0.35212298682284043,0.3579795021961933,3,1476,0.02029815624882758,new_900_extension,26092923
dcs_bw,339,True,1953,1953,0.39477726574500765,0.39221710189452125,1,2026,0.02029815624882758,new_900_extension,26092923
dcs_bw,340,True,1146,1146,0.35165794066317624,0.349912739965096,2,1297,0.028750614561431576,new_900_extension,26092923
dcs_bw,341,True,785,785,0.40254777070063696,0.4,2,840,0.028750614561431576,new_900_extension,26092923
dcs_bw,342,True,1887,1887,0.41070482246952833,0.40275569687334395,3,1882,0.028750614561431576,new_900_extension,26092923
dcs_bw,343,True,1784,1784,0.3845291479820628,0.3778026905829596,1,1902,0.028750614561431576,new_900_extension,26092923
dcs_bw,344,True,997,997,0.40220661985957873,0.4062186559679037,3,1032,0.028750614561431576,new_900_extension,26092923
dcs_bw,345,True,596,596,0.39429530201342283,0.40604026845637586,1,635,0.028750614561431576,new_900_extension,26092923
dcs_bw,346,True,1109,1109,0.4084761045987376,0.4102795311091073,3,1115,0.028750614561431576,new_900_extension,26092923
dcs_bw,347,True,330,330,0.42424242424242425,0.44545454545454544,6,290,0.028750614561431576,new_900_extension,26092923
dcs_bw,348,True,1459,1459,0.3591501028101439,0.35092529129540784,1,1611,0.028750614561431576,new_900_extension,26092923
dcs_bw,349,True,2444,2444,0.40220949263502453,0.39484451718494273,1,2560,0.028750614561431576,new_900_extension,26092923
dcs_bw,350,True,4589,4589,0.37350185225539334,0.37393767705382436,1,4984,0.028750614561431576,new_900_extension,26092923
dcs_bw,351,True,637,637,0.3532182103610675,0.3516483516483517,6,740,0.028750614561431576,new_900_extension,26092923
dcs_bw,352,True,846,846,0.38416075650118203,0.3912529550827423,2,891,0.028750614561431576,new_900_extension,26092923
dcs_bw,353,True,1918,1918,0.40041710114702816,0.3967674661105318,3,1913,0.028750614561431576,new_900_extension,26092923
dcs_bw,354,True,470,470,0.43829787234042555,0.4340425531914894,1,438,0.028750614561431576,new_900_extension,26092923
dcs_bw,355,True,747,747,0.3989290495314592,0.3989290495314592,2,781,0.028750614561431576,new_900_extension,26092923
dcs_bw,356,True,982,982,0.42464358452138495,0.4124236252545825,1,972,0.030145468750561122,new_900_extension,26092923
dcs_bw,357,True,2751,2751,0.37404580152671757,0.38894947291893855,3,2942,0.030145468750561122,new_900_extension,26092923
dcs_bw,358,True,1103,1103,0.35811423390752495,0.3599274705349048,3,1209,0.030145468750561122,new_900_extension,26092923
dcs_bw,359,True,4610,4610,0.38546637744034706,0.39370932754880694,1,4784,0.030145468750561122,new_900_extension,26092923
dcs_bw,360,True,3807,3807,0.3840294194904124,0.38455476753349094,1,4018,0.030145468750561122,new_900_extension,26092923
dcs_bw,361,True,957,957,0.40334378265412746,0.42528735632183906,2,936,0.030145468750561122,new_900_extension,26092923
dcs_bw,362,True,1520,1520,0.4019736842105263,0.39671052631578946,6,1609,0.030145468750561122,new_900_extension,26092923
dcs_bw,363,True,884,884,0.3947963800904977,0.41289592760180993,1,925,0.030145468750561122,new_900_extension,26092923
dcs_bw,364,True,2614,2614,0.3936495791889824,0.4039785768936496,1,2761,0.030145468750561122,new_900_extension,26092923
dcs_bw,365,True,1911,1911,0.39037153322867607,0.3882783882783883,5,2009,0.030145468750561122,new_900_extension,26092923
dcs_bw,366,True,718,718,0.4178272980501393,0.4275766016713092,1,735,0.030145468750561122,new_900_extension,26092923
dcs_bw,367,True,1675,1675,0.4,0.40119402985074626,2,1750,0.030145468750561122,new_900_extension,26092923
dcs_bw,368,True,466,466,0.41201716738197425,0.40772532188841204,1,488,0.030145468750561122,new_900_extension,26092923
dcs_bw,369,True,195,195,0.4564102564102564,0.46153846153846156,1,188,0.030145468750561122,new_900_extension,26092923
dcs_bw,370,True,3628,3628,0.4261300992282249,0.4250275633958104,2,3629,0.030145468750561122,new_900_extension,26092923
dcs_bw,371,True,1744,1744,0.37327981651376146,0.37844036697247707,1,1902,0.030145468750561122,new_900_extension,26092923
dcs_bw,372,True,790,790,0.4240506329113924,0.41139240506329117,1,774,0.02581527862457733,new_900_extension,26092923
dcs_bw,373,True,953,953,0.4123819517313746,0.40398740818467993,4,925,0.02581527862457733,new_900_extension,26092923
dcs_bw,374,True,2913,2913,0.38139375214555443,0.3848266392035702,3,3120,0.02581527862457733,new_900_extension,26092923
dcs_bw,375,True,2245,2245,0.38530066815144765,0.3861915367483296,2,2371,0.02581527862457733,new_900_extension,26092923
dcs_bw,376,True,2793,2793,0.39348370927318294,0.3870390261367705,1,2923,0.02581527862457733,new_900_extension,26092923
dcs_bw,377,True,784,784,0.4260204081632653,0.42346938775510207,1,786,0.02581527862457733,new_900_extension,26092923
dcs_bw,378,True,327,327,0.42201834862385323,0.40061162079510704,9,339,0.02581527862457733,new_900_extension,26092923
dcs_bw,379,True,976,976,0.42110655737704916,0.42827868852459017,4,984,0.02581527862457733,new_900_extension,26092923
dcs_bw,380,True,1113,1113,0.4123989218328841,0.4141958670260557,1,1171,0.02581527862457733,new_900_extension,26092923
dcs_bw,381,True,2866,2866,0.3740404745289602,0.3754361479413817,4,3144,0.02581527862457733,new_900_extension,26092923
dcs_bw,382,True,584,584,0.3835616438356164,0.3835616438356164,1,606,0.02581527862457733,new_900_extension,26092923
dcs_bw,383,True,3707,3707,0.375505799838144,0.377124359320205,2,3973,0.02581527862457733,new_900_extension,26092923
dcs_bw,384,True,2372,2372,0.40809443507588533,0.40809443507588533,4,2377,0.02581527862457733,new_900_extension,26092923
dcs_bw,385,True,847,847,0.4014167650531287,0.3837072018890201,1,926,0.02581527862457733,new_900_extension,26092923
dcs_bw,386,True,698,698,0.3839541547277937,0.3825214899713467,1,762,0.02581527862457733,new_900_extension,26092923
dcs_bw,387,True,2068,2068,0.38733075435203096,0.3921663442940039,1,2151,0.02581527862457733,new_900_extension,26092923
dcs_bw,388,True,4539,4539,0.389733421458471,0.389733421458471,2,4780,0.03678065106396389,new_900_extension,26092923
dcs_bw,389,True,2593,2593,0.3960663324334747,0.40455071345931354,1,2691,0.03678065106396389,new_900_extension,26092923
dcs_bw,390,True,552,552,0.41304347826086957,0.4076086956521739,1,565,0.03678065106396389,new_900_extension,26092923
dcs_bw,391,True,1210,1210,0.3859504132231405,0.384297520661157,3,1235,0.03678065106396389,new_900_extension,26092923
dcs_bw,392,True,1958,1958,0.3498467824310521,0.34371807967313583,1,2244,0.03678065106396389,new_900_extension,26092923
dcs_bw,393,True,2114,2114,0.391674550614948,0.38505203405865657,2,2232,0.03678065106396389,new_900_extension,26092923
dcs_bw,394,True,408,408,0.40931372549019607,0.40931372549019607,5,431,0.03678065106396389,new_900_extension,26092923
dcs_bw,395,True,3610,3610,0.3850415512465374,0.37894736842105264,10,3812,0.03678065106396389,new_900_extension,26092923
dcs_bw,396,True,1238,1238,0.37479806138933763,0.38449111470113084,1,1355,0.03678065106396389,new_900_extension,26092923
dcs_bw,397,True,940,940,0.35638297872340424,0.3659574468085106,2,1052,0.03678065106396389,new_900_extension,26092923
dcs_bw,398,True,794,794,0.4017632241813602,0.4005037783375315,4,848,0.03678065106396389,new_900_extension,26092923
dcs_bw,399,True,2656,2656,0.3817771084337349,0.3832831325301205,1,2829,0.03678065106396389,new_900_extension,26092923
dcs_bw,400,True,5968,5968,0.37282171581769435,0.3738270777479893,2,6494,0.03678065106396389,new_900_extension,26092923
dcs_bw,401,True,1418,1418,0.37799717912552894,0.382228490832158,1,1485,0.03678065106396389,new_900_extension,26092923
dcs_bw,402,True,1004,1004,0.4113545816733068,0.4073705179282869,4,1045,0.03678065106396389,new_900_extension,26092923
dcs_bw,403,True,4363,4363,0.3988081595232638,0.39949575979830393,3,4491,0.03678065106396389,new_900_extension,26092923
dcs_bw,404,True,591,591,0.4467005076142132,0.43316412859560066,3,560,0.025428291686694138,new_900_extension,26092923
dcs_bw,405,True,779,779,0.4249037227214377,0.4146341463414634,1,797,0.025428291686694138,new_900_extension,26092923
dcs_bw,406,True,1987,1987,0.41217916456970305,0.41620533467539006,2,2057,0.025428291686694138,new_900_extension,26092923
dcs_bw,407,True,2422,2422,0.38852188274153593,0.38893476465730803,2,2530,0.025428291686694138,new_900_extension,26092923
dcs_bw,408,True,4250,4250,0.38541176470588234,0.37976470588235295,1,4384,0.025428291686694138,new_900_extension,26092923
dcs_bw,409,True,1816,1816,0.4041850220264317,0.40308370044052866,3,1824,0.025428291686694138,new_900_extension,26092923
dcs_bw,410,True,849,849,0.408716136631331,0.4169611307420495,1,846,0.025428291686694138,new_900_extension,26092923
dcs_bw,411,True,411,411,0.39902676399026765,0.40875912408759124,2,444,0.025428291686694138,new_900_extension,26092923
dcs_bw,412,True,1008,1008,0.42162698412698413,0.4146825396825397,5,1014,0.025428291686694138,new_900_extension,26092923
dcs_bw,413,True,944,944,0.3453389830508475,0.3569915254237288,3,1067,0.025428291686694138,new_900_extension,26092923
dcs_bw,414,True,4397,4397,0.3802592676825108,0.38094155105753924,1,4662,0.025428291686694138,new_900_extension,26092923
dcs_bw,415,True,827,827,0.3555018137847642,0.3373639661426844,1,912,0.025428291686694138,new_900_extension,26092923
dcs_bw,416,True,1887,1887,0.42183359830418654,0.4165341812400636,2,1873,0.025428291686694138,new_900_extension,26092923
dcs_bw,417,True,814,814,0.4262899262899263,0.4250614250614251,6,780,0.025428291686694138,new_900_extension,26092923
dcs_bw,418,True,1112,1112,0.4289568345323741,0.4199640287769784,2,1070,0.025428291686694138,new_900_extension,26092923
dcs_bw,419,True,936,936,0.4155982905982906,0.4188034188034188,3,967,0.025428291686694138,new_900_extension,26092923
dcs_bw,420,True,2276,2276,0.3958699472759227,0.40026362038664326,2,2344,0.027609872437096783,new_900_extension,26092923
dcs_bw,421,True,1808,1808,0.3855088495575221,0.3938053097345133,3,1897,0.027609872437096783,new_900_extension,26092923
dcs_bw,422,True,503,503,0.40159045725646125,0.37375745526838966,2,539,0.027609872437096783,new_900_extension,26092923
dcs_bw,423,True,778,778,0.34832904884318766,0.35989717223650386,1,876,0.027609872437096783,new_900_extension,26092923
dcs_bw,424,True,3688,3688,0.4037418655097614,0.40536876355748375,3,3836,0.027609872437096783,new_900_extension,26092923
dcs_bw,425,True,2699,2699,0.387921452389774,0.3894034827713968,2,2833,0.027609872437096783,new_900_extension,26092923
dcs_bw,426,True,1703,1703,0.35877862595419846,0.364063417498532,1,1840,0.027609872437096783,new_900_extension,26092923
dcs_bw,427,True,2316,2316,0.38946459412780654,0.3791018998272884,2,2422,0.027609872437096783,new_900_extension,26092923
dcs_bw,428,True,842,842,0.3669833729216152,0.37410926365795727,3,920,0.027609872437096783,new_900_extension,26092923
dcs_bw,429,True,1471,1471,0.4167233174711081,0.40584636301835486,1,1522,0.027609872437096783,new_900_extension,26092923
dcs_bw,430,True,952,952,0.36659663865546216,0.3697478991596639,3,1064,0.027609872437096783,new_900_extension,26092923
dcs_bw,431,True,896,896,0.39732142857142855,0.39285714285714285,1,919,0.027609872437096783,new_900_extension,26092923
dcs_bw,432,True,1341,1341,0.4079045488441462,0.40193885160328113,3,1323,0.027609872437096783,new_900_extension,26092923
dcs_bw,433,True,2513,2513,0.3748507759649821,0.37763629128531634,1,2599,0.027609872437096783,new_900_extension,26092923
dcs_bw,434,True,2270,2270,0.3607929515418502,0.3674008810572687,3,2479,0.027609872437096783,new_900_extension,26092923
dcs_bw,435,True,1473,1473,0.35980991174473864,0.3591310251188052,3,1593,0.027609872437096783,new_900_extension,26092923
dcs_bw,436,True,753,753,0.41301460823373176,0.3944223107569721,1,768,0.015443523438079865,new_900_extension,26092923
dcs_bw,437,True,1960,1960,0.4051020408163265,0.39540816326530615,2,2003,0.015443523438079865,new_900_extension,26092923
dcs_bw,438,True,1261,1261,0.36399682791435367,0.3679619349722443,2,1412,0.015443523438079865,new_900_extension,26092923
dcs_bw,439,True,2155,2155,0.4092807424593968,0.4032482598607889,7,2223,0.015443523438079865,new_900_extension,26092923
dcs_bw,440,True,911,911,0.4061470911086718,0.40175631174533477,3,967,0.015443523438079865,new_900_extension,26092923
dcs_bw,441,True,916,916,0.3700873362445415,0.3799126637554585,2,985,0.015443523438079865,new_900_extension,26092923
dcs_bw,442,True,1857,1857,0.38287560581583197,0.3823371028540657,1,1935,0.015443523438079865,new_900_extension,26092923
dcs_bw,443,True,1173,1173,0.4040920716112532,0.39641943734015345,2,1185,0.015443523438079865,new_900_extension,26092923
dcs_bw,444,True,858,858,0.3717948717948718,0.38344988344988346,2,912,0.015443523438079865,new_900_extension,26092923
dcs_bw,445,True,729,729,0.38545953360768176,0.3936899862825789,1,784,0.015443523438079865,new_900_extension,26092923
dcs_bw,446,True,2582,2582,0.42370255615801705,0.4244771494965143,5,2591,0.015443523438079865,new_900_extension,26092923
dcs_bw,447,True,931,931,0.38131041890440387,0.39312567132116005,1,1005,0.015443523438079865,new_900_extension,26092923
dcs_bw,448,True,670,670,0.40746268656716417,0.3940298507462687,1,696,0.015443523438079865,new_900_extension,26092923
dcs_bw,449,True,817,817,0.37209302325581395,0.37454100367197063,1,899,0.015443523438079865,new_900_extension,26092923
dcs_bw,450,True,1335,1335,0.41797752808988764,0.4134831460674157,2,1376,0.015443523438079865,new_900_extension,26092923
dcs_bw,451,True,1292,1292,0.4086687306501548,0.4117647058823529,1,1286,0.015443523438079865,new_900_extension,26092923
dcs_bw,452,True,2695,2695,0.4178107606679035,0.4267161410018553,1,2729,0.025568994749846752,new_900_extension,26092923
dcs_bw,453,True,754,754,0.4403183023872679,0.4389920424403183,2,706,0.025568994749846752,new_900_extension,26092923
dcs_bw,454,True,3567,3567,0.4121110176619008,0.4132324081861508,4,3684,0.025568994749846752,new_900_extension,26092923
dcs_bw,455,True,1250,1250,0.42,0.424,1,1243,0.025568994749846752,new_900_extension,26092923
dcs_bw,456,True,561,561,0.38146167557932265,0.39215686274509803,2,569,0.025568994749846752,new_900_extension,26092923
dcs_bw,457,True,1267,1267,0.39226519337016574,0.4088397790055249,1,1276,0.025568994749846752,new_900_extension,26092923
dcs_bw,458,True,801,801,0.40324594257178525,0.4132334581772784,3,816,0.025568994749846752,new_900_extension,26092923
dcs_bw,459,True,2910,2910,0.41168384879725084,0.40824742268041236,1,3034,0.025568994749846752,new_900_extension,26092923
dcs_bw,460,True,3362,3362,0.41136228435455086,0.4098750743604997,2,3443,0.025568994749846752,new_900_extension,26092923
dcs_bw,461,True,2393,2393,0.38696197241955704,0.38946928541579606,2,2541,0.025568994749846752,new_900_extension,26092923
dcs_bw,462,True,1184,1184,0.3969594594594595,0.3910472972972973,1,1178,0.025568994749846752,new_900_extension,26092923
dcs_bw,463,True,633,633,0.3886255924170616,0.3854660347551343,2,634,0.025568994749846752,new_900_extension,26092923
dcs_bw,464,True,2024,2024,0.3725296442687747,0.37203557312252966,3,2240,0.025568994749846752,new_900_extension,26092923
dcs_bw,465,True,3977,3977,0.3935126980135781,0.3942670354538597,6,4094,0.025568994749846752,new_900_extension,26092923
dcs_bw,466,True,1594,1594,0.411543287327478,0.4071518193224592,2,1634,0.025568994749846752,new_900_extension,26092923
dcs_bw,467,True,809,809,0.3943139678615575,0.3967861557478368,2,852,0.025568994749846752,new_900_extension,26092923
dcs_bw,468,True,582,582,0.34536082474226804,0.34536082474226804,1,656,0.030860481749186874,new_900_extension,26092923
dcs_bw,469,True,923,923,0.37919826652221017,0.3705308775731311,2,1010,0.030860481749186874,new_900_extension,26092923
dcs_bw,470,True,1526,1526,0.4233289646133683,0.4252948885976409,1,1531,0.030860481749186874,new_900_extension,26092923
dcs_bw,471,True,395,395,0.45569620253164556,0.4531645569620253,4,368,0.030860481749186874,new_900_extension,26092923
dcs_bw,472,True,1636,1636,0.41992665036674814,0.4193154034229829,2,1604,0.030860481749186874,new_900_extension,26092923
dcs_bw,473,True,5270,5270,0.4077798861480076,0.411954459203036,1,5313,0.030860481749186874,new_900_extension,26092923
dcs_bw,474,True,650,650,0.3630769230769231,0.3707692307692308,2,733,0.030860481749186874,new_900_extension,26092923
dcs_bw,475,True,2809,2809,0.392310430758277,0.3894624421502314,1,2967,0.030860481749186874,new_900_extension,26092923
dcs_bw,476,True,1437,1437,0.4036186499652053,0.3862212943632568,1,1413,0.030860481749186874,new_900_extension,26092923
dcs_bw,477,True,3189,3189,0.37503919724051427,0.37723424270931327,1,3408,0.030860481749186874,new_900_extension,26092923
dcs_bw,478,True,3436,3436,0.4007566938300349,0.38474970896391153,3,3616,0.030860481749186874,new_900_extension,26092923
dcs_bw,479,True,992,992,0.40625,0.4153225806451613,8,1023,0.030860481749186874,new_900_extension,26092923
dcs_bw,480,True,2088,2088,0.3807471264367816,0.39272030651340994,1,2072,0.030860481749186874,new_900_extension,26092923
dcs_bw,481,True,1074,1074,0.39385474860335196,0.39013035381750466,3,1074,0.030860481749186874,new_900_extension,26092923
dcs_bw,482,True,2736,2736,0.3823099415204678,0.37609649122807015,5,2984,0.030860481749186874,new_900_extension,26092923
dcs_bw,483,True,506,506,0.4407114624505929,0.4426877470355731,1,488,0.030860481749186874,new_900_extension,26092923
dcs_bw,484,True,401,401,0.3640897755610973,0.3940149625935162,2,415,0.022938979187529185,new_900_extension,26092923
dcs_bw,485,True,993,993,0.3907351460221551,0.38972809667673713,2,1069,0.022938979187529185,new_900_extension,26092923
dcs_bw,486,True,338,338,0.4408284023668639,0.4408284023668639,4,329,0.022938979187529185,new_900_extension,26092923
dcs_bw,487,True,2247,2247,0.3934134401424121,0.3965287049399199,3,2425,0.022938979187529185,new_900_extension,26092923
dcs_bw,488,True,836,836,0.40789473684210525,0.4019138755980861,1,876,0.022938979187529185,new_900_extension,26092923
dcs_bw,489,True,1476,1476,0.40853658536585363,0.4092140921409214,1,1508,0.022938979187529185,new_900_extension,26092923
dcs_bw,490,True,1528,1528,0.42212041884816753,0.41361256544502617,2,1547,0.022938979187529185,new_900_extension,26092923
dcs_bw,491,True,1855,1855,0.37735849056603776,0.37142857142857144,3,1961,0.022938979187529185,new_900_extension,26092923
dcs_bw,492,True,1006,1006,0.4095427435387674,0.4165009940357853,3,1032,0.022938979187529185,new_900_extension,26092923
dcs_bw,493,True,3540,3540,0.39943502824858756,0.39717514124293785,1,3655,0.022938979187529185,new_900_extension,26092923
dcs_bw,494,True,801,801,0.41448189762796506,0.4132334581772784,3,829,0.022938979187529185,new_900_extension,26092923
dcs_bw,495,True,1387,1387,0.3886085075702956,0.3821196827685652,5,1520,0.022938979187529185,new_900_extension,26092923
dcs_bw,496,True,3957,3957,0.3813495072024261,0.3876674248167804,5,4259,0.022938979187529185,new_900_extension,26092923
dcs_bw,497,True,766,766,0.3877284595300261,0.38903394255874674,1,805,0.022938979187529185,new_900_extension,26092923
dcs_bw,498,True,3047,3047,0.37479488021004265,0.37577945520183786,2,3345,0.022938979187529185,new_900_extension,26092923
dcs_bw,499,True,1115,1115,0.4179372197309417,0.40358744394618834,1,1092,0.022938979187529185,new_900_extension,26092923
dcs_bw,500,True,2245,2245,0.38173719376391985,0.3946547884187082,1,2388,0.03998292968753958,new_900_extension,26092923
dcs_bw,501,True,791,791,0.42983565107458915,0.4020227560050569,1,767,0.03998292968753958,new_900_extension,26092923
dcs_bw,502,True,4167,4167,0.39164866810655147,0.3882889368850492,2,4402,0.03998292968753958,new_900_extension,26092923
dcs_bw,503,True,883,883,0.3556058890147225,0.3669309173272933,6,1006,0.03998292968753958,new_900_extension,26092923
dcs_bw,504,True,750,750,0.34,0.32266666666666666,1,886,0.03998292968753958,new_900_extension,26092923
dcs_bw,505,True,1014,1014,0.40433925049309666,0.40236686390532544,1,1051,0.03998292968753958,new_900_extension,26092923
dcs_bw,506,True,957,957,0.39184952978056425,0.3897596656217346,15,971,0.03998292968753958,new_900_extension,26092923
dcs_bw,507,True,3331,3331,0.40708495947163015,0.41218853197238065,4,3443,0.03998292968753958,new_900_extension,26092923
dcs_bw,508,True,1216,1216,0.4440789473684211,0.42680921052631576,1,1158,0.03998292968753958,new_900_extension,26092923
dcs_bw,509,True,855,855,0.4023391812865497,0.39415204678362575,7,832,0.03998292968753958,new_900_extension,26092923
dcs_bw,510,True,1367,1367,0.401609363569861,0.38551572787125093,2,1461,0.03998292968753958,new_900_extension,26092923
dcs_bw,511,True,878,878,0.38724373576309795,0.37813211845102507,2,954,0.03998292968753958,new_900_extension,26092923
dcs_bw,512,True,2233,2233,0.40528437080161217,0.4106583072100313,1,2241,0.03998292968753958,new_900_extension,26092923
dcs_bw,513,True,6295,6295,0.40254169976171567,0.40555996822875295,2,6461,0.03998292968753958,new_900_extension,26092923
dcs_bw,514,True,1638,1638,0.394993894993895,0.3986568986568987,1,1726,0.03998292968753958,new_900_extension,26092923
dcs_bw,515,True,1902,1902,0.40063091482649843,0.4001051524710831,2,2006,0.03998292968753958,new_900_extension,26092923
dcs_bw,516,True,1769,1769,0.40757490107405314,0.40757490107405314,3,1821,0.04528326299987384,new_900_extension,26092923
dcs_bw,517,True,3294,3294,0.3846387370977535,0.3888888888888889,3,3390,0.04528326299987384,new_900_extension,26092923
dcs_bw,518,True,4365,4365,0.404581901489118,0.4139747995418098,4,4383,0.04528326299987384,new_900_extension,26092923
dcs_bw,519,True,2173,2173,0.3907040957202025,0.3874827427519558,2,2231,0.04528326299987384,new_900_extension,26092923
dcs_bw,520,True,1895,1895,0.40686015831134564,0.41846965699208444,2,1843,0.04528326299987384,new_900_extension,26092923
dcs_bw,521,True,4884,4884,0.38493038493038495,0.39496314496314494,9,5085,0.04528326299987384,new_900_extension,26092923
dcs_bw,522,True,937,937,0.3852721451440768,0.3660618996798292,5,1036,0.04528326299987384,new_900_extension,26092923
dcs_bw,523,True,3388,3388,0.38665879574970485,0.3845926800472255,2,3639,0.04528326299987384,new_900_extension,26092923
dcs_bw,524,True,1376,1376,0.39898255813953487,0.38953488372093026,4,1421,0.04528326299987384,new_900_extension,26092923
dcs_bw,525,True,1156,1156,0.3814878892733564,0.3754325259515571,5,1270,0.04528326299987384,new_900_extension,26092923
dcs_bw,526,True,2142,2142,0.3711484593837535,0.369281045751634,1,2339,0.04528326299987384,new_900_extension,26092923
dcs_bw,527,True,1874,1874,0.3874066168623266,0.4018143009605123,1,1984,0.04528326299987384,new_900_extension,26092923
dcs_bw,528,True,2332,2332,0.4095197255574614,0.4073756432246998,3,2448,0.04528326299987384,new_900_extension,26092923
dcs_bw,529,True,884,884,0.43778280542986425,0.4321266968325792,4,804,0.04528326299987384,new_900_extension,26092923
dcs_bw,530,True,794,794,0.38413098236775817,0.38161209068010077,7,813,0.04528326299987384,new_900_extension,26092923
dcs_bw,531,True,6843,6843,0.4072775098640947,0.40347800672219786,3,7118,0.04528326299987384,new_900_extension,26092923
dcs_bw,532,True,2379,2379,0.3833543505674653,0.38083228247162676,2,2551,0.021906208374275593,new_900_extension,26092923
dcs_bw,533,True,3511,3511,0.38592993449159785,0.38222728567359726,4,3720,0.021906208374275593,new_900_extension,26092923
dcs_bw,534,True,479,479,0.42379958246346555,0.4091858037578288,2,448,0.021906208374275593,new_900_extension,26092923
dcs_bw,535,True,608,608,0.3815789473684211,0.38651315789473684,2,646,0.021906208374275593,new_900_extension,26092923
dcs_bw,536,True,2175,2175,0.3972413793103448,0.40413793103448276,2,2242,0.021906208374275593,new_900_extension,26092923
dcs_bw,537,True,2612,2612,0.38208269525267996,0.3778713629402756,4,2848,0.021906208374275593,new_900_extension,26092923
dcs_bw,538,True,782,782,0.329923273657289,0.3171355498721228,1,896,0.021906208374275593,new_900_extension,26092923
dcs_bw,539,True,581,581,0.40963855421686746,0.41308089500860584,1,635,0.021906208374275593,new_900_extension,26092923
dcs_bw,540,True,480,480,0.38125,0.38125,1,483,0.021906208374275593,new_900_extension,26092923
dcs_bw,541,True,2280,2280,0.38421052631578945,0.38859649122807016,4,2448,0.021906208374275593,new_900_extension,26092923
dcs_bw,542,True,1412,1412,0.4121813031161473,0.42209631728045327,1,1418,0.021906208374275593,new_900_extension,26092923
dcs_bw,543,True,2347,2347,0.3928419258628036,0.3945462292288027,6,2457,0.021906208374275593,new_900_extension,26092923
dcs_bw,544,True,645,645,0.3689922480620155,0.3705426356589147,1,726,0.021906208374275593,new_900_extension,26092923
dcs_bw,545,True,976,976,0.39959016393442626,0.40061475409836067,1,987,0.021906208374275593,new_900_extension,26092923
dcs_bw,546,True,1833,1833,0.40425531914893614,0.3960720130932897,1,1877,0.021906208374275593,new_900_extension,26092923
dcs_bw,547,True,1038,1038,0.43641618497109824,0.430635838150289,4,1012,0.021906208374275593,new_900_extension,26092923
dcs_bw,548,True,1352,1352,0.378698224852071,0.37943786982248523,3,1345,0.02321129425035906,new_900_extension,26092923
dcs_bw,549,True,925,925,0.3654054054054054,0.36324324324324325,2,1011,0.02321129425035906,new_900_extension,26092923
dcs_bw,550,True,469,469,0.3582089552238806,0.3603411513859275,1,500,0.02321129425035906,new_900_extension,26092923
dcs_bw,551,True,703,703,0.3940256045519203,0.39971550497866287,1,761,0.02321129425035906,new_900_extension,26092923
dcs_bw,552,True,1860,1860,0.3919354838709677,0.4096774193548387,6,1960,0.02321129425035906,new_900_extension,26092923
dcs_bw,553,True,764,764,0.39267015706806285,0.36649214659685864,3,849,0.02321129425035906,new_900_extension,26092923
dcs_bw,554,True,430,430,0.3558139534883721,0.3697674418604651,1,467,0.02321129425035906,new_900_extension,26092923
dcs_bw,555,True,455,455,0.36923076923076925,0.34945054945054943,3,504,0.02321129425035906,new_900_extension,26092923
dcs_bw,556,True,1684,1684,0.40380047505938244,0.4002375296912114,4,1747,0.02321129425035906,new_900_extension,26092923
dcs_bw,557,True,2415,2415,0.4132505175983437,0.41283643892339544,2,2478,0.02321129425035906,new_900_extension,26092923
dcs_bw,558,True,996,996,0.39156626506024095,0.3895582329317269,2,1076,0.02321129425035906,new_900_extension,26092923
dcs_bw,559,True,3769,3769,0.3998408065799947,0.39904483947996816,7,3950,0.02321129425035906,new_900_extension,26092923
dcs_bw,560,True,842,842,0.3657957244655582,0.37292161520190026,5,934,0.02321129425035906,new_900_extension,26092923
dcs_bw,561,True,1408,1408,0.3799715909090909,0.3728693181818182,1,1531,0.02321129425035906,new_900_extension,26092923
dcs_bw,562,True,802,802,0.4114713216957606,0.39276807980049877,2,808,0.02321129425035906,new_900_extension,26092923
dcs_bw,563,True,2300,2300,0.3834782608695652,0.38130434782608696,5,2459,0.02321129425035906,new_900_extension,26092923
dcs_bw,564,True,1624,1624,0.3934729064039409,0.3830049261083744,1,1747,0.02951111981201393,new_900_extension,26092923
dcs_bw,565,True,1363,1363,0.42920029347028615,0.4343360234776229,1,1372,0.02951111981201393,new_900_extension,26092923
dcs_bw,566,True,1486,1486,0.3822341857335128,0.3997308209959623,1,1565,0.02951111981201393,new_900_extension,26092923
dcs_bw,567,True,2344,2344,0.4014505119453925,0.3988907849829352,7,2439,0.02951111981201393,new_900_extension,26092923
dcs_bw,568,True,1303,1303,0.40521872601688413,0.3983115886415963,2,1301,0.02951111981201393,new_900_extension,26092923
dcs_bw,569,True,1359,1359,0.4032376747608536,0.4025018395879323,2,1398,0.02951111981201393,new_900_extension,26092923
dcs_bw,570,True,4208,4208,0.3921102661596958,0.3840304182509506,3,4449,0.02951111981201393,new_900_extension,26092923
dcs_bw,571,True,1163,1163,0.39552880481513325,0.39466895958727427,1,1244,0.02951111981201393,new_900_extension,26092923
dcs_bw,572,True,1029,1029,0.37026239067055394,0.3751214771622935,2,1103,0.02951111981201393,new_900_extension,26092923
dcs_bw,573,True,2415,2415,0.40455486542443064,0.410351966873706,1,2489,0.02951111981201393,new_900_extension,26092923
dcs_bw,574,True,1350,1350,0.3985185185185185,0.3977777777777778,3,1379,0.02951111981201393,new_900_extension,26092923
dcs_bw,575,True,2438,2438,0.4118129614438064,0.4167350287120591,1,2454,0.02951111981201393,new_900_extension,26092923
dcs_bw,576,True,1217,1217,0.42235004108463436,0.42892358258011504,1,1209,0.02951111981201393,new_900_extension,26092923
dcs_bw,577,True,602,602,0.4069767441860465,0.42524916943521596,4,614,0.02951111981201393,new_900_extension,26092923
dcs_bw,578,True,998,998,0.38577154308617234,0.3777555110220441,2,1064,0.02951111981201393,new_900_extension,26092923
dcs_bw,579,True,906,906,0.3576158940397351,0.37637969094922735,1,980,0.02951111981201393,new_900_extension,26092923
dcs_bw,580,True,2558,2558,0.40969507427677876,0.4077404222048475,2,2647,0.03726404431290575,new_900_extension,26092923
dcs_bw,581,True,3725,3725,0.3844295302013423,0.3838926174496644,2,4008,0.03726404431290575,new_900_extension,26092923
dcs_bw,582,True,1426,1426,0.40813464235624125,0.4074333800841515,4,1464,0.03726404431290575,new_900_extension,26092923
dcs_bw,583,True,1907,1907,0.40534871525957,0.40954378605138964,1,1954,0.03726404431290575,new_900_extension,26092923
dcs_bw,584,True,644,644,0.3447204968944099,0.3447204968944099,3,743,0.03726404431290575,new_900_extension,26092923
dcs_bw,585,True,5767,5767,0.4015952835096237,0.39951447893185366,1,5966,0.03726404431290575,new_900_extension,26092923
dcs_bw,586,True,1392,1392,0.39870689655172414,0.40014367816091956,2,1492,0.03726404431290575,new_900_extension,26092923
dcs_bw,587,True,2321,2321,0.38431710469625163,0.3834554071520896,2,2465,0.03726404431290575,new_900_extension,26092923
dcs_bw,588,True,3053,3053,0.4025548640681297,0.39927939731411727,2,3181,0.03726404431290575,new_900_extension,26092923
dcs_bw,589,True,2543,2543,0.4176169878096736,0.4140778607943374,2,2563,0.03726404431290575,new_900_extension,26092923
dcs_bw,590,True,512,512,0.416015625,0.404296875,1,524,0.03726404431290575,new_900_extension,26092923
dcs_bw,591,True,376,376,0.4122340425531915,0.39893617021276595,2,365,0.03726404431290575,new_900_extension,26092923
dcs_bw,592,True,2444,2444,0.39361702127659576,0.3903436988543372,4,2572,0.03726404431290575,new_900_extension,26092923
dcs_bw,593,True,439,439,0.37813211845102507,0.3917995444191344,1,436,0.03726404431290575,new_900_extension,26092923
dcs_bw,594,True,1529,1529,0.3924133420536298,0.38456507521255723,6,1650,0.03726404431290575,new_900_extension,26092923
dcs_bw,595,True,506,506,0.43873517786561267,0.4367588932806324,2,521,0.03726404431290575,new_900_extension,26092923
dcs_bw,596,True,931,931,0.3673469387755102,0.37056928034371645,1,1002,0.027179062499271822,new_900_extension,26092923
dcs_bw,597,True,2021,2021,0.3938644235526967,0.38941118258287977,1,2056,0.027179062499271822,new_900_extension,26092923
dcs_bw,598,True,595,595,0.40336134453781514,0.4050420168067227,1,646,0.027179062499271822,new_900_extension,26092923
dcs_bw,599,True,1041,1041,0.35830931796349663,0.37079731027857826,2,1122,0.027179062499271822,new_900_extension,26092923
dcs_bw,600,True,930,930,0.35698924731182796,0.35698924731182796,1,1008,0.027179062499271822,new_900_extension,26092923
dcs_bw,601,True,1524,1524,0.3858267716535433,0.38779527559055116,1,1627,0.027179062499271822,new_900_extension,26092923
dcs_bw,602,True,360,360,0.3888888888888889,0.39166666666666666,4,363,0.027179062499271822,new_900_extension,26092923
dcs_bw,603,True,741,741,0.4493927125506073,0.4493927125506073,3,717,0.027179062499271822,new_900_extension,26092923
dcs_bw,604,True,993,993,0.3554884189325277,0.35246727089627394,3,1085,0.027179062499271822,new_900_extension,26092923
dcs_bw,605,True,2407,2407,0.3917739925218114,0.39468217698379726,5,2551,0.027179062499271822,new_900_extension,26092923
dcs_bw,606,True,2174,2174,0.38638454461821525,0.4015639374425023,2,2279,0.027179062499271822,new_900_extension,26092923
dcs_bw,607,True,4511,4511,0.41520727111505207,0.41121702504987806,1,4592,0.027179062499271822,new_900_extension,26092923
dcs_bw,608,True,3081,3081,0.4199935086011035,0.42486205777345015,1,3144,0.027179062499271822,new_900_extension,26092923
dcs_bw,609,True,1388,1388,0.3688760806916426,0.36671469740634005,2,1524,0.027179062499271822,new_900_extension,26092923
dcs_bw,610,True,795,795,0.4025157232704403,0.40125786163522015,1,819,0.027179062499271822,new_900_extension,26092923
dcs_bw,611,True,471,471,0.4394904458598726,0.4437367303609342,1,465,0.027179062499271822,new_900_extension,26092923
dcs_bw,612,True,890,890,0.3955056179775281,0.37865168539325844,1,916,0.04548110937503225,new_900_extension,26092923
dcs_bw,613,True,2780,2780,0.39568345323741005,0.39136690647482014,4,2910,0.04548110937503225,new_900_extension,26092923
dcs_bw,614,True,1321,1321,0.42694928084784256,0.4420893262679788,2,1223,0.04548110937503225,new_900_extension,26092923
dcs_bw,615,True,1453,1453,0.4225739848589126,0.4198210598761184,2,1449,0.04548110937503225,new_900_extension,26092923
dcs_bw,616,True,496,496,0.3528225806451613,0.37298387096774194,1,545,0.04548110937503225,new_900_extension,26092923
dcs_bw,617,True,1680,1680,0.4005952380952381,0.4011904761904762,3,1749,0.04548110937503225,new_900_extension,26092923
dcs_bw,618,True,1030,1030,0.37475728155339805,0.36310679611650487,4,1107,0.04548110937503225,new_900_extension,26092923
dcs_bw,619,True,3835,3835,0.39608865710560626,0.396870925684485,1,4082,0.04548110937503225,new_900_extension,26092923
dcs_bw,620,True,1667,1667,0.397120575884823,0.40671865626874626,1,1695,0.04548110937503225,new_900_extension,26092923
dcs_bw,621,True,451,451,0.4146341463414634,0.4279379157427938,13,465,0.04548110937503225,new_900_extension,26092923
dcs_bw,622,True,1561,1561,0.4151185137732223,0.4202434336963485,5,1545,0.04548110937503225,new_900_extension,26092923
dcs_bw,623,True,726,726,0.47520661157024796,0.47107438016528924,2,691,0.04548110937503225,new_900_extension,26092923
dcs_bw,624,True,837,837,0.45639187574671447,0.45161290322580644,2,784,0.04548110937503225,new_900_extension,26092923
dcs_bw,625,True,754,754,0.3978779840848806,0.4005305039787798,4,784,0.04548110937503225,new_900_extension,26092923
dcs_bw,626,True,657,657,0.3942161339421613,0.3850837138508371,7,685,0.04548110937503225,new_900_extension,26092923
dcs_bw,627,True,7817,7817,0.3922220800818728,0.393117564282973,3,8210,0.04548110937503225,new_900_extension,26092923
dcs_bw,628,True,459,459,0.4357298474945534,0.3877995642701525,1,441,0.022395924437660142,new_900_extension,26092923
dcs_bw,629,True,2226,2226,0.3926325247079964,0.39802336028751123,1,2243,0.022395924437660142,new_900_extension,26092923
dcs_bw,630,True,614,614,0.43159609120521175,0.4381107491856677,3,612,0.022395924437660142,new_900_extension,26092923
dcs_bw,631,True,1046,1046,0.41586998087954113,0.4187380497131931,3,1070,0.022395924437660142,new_900_extension,26092923
dcs_bw,632,True,2728,2728,0.39222873900293254,0.3878299120234604,5,2851,0.022395924437660142,new_900_extension,26092923
dcs_bw,633,True,1357,1357,0.367722918201916,0.3795136330140015,1,1499,0.022395924437660142,new_900_extension,26092923
dcs_bw,634,True,1099,1099,0.3794358507734304,0.3903548680618744,7,1199,0.022395924437660142,new_900_extension,26092923
dcs_bw,635,True,351,351,0.4415954415954416,0.4472934472934473,3,359,0.022395924437660142,new_900_extension,26092923
dcs_bw,636,True,619,619,0.3441033925686591,0.3441033925686591,1,685,0.022395924437660142,new_900_extension,26092923
dcs_bw,637,True,1049,1049,0.39180171591992374,0.3956148713060057,2,1101,0.022395924437660142,new_900_extension,26092923
dcs_bw,638,True,835,835,0.40838323353293415,0.4059880239520958,1,898,0.022395924437660142,new_900_extension,26092923
dcs_bw,639,True,2211,2211,0.4161013116236997,0.42469470827679784,1,2272,0.022395924437660142,new_900_extension,26092923
dcs_bw,640,True,1778,1778,0.38357705286839144,0.38020247469066365,4,1899,0.022395924437660142,new_900_extension,26092923
dcs_bw,641,True,3535,3535,0.3852899575671853,0.37934936350777937,2,3706,0.022395924437660142,new_900_extension,26092923
dcs_bw,642,True,2367,2367,0.378538234051542,0.3810730882974229,1,2450,0.022395924437660142,new_900_extension,26092923
dcs_bw,643,True,2070,2070,0.3826086956521739,0.37681159420289856,2,2209,0.022395924437660142,new_900_extension,26092923
dcs_bw,644,True,3038,3038,0.41573403554970373,0.4160631994733377,3,3093,0.019674575500175706,new_900_extension,26092923
dcs_bw,645,True,2791,2791,0.39949838767466855,0.40558939448226444,1,2839,0.019674575500175706,new_900_extension,26092923
dcs_bw,646,True,1501,1501,0.3737508327781479,0.3757495003331113,3,1630,0.019674575500175706,new_900_extension,26092923
dcs_bw,647,True,2554,2554,0.3899765074393109,0.3790133124510572,1,2703,0.019674575500175706,new_900_extension,26092923
dcs_bw,648,True,721,721,0.4119278779472954,0.43134535367545074,1,681,0.019674575500175706,new_900_extension,26092923
dcs_bw,649,True,1409,1409,0.40454222853087296,0.41092973740241306,1,1418,0.019674575500175706,new_900_extension,26092923
dcs_bw,650,True,2514,2514,0.3349244232299125,0.34645982498011135,1,2824,0.019674575500175706,new_900_extension,26092923
dcs_bw,651,True,2043,2043,0.3945178658835046,0.39745472344591287,2,2141,0.019674575500175706,new_900_extension,26092923
dcs_bw,652,True,611,611,0.4238952536824877,0.4238952536824877,2,608,0.019674575500175706,new_900_extension,26092923
dcs_bw,653,True,789,789,0.385297845373891,0.3840304182509506,2,877,0.019674575500175706,new_900_extension,26092923
dcs_bw,654,True,684,684,0.4298245614035088,0.43128654970760233,2,703,0.019674575500175706,new_900_extension,26092923
dcs_bw,655,True,886,886,0.4142212189616253,0.4164785553047404,1,880,0.019674575500175706,new_900_extension,26092923
dcs_bw,656,True,2668,2668,0.3961769115442279,0.40367316341829085,5,2730,0.019674575500175706,new_900_extension,26092923
dcs_bw,657,True,2389,2389,0.3884470489744663,0.39179573043114274,3,2409,0.019674575500175706,new_900_extension,26092923
dcs_bw,658,True,900,900,0.3888888888888889,0.3688888888888889,1,913,0.019674575500175706,new_900_extension,26092923
dcs_bw,659,True,1233,1233,0.41038118410381186,0.40389294403892945,4,1256,0.019674575500175706,new_900_extension,26092923
dcs_bw,660,True,548,548,0.45072992700729925,0.45255474452554745,1,545,0.027880942687261268,new_900_extension,26092923
dcs_bw,661,True,1530,1530,0.40588235294117647,0.42026143790849674,1,1515,0.027880942687261268,new_900_extension,26092923
dcs_bw,662,True,1578,1578,0.42712294043092525,0.42141951837769326,1,1535,0.027880942687261268,new_900_extension,26092923
dcs_bw,663,True,943,943,0.4019088016967126,0.41569459172852596,3,999,0.027880942687261268,new_900_extension,26092923
dcs_bw,664,True,4146,4146,0.4071394114809455,0.4044862518089725,1,4254,0.027880942687261268,new_900_extension,26092923
dcs_bw,665,True,1746,1746,0.4032073310423826,0.4083619702176403,1,1805,0.027880942687261268,new_900_extension,26092923
dcs_bw,666,True,1441,1441,0.41498959056210966,0.42401110340041637,7,1470,0.027880942687261268,new_900_extension,26092923
dcs_bw,667,True,441,441,0.35374149659863946,0.3378684807256236,4,513,0.027880942687261268,new_900_extension,26092923
dcs_bw,668,True,798,798,0.38596491228070173,0.39223057644110276,1,818,0.027880942687261268,new_900_extension,26092923
dcs_bw,669,True,2029,2029,0.37851158206012814,0.3716116313454904,1,2203,0.027880942687261268,new_900_extension,26092923
dcs_bw,670,True,1262,1262,0.39619651347068147,0.3938193343898574,2,1293,0.027880942687261268,new_900_extension,26092923
dcs_bw,671,True,658,658,0.44680851063829785,0.439209726443769,3,649,0.027880942687261268,new_900_extension,26092923
dcs_bw,672,True,1359,1359,0.3671817512877116,0.3730684326710817,2,1519,0.027880942687261268,new_900_extension,26092923
dcs_bw,673,True,2411,2411,0.38987971795935294,0.39236831190377436,4,2410,0.027880942687261268,new_900_extension,26092923
dcs_bw,674,True,658,658,0.41033434650455924,0.41793313069908816,1,666,0.027880942687261268,new_900_extension,26092923
dcs_bw,675,True,961,961,0.36212278876170656,0.3537981269510926,3,1031,0.027880942687261268,new_900_extension,26092923
dcs_bw,676,True,6555,6555,0.4024408848207475,0.40183066361556063,3,6644,0.034304815124414745,new_900_extension,26092923
dcs_bw,677,True,4590,4590,0.393681917211329,0.3971677559912854,4,4755,0.034304815124414745,new_900_extension,26092923
dcs_bw,678,True,620,620,0.4306451612903226,0.4290322580645161,6,643,0.034304815124414745,new_900_extension,26092923
dcs_bw,679,True,901,901,0.3873473917869034,0.3873473917869034,8,910,0.034304815124414745,new_900_extension,26092923
dcs_bw,680,True,1855,1855,0.3913746630727763,0.39191374663072776,5,1922,0.034304815124414745,new_900_extension,26092923
dcs_bw,681,True,606,606,0.46534653465346537,0.4752475247524752,2,554,0.034304815124414745,new_900_extension,26092923
dcs_bw,682,True,1876,1876,0.40191897654584224,0.38699360341151384,1,1961,0.034304815124414745,new_900_extension,26092923
dcs_bw,683,True,1809,1809,0.40685461580983967,0.4079601990049751,4,1839,0.034304815124414745,new_900_extension,26092923
dcs_bw,684,True,309,309,0.42394822006472493,0.4368932038834951,1,296,0.034304815124414745,new_900_extension,26092923
dcs_bw,685,True,895,895,0.42681564245810055,0.4312849162011173,1,881,0.034304815124414745,new_900_extension,26092923
dcs_bw,686,True,633,633,0.39968404423380727,0.40916271721958924,1,665,0.034304815124414745,new_900_extension,26092923
dcs_bw,687,True,1103,1103,0.3680870353581142,0.3644605621033545,1,1245,0.034304815124414745,new_900_extension,26092923
dcs_bw,688,True,708,708,0.384180790960452,0.3898305084745763,1,720,0.034304815124414745,new_900_extension,26092923
dcs_bw,689,True,977,977,0.38178096212896623,0.3623336745138178,3,1049,0.034304815124414745,new_900_extension,26092923
dcs_bw,690,True,839,839,0.3909415971394517,0.399284862932062,2,891,0.034304815124414745,new_900_extension,26092923
dcs_bw,691,True,3365,3365,0.39197622585438335,0.3818722139673105,3,3614,0.034304815124414745,new_900_extension,26092923
dcs_bw,692,True,2342,2342,0.392399658411614,0.3915456874466268,4,2512,0.02242711199869518,new_900_extension,26092923
dcs_bw,693,True,1450,1450,0.41379310344827586,0.4096551724137931,4,1478,0.02242711199869518,new_900_extension,26092923
dcs_bw,694,True,1960,1960,0.4193877551020408,0.4193877551020408,1,1944,0.02242711199869518,new_900_extension,26092923
dcs_bw,695,True,2174,2174,0.3850045998160074,0.374885004599816,1,2367,0.02242711199869518,new_900_extension,26092923
dcs_bw,696,True,1389,1389,0.4110871130309575,0.39452843772498203,4,1438,0.02242711199869518,new_900_extension,26092923
dcs_bw,697,True,516,516,0.42829457364341084,0.42248062015503873,1,512,0.02242711199869518,new_900_extension,26092923
dcs_bw,698,True,806,806,0.43424317617866004,0.4267990074441687,1,797,0.02242711199869518,new_900_extension,26092923
dcs_bw,699,True,382,382,0.418848167539267,0.39790575916230364,4,380,0.02242711199869518,new_900_extension,26092923
dcs_bw,700,True,2686,2686,0.3812360387192852,0.3678332092330603,1,2822,0.02242711199869518,new_900_extension,26092923
dcs_bw,701,True,423,423,0.3664302600472813,0.37115839243498816,1,441,0.02242711199869518,new_900_extension,26092923
dcs_bw,702,True,3181,3181,0.3844702923608928,0.3822697265011003,1,3464,0.02242711199869518,new_900_extension,26092923
dcs_bw,703,True,1026,1026,0.42007797270955166,0.41325536062378165,1,1053,0.02242711199869518,new_900_extension,26092923
dcs_bw,704,True,614,614,0.3957654723127036,0.4006514657980456,1,616,0.02242711199869518,new_900_extension,26092923
dcs_bw,705,True,3159,3159,0.41437163659385884,0.4099398543842988,1,3194,0.02242711199869518,new_900_extension,26092923
dcs_bw,706,True,3246,3246,0.403573629081947,0.4041897720271103,4,3279,0.02242711199869518,new_900_extension,26092923
dcs_bw,707,True,1315,1315,0.3885931558935361,0.4007604562737643,2,1379,0.02242711199869518,new_900_extension,26092923
dcs_bw,708,True,3951,3951,0.3829410275879524,0.3806631232599342,3,4273,0.028671874999417923,new_900_extension,26092923
dcs_bw,709,True,1191,1191,0.3971452560873216,0.3795130142737196,2,1184,0.028671874999417923,new_900_extension,26092923
dcs_bw,710,True,1810,1810,0.4171270718232044,0.41049723756906076,1,1859,0.028671874999417923,new_900_extension,26092923
dcs_bw,711,True,825,825,0.4,0.4024242424242424,1,833,0.028671874999417923,new_900_extension,26092923
dcs_bw,712,True,468,468,0.44017094017094016,0.4423076923076923,1,446,0.028671874999417923,new_900_extension,26092923
dcs_bw,713,True,1361,1361,0.42689199118295373,0.42174871418074944,2,1415,0.028671874999417923,new_900_extension,26092923
dcs_bw,714,True,1857,1857,0.42703284868066776,0.4189553042541734,1,1820,0.028671874999417923,new_900_extension,26092923
dcs_bw,715,True,504,504,0.39285714285714285,0.3968253968253968,2,501,0.028671874999417923,new_900_extension,26092923
dcs_bw,716,True,3350,3350,0.39134328358208953,0.38686567164179103,1,3526,0.028671874999417923,new_900_extension,26092923
dcs_bw,717,True,1154,1154,0.4254766031195841,0.42980935875216636,1,1142,0.028671874999417923,new_900_extension,26092923
dcs_bw,718,True,4710,4710,0.3963906581740977,0.3940552016985138,4,5038,0.028671874999417923,new_900_extension,26092923
dcs_bw,719,True,457,457,0.40043763676148797,0.39606126914660833,1,482,0.028671874999417923,new_900_extension,26092923
dcs_bw,720,True,4616,4616,0.38128249566724437,0.38409878682842286,2,4850,0.028671874999417923,new_900_extension,26092923
dcs_bw,721,True,540,540,0.45740740740740743,0.4537037037037037,1,514,0.028671874999417923,new_900_extension,26092923
dcs_bw,722,True,810,810,0.37037037037037035,0.36790123456790125,4,869,0.028671874999417923,new_900_extension,26092923
dcs_bw,723,True,529,529,0.389413988657845,0.3950850661625709,3,538,0.028671874999417923,new_900_extension,26092923
dcs_bw,724,True,1161,1161,0.3186907838070629,0.3333333333333333,4,1358,0.036401999999725376,new_900_extension,26092923
dcs_bw,725,True,400,400,0.405,0.405,2,410,0.036401999999725376,new_900_extension,26092923
dcs_bw,726,True,2019,2019,0.37147102526002973,0.37543338286280337,1,2132,0.036401999999725376,new_900_extension,26092923
dcs_bw,727,True,1716,1716,0.38752913752913754,0.3945221445221445,8,1820,0.036401999999725376,new_900_extension,26092923
dcs_bw,728,True,1269,1269,0.3798266351457841,0.38613081166272656,1,1323,0.036401999999725376,new_900_extension,26092923
dcs_bw,729,True,2437,2437,0.37669265490356996,0.3861304883052934,1,2560,0.036401999999725376,new_900_extension,26092923
dcs_bw,730,True,893,893,0.3471444568868981,0.3661814109742441,1,1006,0.036401999999725376,new_900_extension,26092923
dcs_bw,731,True,513,513,0.4327485380116959,0.43664717348927873,8,516,0.036401999999725376,new_900_extension,26092923
dcs_bw,732,True,1644,1644,0.41545012165450124,0.4190997566909976,2,1651,0.036401999999725376,new_900_extension,26092923
dcs_bw,733,True,4056,4056,0.3809171597633136,0.3809171597633136,2,4312,0.036401999999725376,new_900_extension,26092923
dcs_bw,734,True,1476,1476,0.4071815718157182,0.41395663956639567,1,1559,0.036401999999725376,new_900_extension,26092923
dcs_bw,735,True,814,814,0.4176904176904177,0.41646191646191644,2,860,0.036401999999725376,new_900_extension,26092923
dcs_bw,736,True,623,623,0.39807383627608345,0.39646869983948635,5,648,0.036401999999725376,new_900_extension,26092923
dcs_bw,737,True,6288,6288,0.3953562340966921,0.39392493638676845,14,6643,0.036401999999725376,new_900_extension,26092923
dcs_bw,738,True,1710,1710,0.3912280701754386,0.39239766081871347,2,1776,0.036401999999725376,new_900_extension,26092923
dcs_bw,739,True,440,440,0.33636363636363636,0.32727272727272727,2,507,0.036401999999725376,new_900_extension,26092923
dcs_bw,740,True,3188,3188,0.39021329987452946,0.3946047678795483,2,3406,0.02474742968843202,new_900_extension,26092923
dcs_bw,741,True,660,660,0.44545454545454544,0.44696969696969696,4,631,0.02474742968843202,new_900_extension,26092923
dcs_bw,742,True,1085,1085,0.39815668202764976,0.4046082949308756,2,1161,0.02474742968843202,new_900_extension,26092923
dcs_bw,743,True,352,352,0.40625,0.4005681818181818,1,379,0.02474742968843202,new_900_extension,26092923
dcs_bw,744,True,4511,4511,0.39037907337619154,0.3937042784305032,1,4745,0.02474742968843202,new_900_extension,26092923
dcs_bw,745,True,1004,1004,0.39641434262948205,0.3934262948207171,1,1049,0.02474742968843202,new_900_extension,26092923
dcs_bw,746,True,1179,1179,0.39609838846480067,0.39100932994062765,1,1237,0.02474742968843202,new_900_extension,26092923
dcs_bw,747,True,3021,3021,0.3955643826547501,0.39490235021516057,1,3191,0.02474742968843202,new_900_extension,26092923
dcs_bw,748,True,1150,1150,0.3773913043478261,0.38,2,1217,0.02474742968843202,new_900_extension,26092923
dcs_bw,749,True,1403,1403,0.35994297933000713,0.3699215965787598,1,1557,0.02474742968843202,new_900_extension,26092923
dcs_bw,750,True,890,890,0.3752808988764045,0.3898876404494382,1,955,0.02474742968843202,new_900_extension,26092923
dcs_bw,751,True,1074,1074,0.38733705772811916,0.38268156424581007,2,1132,0.02474742968843202,new_900_extension,26092923
dcs_bw,752,True,1262,1262,0.41600633914421553,0.4231378763866878,1,1262,0.02474742968843202,new_900_extension,26092923
dcs_bw,753,True,2383,2383,0.3701216953420059,0.3843894250944188,1,2528,0.02474742968843202,new_900_extension,26092923
dcs_bw,754,True,618,618,0.40614886731391586,0.4029126213592233,1,603,0.02474742968843202,new_900_extension,26092923
dcs_bw,755,True,993,993,0.42396777442094663,0.418932527693857,1,965,0.02474742968843202,new_900_extension,26092923
dcs_bw,756,True,3823,3823,0.388699973842532,0.3808527334554015,2,3983,0.037318239625165006,new_900_extension,26092923
dcs_bw,757,True,5950,5950,0.393109243697479,0.3934453781512605,1,6236,0.037318239625165006,new_900_extension,26092923
dcs_bw,758,True,1603,1603,0.3792888334373051,0.3749220212102308,1,1711,0.037318239625165006,new_900_extension,26092923
dcs_bw,759,True,927,927,0.38403451995685006,0.38727076591154264,3,926,0.037318239625165006,new_900_extension,26092923
dcs_bw,760,True,948,948,0.40717299578059074,0.4166666666666667,7,976,0.037318239625165006,new_900_extension,26092923
dcs_bw,761,True,917,917,0.411123227917121,0.3969465648854962,1,958,0.037318239625165006,new_900_extension,26092923
dcs_bw,762,True,1089,1089,0.39302112029384756,0.39669421487603307,2,1152,0.037318239625165006,new_900_extension,26092923
dcs_bw,763,True,787,787,0.35578144853875476,0.3570520965692503,2,842,0.037318239625165006,new_900_extension,26092923
dcs_bw,764,True,2884,2884,0.3893897364771151,0.39701803051317613,6,2994,0.037318239625165006,new_900_extension,26092923
dcs_bw,765,True,608,608,0.3503289473684211,0.3569078947368421,1,631,0.037318239625165006,new_900_extension,26092923
dcs_bw,766,True,1939,1939,0.3800928313563693,0.3733883445074781,3,2082,0.037318239625165006,new_900_extension,26092923
dcs_bw,767,True,359,359,0.415041782729805,0.3871866295264624,1,408,0.037318239625165006,new_900_extension,26092923
dcs_bw,768,True,3164,3164,0.3802149178255373,0.38400758533501894,11,3442,0.037318239625165006,new_900_extension,26092923
dcs_bw,769,True,2935,2935,0.3948892674616695,0.3877342419080068,2,3109,0.037318239625165006,new_900_extension,26092923
dcs_bw,770,True,1285,1285,0.398443579766537,0.40155642023346305,1,1333,0.037318239625165006,new_900_extension,26092923
dcs_bw,771,True,588,588,0.43537414965986393,0.44047619047619047,1,581,0.037318239625165006,new_900_extension,26092923
dcs_bw,772,True,1232,1232,0.38555194805194803,0.38636363636363635,2,1322,0.02734732293720299,new_900_extension,26092923
dcs_bw,773,True,677,677,0.4446085672082718,0.43870014771048743,1,685,0.02734732293720299,new_900_extension,26092923
dcs_bw,774,True,3249,3249,0.378885811018775,0.3727300707910126,2,3442,0.02734732293720299,new_900_extension,26092923
dcs_bw,775,True,4370,4370,0.3988558352402746,0.39725400457665905,1,4613,0.02734732293720299,new_900_extension,26092923
dcs_bw,776,True,2460,2460,0.3959349593495935,0.38902439024390245,1,2598,0.02734732293720299,new_900_extension,26092923
dcs_bw,777,True,3462,3462,0.39890236857307915,0.40641247833622185,1,3596,0.02734732293720299,new_900_extension,26092923
dcs_bw,778,True,1703,1703,0.38872577803875513,0.40105695830886673,1,1774,0.02734732293720299,new_900_extension,26092923
dcs_bw,779,True,1132,1132,0.3630742049469965,0.3621908127208481,1,1230,0.02734732293720299,new_900_extension,26092923
dcs_bw,780,True,831,831,0.37906137184115524,0.3838748495788207,1,867,0.02734732293720299,new_900_extension,26092923
dcs_bw,781,True,688,688,0.3997093023255814,0.3938953488372093,3,750,0.02734732293720299,new_900_extension,26092923
dcs_bw,782,True,432,432,0.3680555555555556,0.3726851851851852,10,432,0.02734732293720299,new_900_extension,26092923
dcs_bw,783,True,2273,2273,0.3906731192256929,0.3941926968763748,1,2414,0.02734732293720299,new_900_extension,26092923
dcs_bw,784,True,3595,3595,0.3969401947148818,0.39777468706536856,1,3703,0.02734732293720299,new_900_extension,26092923
dcs_bw,785,True,1943,1943,0.4153371075656202,0.4050437467833248,1,1960,0.02734732293720299,new_900_extension,26092923
dcs_bw,786,True,1871,1871,0.43452699091394975,0.432923570283271,7,1870,0.02734732293720299,new_900_extension,26092923
dcs_bw,787,True,278,278,0.460431654676259,0.4748201438848921,2,255,0.02734732293720299,new_900_extension,26092923
dcs_bw,788,True,2768,2768,0.3865606936416185,0.3854768786127168,1,2956,0.02730252081164508,new_900_extension,26092923
dcs_bw,789,True,1392,1392,0.38721264367816094,0.37212643678160917,1,1503,0.02730252081164508,new_900_extension,26092923
dcs_bw,790,True,1168,1168,0.3981164383561644,0.4169520547945205,1,1187,0.02730252081164508,new_900_extension,26092923
dcs_bw,791,True,940,940,0.4329787234042553,0.41595744680851066,1,910,0.02730252081164508,new_900_extension,26092923
dcs_bw,792,True,870,870,0.37701149425287356,0.3839080459770115,2,925,0.02730252081164508,new_900_extension,26092923
dcs_bw,793,True,836,836,0.4366028708133971,0.423444976076555,2,823,0.02730252081164508,new_900_extension,26092923
dcs_bw,794,True,498,498,0.42971887550200805,0.41767068273092367,2,501,0.02730252081164508,new_900_extension,26092923
dcs_bw,795,True,2972,2972,0.392328398384926,0.3882907133243607,1,3081,0.02730252081164508,new_900_extension,26092923
dcs_bw,796,True,2295,2295,0.37516339869281046,0.3747276688453159,4,2420,0.02730252081164508,new_900_extension,26092923
dcs_bw,797,True,4934,4934,0.399067693554925,0.39663558978516417,4,5171,0.02730252081164508,new_900_extension,26092923
dcs_bw,798,True,506,506,0.3932806324110672,0.4031620553359684,1,562,0.02730252081164508,new_900_extension,26092923
dcs_bw,799,True,3685,3685,0.40705563093622793,0.40081411126187244,2,3773,0.02730252081164508,new_900_extension,26092923
dcs_bw,800,True,2462,2462,0.3980503655564582,0.38789601949634445,2,2648,0.02730252081164508,new_900_extension,26092923
dcs_bw,801,True,818,818,0.41687041564792177,0.4180929095354523,1,814,0.02730252081164508,new_900_extension,26092923
dcs_bw,802,True,1926,1926,0.38161993769470404,0.37694704049844235,5,2117,0.02730252081164508,new_900_extension,26092923
dcs_bw,803,True,2168,2168,0.39252767527675275,0.3874538745387454,6,2287,0.02730252081164508,new_900_extension,26092923
dcs_bw,804,True,505,505,0.4594059405940594,0.45544554455445546,3,487,0.024273843750052038,new_900_extension,26092923
dcs_bw,805,True,1330,1330,0.41729323308270677,0.42406015037593986,1,1353,0.024273843750052038,new_900_extension,26092923
dcs_bw,806,True,851,851,0.3525264394829612,0.34665099882491185,2,914,0.024273843750052038,new_900_extension,26092923
dcs_bw,807,True,911,911,0.4138309549945115,0.3940724478594951,5,946,0.024273843750052038,new_900_extension,26092923
dcs_bw,808,True,461,461,0.4490238611713666,0.4490238611713666,2,418,0.024273843750052038,new_900_extension,26092923
dcs_bw,809,True,837,837,0.4026284348864994,0.3906810035842294,2,890,0.024273843750052038,new_900_extension,26092923
dcs_bw,810,True,3169,3169,0.40643736194383084,0.405806248027769,1,3282,0.024273843750052038,new_900_extension,26092923
dcs_bw,811,True,888,888,0.40427927927927926,0.39864864864864863,1,912,0.024273843750052038,new_900_extension,26092923
dcs_bw,812,True,891,891,0.3950617283950617,0.3939393939393939,2,925,0.024273843750052038,new_900_extension,26092923
dcs_bw,813,True,924,924,0.3647186147186147,0.36688311688311687,2,1025,0.024273843750052038,new_900_extension,26092923
dcs_bw,814,True,3611,3611,0.39822763777347,0.39961229576294655,1,3660,0.024273843750052038,new_900_extension,26092923
dcs_bw,815,True,2070,2070,0.4101449275362319,0.39855072463768115,1,2149,0.024273843750052038,new_900_extension,26092923
dcs_bw,816,True,668,668,0.45209580838323354,0.4505988023952096,2,602,0.024273843750052038,new_900_extension,26092923
dcs_bw,817,True,1452,1452,0.37672176308539945,0.36639118457300274,2,1584,0.024273843750052038,new_900_extension,26092923
dcs_bw,818,True,2264,2264,0.4006183745583039,0.4023851590106007,1,2294,0.024273843750052038,new_900_extension,26092923
dcs_bw,819,True,2168,2168,0.386070110701107,0.3916051660516605,1,2276,0.024273843750052038,new_900_extension,26092923
dcs_bw,820,True,759,759,0.3965744400527009,0.4044795783926219,7,786,0.017789059875212843,new_900_extension,26092923
dcs_bw,821,True,606,606,0.3696369636963696,0.334983498349835,1,651,0.017789059875212843,new_900_extension,26092923
dcs_bw,822,True,2884,2884,0.4015256588072122,0.4039528432732316,1,3035,0.017789059875212843,new_900_extension,26092923
dcs_bw,823,True,650,650,0.4430769230769231,0.4338461538461538,1,629,0.017789059875212843,new_900_extension,26092923
dcs_bw,824,True,2546,2546,0.42498036135113904,0.4293008641005499,2,2560,0.017789059875212843,new_900_extension,26092923
dcs_bw,825,True,1315,1315,0.423574144486692,0.42129277566539924,1,1328,0.017789059875212843,new_900_extension,26092923
dcs_bw,826,True,1528,1528,0.39659685863874344,0.38089005235602097,1,1589,0.017789059875212843,new_900_extension,26092923
dcs_bw,827,True,529,529,0.3988657844990548,0.3761814744801512,4,536,0.017789059875212843,new_900_extension,26092923
dcs_bw,828,True,634,634,0.4637223974763407,0.4558359621451104,1,594,0.017789059875212843,new_900_extension,26092923
dcs_bw,829,True,780,780,0.3769230769230769,0.3730769230769231,1,862,0.017789059875212843,new_900_extension,26092923
dcs_bw,830,True,1181,1181,0.37764606265876377,0.3810330228619814,1,1283,0.017789059875212843,new_900_extension,26092923
dcs_bw,831,True,501,501,0.39520958083832336,0.3812375249500998,6,519,0.017789059875212843,new_900_extension,26092923
dcs_bw,832,True,743,743,0.42126514131897713,0.4199192462987887,1,731,0.017789059875212843,new_900_extension,26092923
dcs_bw,833,True,1310,1310,0.4206106870229008,0.416793893129771,1,1296,0.017789059875212843,new_900_extension,26092923
dcs_bw,834,True,2392,2392,0.391304347826087,0.39464882943143814,2,2530,0.017789059875212843,new_900_extension,26092923
dcs_bw,835,True,2754,2754,0.3997821350762527,0.4059549745824256,1,2834,0.017789059875212843,new_900_extension,26092923
dcs_bw,836,True,1392,1392,0.38721264367816094,0.3785919540229885,1,1499,0.027115166623843834,new_900_extension,26092923
dcs_bw,837,True,553,553,0.4104882459312839,0.40867992766726946,7,531,0.027115166623843834,new_900_extension,26092923
dcs_bw,838,True,2025,2025,0.42074074074074075,0.41728395061728396,3,2094,0.027115166623843834,new_900_extension,26092923
dcs_bw,839,True,487,487,0.406570841889117,0.433264887063655,1,469,0.027115166623843834,new_900_extension,26092923
dcs_bw,840,True,2534,2534,0.39423835832675613,0.39818468823993686,7,2672,0.027115166623843834,new_900_extension,26092923
dcs_bw,841,True,775,775,0.3961290322580645,0.40516129032258064,1,813,0.027115166623843834,new_900_extension,26092923
dcs_bw,842,True,2860,2860,0.39615384615384613,0.4013986013986014,7,2920,0.027115166623843834,new_900_extension,26092923
dcs_bw,843,True,4037,4037,0.40079266782264056,0.3965816200148625,1,4219,0.027115166623843834,new_900_extension,26092923
dcs_bw,844,True,1806,1806,0.39811738648947953,0.3903654485049834,4,1955,0.027115166623843834,new_900_extension,26092923
dcs_bw,845,True,1671,1671,0.3883901855176541,0.3961699581089168,1,1786,0.027115166623843834,new_900_extension,26092923
dcs_bw,846,True,897,897,0.4035674470457079,0.41025641025641024,2,949,0.027115166623843834,new_900_extension,26092923
dcs_bw,847,True,707,707,0.37482319660537483,0.37623762376237624,2,727,0.027115166623843834,new_900_extension,26092923
dcs_bw,848,True,324,324,0.4506172839506173,0.4783950617283951,1,296,0.027115166623843834,new_900_extension,26092923
dcs_bw,849,True,557,557,0.3734290843806104,0.3518850987432675,5,622,0.027115166623843834,new_900_extension,26092923
dcs_bw,850,True,1424,1424,0.4101123595505618,0.4157303370786517,5,1425,0.027115166623843834,new_900_extension,26092923
dcs_bw,851,True,1744,1744,0.4139908256880734,0.4180045871559633,3,1786,0.027115166623843834,new_900_extension,26092923
dcs_bw,852,True,3103,3103,0.41443764099258784,0.4099258781824041,2,3197,0.02931641668692464,new_900_extension,26092923
dcs_bw,853,True,4522,4522,0.3863334807607253,0.38876603272888105,1,4853,0.02931641668692464,new_900_extension,26092923
dcs_bw,854,True,1144,1144,0.3784965034965035,0.3741258741258741,2,1242,0.02931641668692464,new_900_extension,26092923
dcs_bw,855,True,966,966,0.4078674948240166,0.40372670807453415,5,1003,0.02931641668692464,new_900_extension,26092923
dcs_bw,856,True,2611,2611,0.3963998468019916,0.3941018766756032,1,2707,0.02931641668692464,new_900_extension,26092923
dcs_bw,857,True,2839,2839,0.4043677351179993,0.40648115533638607,2,2770,0.02931641668692464,new_900_extension,26092923
dcs_bw,858,True,1925,1925,0.3703896103896104,0.372987012987013,3,2022,0.02931641668692464,new_900_extension,26092923
dcs_bw,859,True,629,629,0.40540540540540543,0.40222575516693165,1,664,0.02931641668692464,new_900_extension,26092923
dcs_bw,860,True,3324,3324,0.39921780986762934,0.39651022864019253,1,3425,0.02931641668692464,new_900_extension,26092923
dcs_bw,861,True,412,412,0.4199029126213592,0.41019417475728154,1,424,0.02931641668692464,new_900_extension,26092923
dcs_bw,862,True,542,542,0.43357933579335795,0.44280442804428044,1,545,0.02931641668692464,new_900_extension,26092923
dcs_bw,863,True,628,628,0.4140127388535032,0.39490445859872614,5,614,0.02931641668692464,new_900_extension,26092923
dcs_bw,864,True,1133,1133,0.42541924095322153,0.4315975286849073,1,1114,0.02931641668692464,new_900_extension,26092923
dcs_bw,865,True,532,532,0.33646616541353386,0.34022556390977443,2,596,0.02931641668692464,new_900_extension,26092923
dcs_bw,866,True,2508,2508,0.38118022328548645,0.38915470494417864,1,2670,0.02931641668692464,new_900_extension,26092923
dcs_bw,867,True,1157,1157,0.3958513396715644,0.3915298184961106,1,1197,0.02931641668692464,new_900_extension,26092923
dcs_bw,868,True,3079,3079,0.3887625852549529,0.39233517375771354,1,3156,0.019242375001340406,new_900_extension,26092923
dcs_bw,869,True,653,653,0.3996937212863706,0.39509954058192953,2,706,0.019242375001340406,new_900_extension,26092923
dcs_bw,870,True,1668,1668,0.3932853717026379,0.3920863309352518,3,1724,0.019242375001340406,new_900_extension,26092923
dcs_bw,871,True,1917,1917,0.4094940010432968,0.40375586854460094,2,1968,0.019242375001340406,new_900_extension,26092923
dcs_bw,872,True,911,911,0.38638858397365533,0.3907793633369923,1,877,0.019242375001340406,new_900_extension,26092923
dcs_bw,873,True,2195,2195,0.40637813211845103,0.4031890660592255,1,2245,0.019242375001340406,new_900_extension,26092923
dcs_bw,874,True,650,650,0.4338461538461538,0.4338461538461538,1,645,0.019242375001340406,new_900_extension,26092923
dcs_bw,875,True,1731,1731,0.4061236279607163,0.41767764298093585,1,1761,0.019242375001340406,new_900_extension,26092923
dcs_bw,876,True,1141,1141,0.3943908851884312,0.39614373356704646,1,1215,0.019242375001340406,new_900_extension,26092923
dcs_bw,877,True,2478,2478,0.3930589184826473,0.400726392251816,1,2583,0.019242375001340406,new_900_extension,26092923
dcs_bw,878,True,928,928,0.44073275862068967,0.42995689655172414,1,897,0.019242375001340406,new_900_extension,26092923
dcs_bw,879,True,976,976,0.39959016393442626,0.3985655737704918,1,1004,0.019242375001340406,new_900_extension,26092923
dcs_bw,880,True,1362,1362,0.3751835535976505,0.3707782672540382,1,1464,0.019242375001340406,new_900_extension,26092923
dcs_bw,881,True,1028,1028,0.4027237354085603,0.3959143968871595,2,1066,0.019242375001340406,new_900_extension,26092923
dcs_bw,882,True,1131,1131,0.3625110521662246,0.3660477453580902,1,1276,0.019242375001340406,new_900_extension,26092923
dcs_bw,883,True,1998,1998,0.4044044044044044,0.3993993993993994,1,2146,0.019242375001340406,new_900_extension,26092923
dcs_bw,884,True,588,588,0.3979591836734694,0.4166666666666667,1,564,0.05466478906237171,new_900_extension,26092923
dcs_bw,885,True,9278,9278,0.3963138607458504,0.3985772795861177,10,9633,0.05466478906237171,new_900_extension,26092923
dcs_bw,886,True,2626,2626,0.39946686976389945,0.3952779893373953,2,2677,0.05466478906237171,new_900_extension,26092923
dcs_bw,887,True,895,895,0.38994413407821227,0.39776536312849164,1,918,0.05466478906237171,new_900_extension,26092923
dcs_bw,888,True,1500,1500,0.4013333333333333,0.4,4,1590,0.05466478906237171,new_900_extension,26092923
dcs_bw,889,True,2617,2617,0.3897592663354987,0.3939625525410776,1,2722,0.05466478906237171,new_900_extension,26092923
dcs_bw,890,True,2827,2827,0.4092677750265299,0.4103289706402547,1,2907,0.05466478906237171,new_900_extension,26092923
dcs_bw,891,True,3837,3837,0.3745113369820172,0.37477195725827467,2,4183,0.05466478906237171,new_900_extension,26092923
dcs_bw,892,True,2842,2842,0.38986629134412387,0.3947923997185081,2,2965,0.05466478906237171,new_900_extension,26092923
dcs_bw,893,True,961,961,0.372528616024974,0.3808532778355879,1,1078,0.05466478906237171,new_900_extension,26092923
dcs_bw,894,True,779,779,0.4159178433889602,0.42618741976893454,3,784,0.05466478906237171,new_900_extension,26092923
dcs_bw,895,True,543,543,0.43830570902394106,0.4125230202578269,1,522,0.05466478906237171,new_900_extension,26092923
dcs_bw,896,True,778,778,0.4267352185089974,0.4203084832904884,2,762,0.05466478906237171,new_900_extension,26092923
dcs_bw,897,True,1407,1407,0.39872068230277186,0.40085287846481876,3,1454,0.05466478906237171,new_900_extension,26092923
dcs_bw,898,True,1828,1828,0.4152078774617068,0.40317286652078776,1,1888,0.05466478906237171,new_900_extension,26092923
dcs_bw,899,True,447,447,0.4519015659955257,0.43847874720357943,1,402,0.05466478906237171,new_900_extension,26092923
dcs_bw,900,True,2588,2588,0.40301391035548684,0.3937403400309119,5,2678,0.022540700563695282,new_900_extension,26092923
dcs_bw,901,True,596,596,0.4278523489932886,0.4412751677852349,1,576,0.022540700563695282,new_900_extension,26092923
dcs_bw,902,True,1985,1985,0.40906801007556676,0.40151133501259445,1,2066,0.022540700563695282,new_900_extension,26092923
dcs_bw,903,True,790,790,0.37721518987341773,0.37088607594936707,1,876,0.022540700563695282,new_900_extension,26092923
dcs_bw,904,True,1287,1287,0.3947163947163947,0.38694638694638694,1,1308,0.022540700563695282,new_900_extension,26092923
dcs_bw,905,True,808,808,0.41336633663366334,0.40222772277227725,4,840,0.022540700563695282,new_900_extension,26092923
dcs_bw,906,True,1051,1051,0.40532825880114176,0.4081826831588963,8,1056,0.022540700563695282,new_900_extension,26092923
dcs_bw,907,True,1578,1578,0.4055766793409379,0.4112801013941698,2,1595,0.022540700563695282,new_900_extension,26092923
dcs_bw,908,True,824,824,0.39805825242718446,0.39563106796116504,2,877,0.022540700563695282,new_900_extension,26092923
dcs_bw,909,True,3469,3469,0.39377342173537044,0.393485154223119,1,3668,0.022540700563695282,new_900_extension,26092923
dcs_bw,910,True,981,981,0.37920489296636084,0.382262996941896,3,1077,0.022540700563695282,new_900_extension,26092923
dcs_bw,911,True,2094,2094,0.38108882521489973,0.3853868194842407,2,2156,0.022540700563695282,new_900_extension,26092923
dcs_bw,912,True,2342,2342,0.38300597779675494,0.3783091374893254,3,2568,0.022540700563695282,new_900_extension,26092923
dcs_bw,913,True,829,829,0.36308805790108567,0.36670687575392036,3,920,0.022540700563695282,new_900_extension,26092923
dcs_bw,914,True,685,685,0.4043795620437956,0.4116788321167883,1,679,0.022540700563695282,new_900_extension,26092923
dcs_bw,915,True,2203,2203,0.3749432591920109,0.38447571493418065,6,2350,0.022540700563695282,new_900_extension,26092923
dcs_bw,916,True,458,458,0.3799126637554585,0.38427947598253276,3,502,0.03624065887561301,new_900_extension,26092923
dcs_bw,917,True,324,324,0.3487654320987654,0.3425925925925926,1,343,0.03624065887561301,new_900_extension,26092923
dcs_bw,918,True,1236,1236,0.38754045307443363,0.3851132686084142,2,1336,0.03624065887561301,new_900_extension,26092923
dcs_bw,919,True,2325,2325,0.3875268817204301,0.3849462365591398,1,2554,0.03624065887561301,new_900_extension,26092923
dcs_bw,920,True,5407,5407,0.40392084335121137,0.4028111707046421,4,5667,0.03624065887561301,new_900_extension,26092923
dcs_bw,921,True,986,986,0.385395537525355,0.3813387423935091,3,1075,0.03624065887561301,new_900_extension,26092923
dcs_bw,922,True,2131,2131,0.3833880807132802,0.38104176442984516,2,2290,0.03624065887561301,new_900_extension,26092923
dcs_bw,923,True,2657,2657,0.41287165976665413,0.4102371095220173,3,2742,0.03624065887561301,new_900_extension,26092923
dcs_bw,924,True,3290,3290,0.3832826747720365,0.3905775075987842,1,3426,0.03624065887561301,new_900_extension,26092923
dcs_bw,925,True,1253,1253,0.38786911412609737,0.3950518754988029,2,1315,0.03624065887561301,new_900_extension,26092923
dcs_bw,926,True,1265,1265,0.38735177865612647,0.3905138339920949,1,1314,0.03624065887561301,new_900_extension,26092923
dcs_bw,927,True,588,588,0.3435374149659864,0.3520408163265306,1,698,0.03624065887561301,new_900_extension,26092923
dcs_bw,928,True,1288,1288,0.38354037267080743,0.3951863354037267,4,1343,0.03624065887561301,new_900_extension,26092923
dcs_bw,929,True,426,426,0.4131455399061033,0.39436619718309857,1,412,0.03624065887561301,new_900_extension,26092923
dcs_bw,930,True,1356,1356,0.3687315634218289,0.3606194690265487,1,1498,0.03624065887561301,new_900_extension,26092923
dcs_bw,931,True,1466,1466,0.4433833560709413,0.45566166439290584,1,1403,0.03624065887561301,new_900_extension,26092923
dcs_bw,932,True,1094,1094,0.3912248628884826,0.3939670932358318,1,1152,0.02289486981317168,new_900_extension,26092923
dcs_bw,933,True,2434,2434,0.35949055053410023,0.352506162695152,1,2738,0.02289486981317168,new_900_extension,26092923
dcs_bw,934,True,1276,1276,0.4051724137931034,0.4059561128526646,1,1266,0.02289486981317168,new_900_extension,26092923
dcs_bw,935,True,662,662,0.3942598187311178,0.3987915407854985,1,690,0.02289486981317168,new_900_extension,26092923
dcs_bw,936,True,1522,1522,0.41130091984231276,0.4191852825229961,2,1548,0.02289486981317168,new_900_extension,26092923
dcs_bw,937,True,2301,2301,0.3915688830943068,0.3854845719252499,2,2455,0.02289486981317168,new_900_extension,26092923
dcs_bw,938,True,1661,1661,0.34136062612883805,0.3534015653220951,4,1899,0.02289486981317168,new_900_extension,26092923
dcs_bw,939,True,1309,1309,0.40641711229946526,0.413292589763178,4,1358,0.02289486981317168,new_900_extension,26092923
dcs_bw,940,True,1856,1856,0.3577586206896552,0.36961206896551724,4,2025,0.02289486981317168,new_900_extension,26092923
dcs_bw,941,True,1387,1387,0.3835616438356164,0.38139870223503963,4,1488,0.02289486981317168,new_900_extension,26092923
dcs_bw,942,True,1321,1321,0.4118092354277063,0.4140802422407267,2,1346,0.02289486981317168,new_900_extension,26092923
dcs_bw,943,True,3622,3622,0.3774157923799006,0.38210933186085033,7,3846,0.02289486981317168,new_900_extension,26092923
dcs_bw,944,True,638,638,0.3385579937304075,0.35893416927899685,5,703,0.02289486981317168,new_900_extension,26092923
dcs_bw,945,True,1373,1373,0.40203932993445013,0.4013109978150036,2,1431,0.02289486981317168,new_900_extension,26092923
dcs_bw,946,True,1666,1666,0.40396158463385357,0.40456182472989194,3,1729,0.02289486981317168,new_900_extension,26092923
dcs_bw,947,True,481,481,0.4677754677754678,0.4573804573804574,1,437,0.02289486981317168,new_900_extension,26092923
dcs_bw,948,True,3563,3563,0.3861914117316868,0.38927869772663487,1,3815,0.022137096375445253,new_900_extension,26092923
dcs_bw,949,True,944,944,0.3866525423728814,0.3697033898305085,1,957,0.022137096375445253,new_900_extension,26092923
dcs_bw,950,True,1991,1991,0.3962832747363134,0.38623807132094423,1,2092,0.022137096375445253,new_900_extension,26092923
dcs_bw,951,True,1398,1398,0.43276108726752505,0.4363376251788269,3,1366,0.022137096375445253,new_900_extension,26092923
dcs_bw,952,True,618,618,0.3851132686084142,0.3851132686084142,2,687,0.022137096375445253,new_900_extension,26092923
dcs_bw,953,True,1844,1844,0.37310195227765725,0.36496746203904556,3,1981,0.022137096375445253,new_900_extension,26092923
dcs_bw,954,True,928,928,0.3588362068965517,0.38146551724137934,1,1019,0.022137096375445253,new_900_extension,26092923
dcs_bw,955,True,988,988,0.402834008097166,0.3917004048582996,2,1002,0.022137096375445253,new_900_extension,26092923
dcs_bw,956,True,1440,1440,0.41805555555555557,0.42777777777777776,5,1432,0.022137096375445253,new_900_extension,26092923
dcs_bw,957,True,783,783,0.38569604086845466,0.3652618135376756,1,838,0.022137096375445253,new_900_extension,26092923
dcs_bw,958,True,1602,1602,0.40574282147315854,0.4019975031210986,1,1635,0.022137096375445253,new_900_extension,26092923
dcs_bw,959,True,1712,1712,0.3983644859813084,0.3983644859813084,8,1811,0.022137096375445253,new_900_extension,26092923
dcs_bw,960,True,335,335,0.3761194029850746,0.3880597014925373,9,349,0.022137096375445253,new_900_extension,26092923
dcs_bw,961,True,698,698,0.3839541547277937,0.3653295128939828,1,772,0.022137096375445253,new_900_extension,26092923
dcs_bw,962,True,2818,2818,0.4024130589070263,0.3985095812633073,1,2962,0.022137096375445253,new_900_extension,26092923
dcs_bw,963,True,1670,1670,0.362874251497006,0.36347305389221557,1,1844,0.022137096375445253,new_900_extension,26092923
dcs_bw,964,True,1202,1202,0.4084858569051581,0.4301164725457571,1,1224,0.014349585937452503,new_900_extension,26092923
dcs_bw,965,True,1420,1420,0.3704225352112676,0.3676056338028169,1,1487,0.014349585937452503,new_900_extension,26092923
dcs_bw,966,True,1733,1733,0.376803231390652,0.36757068667051357,1,1880,0.014349585937452503,new_900_extension,26092923
dcs_bw,967,True,716,716,0.40083798882681565,0.3854748603351955,1,742,0.014349585937452503,new_900_extension,26092923
dcs_bw,968,True,1700,1700,0.4288235294117647,0.43176470588235294,3,1702,0.014349585937452503,new_900_extension,26092923
dcs_bw,969,True,1421,1421,0.4095707248416608,0.40816326530612246,2,1429,0.014349585937452503,new_900_extension,26092923
dcs_bw,970,True,2127,2127,0.4010343206393982,0.40432534085566524,1,2266,0.014349585937452503,new_900_extension,26092923
dcs_bw,971,True,732,732,0.4098360655737705,0.41120218579234974,1,768,0.014349585937452503,new_900_extension,26092923
dcs_bw,972,True,1448,1448,0.4185082872928177,0.4102209944751381,1,1459,0.014349585937452503,new_900_extension,26092923
dcs_bw,973,True,1440,1440,0.39861111111111114,0.39375,9,1528,0.014349585937452503,new_900_extension,26092923
dcs_bw,974,True,900,900,0.37333333333333335,0.3844444444444444,2,929,0.014349585937452503,new_900_extension,26092923
dcs_bw,975,True,800,800,0.36375,0.36875,1,882,0.014349585937452503,new_900_extension,26092923
dcs_bw,976,True,1329,1329,0.4108352144469526,0.40632054176072235,3,1384,0.014349585937452503,new_900_extension,26092923
dcs_bw,977,True,1864,1864,0.40396995708154504,0.4028969957081545,1,1952,0.014349585937452503,new_900_extension,26092923
dcs_bw,978,True,2207,2207,0.4105120072496602,0.4154961486180335,2,2249,0.014349585937452503,new_900_extension,26092923
dcs_bw,979,True,1762,1762,0.39160045402951194,0.3927355278093076,4,1892,0.014349585937452503,new_900_extension,26092923
dcs_bw,980,True,2695,2695,0.37922077922077924,0.3773654916512059,1,2926,0.043308843749400694,new_900_extension,26092923
dcs_bw,981,True,837,837,0.3930704898446834,0.3870967741935484,1,810,0.043308843749400694,new_900_extension,26092923
dcs_bw,982,True,2970,2970,0.39764309764309763,0.4003367003367003,4,3058,0.043308843749400694,new_900_extension,26092923
dcs_bw,983,True,564,564,0.40070921985815605,0.375886524822695,1,573,0.043308843749400694,new_900_extension,26092923
dcs_bw,984,True,1468,1468,0.3807901907356948,0.3896457765667575,1,1598,0.043308843749400694,new_900_extension,26092923
dcs_bw,985,True,710,710,0.4323943661971831,0.4197183098591549,1,701,0.043308843749400694,new_900_extension,26092923
dcs_bw,986,True,741,741,0.37516869095816463,0.37112010796221323,2,760,0.043308843749400694,new_900_extension,26092923
dcs_bw,987,True,1611,1611,0.4016139044072005,0.399130974549969,2,1706,0.043308843749400694,new_900_extension,26092923
dcs_bw,988,True,5454,5454,0.40355702236890356,0.40722405573890724,1,5690,0.043308843749400694,new_900_extension,26092923
dcs_bw,989,True,1610,1610,0.3950310559006211,0.39751552795031053,1,1655,0.043308843749400694,new_900_extension,26092923
dcs_bw,990,True,552,552,0.3786231884057971,0.37681159420289856,1,620,0.043308843749400694,new_900_extension,26092923
dcs_bw,991,True,1126,1126,0.3827708703374778,0.38188277087033745,1,1223,0.043308843749400694,new_900_extension,26092923
dcs_bw,992,True,2715,2715,0.4162062615101289,0.4151012891344383,5,2813,0.043308843749400694,new_900_extension,26092923
dcs_bw,993,True,1091,1091,0.39688359303391385,0.3996333638863428,3,1125,0.043308843749400694,new_900_extension,26092923
dcs_bw,994,True,969,969,0.4293085655314757,0.40970072239422084,1,938,0.043308843749400694,new_900_extension,26092923
dcs_bw,995,True,1361,1361,0.4011756061719324,0.3967670830271859,5,1357,0.043308843749400694,new_900_extension,26092923
dcs_bw,996,True,1569,1569,0.3932441045251753,0.397068196303378,5,1711,0.13617683324991958,new_900_extension,26092923
dcs_bw,997,True,4167,4167,0.39788816894648427,0.39452843772498203,1,4354,0.13617683324991958,new_900_extension,26092923
dcs_bw,998,True,1790,1790,0.3893854748603352,0.3804469273743017,1,1909,0.13617683324991958,new_900_extension,26092923
dcs_bw,999,True,3924,3924,0.40468909276248727,0.4041794087665647,1,3912,0.13617683324991958,new_900_extension,26092923
