method,replicate,met,meeting_time,iterations,acceptance_rate_chain1,acceptance_rate_chain2,proposal_meetings,boundary_rejections,elapsed_seconds,provenance,seed
scs,0,True,9,9,0.6666666666666666,0.6666666666666666,1,0,0.07921323962364113,new_scs_vi_1000,26092913
scs,1,True,27,27,0.5555555555555556,0.5925925925925926,1,5,0.07921323962364113,new_scs_vi_1000,26092913
scs,2,True,23,23,0.2608695652173913,0.2608695652173913,4,8,0.07921323962364113,new_scs_vi_1000,26092913
scs,3,True,62,62,0.24193548387096775,0.27419354838709675,6,9,0.07921323962364113,new_scs_vi_1000,26092913
scs,4,True,34,34,0.47058823529411764,0.5588235294117647,3,9,0.07921323962364113,new_scs_vi_1000,26092913
scs,5,True,76,76,0.27631578947368424,0.27631578947368424,2,10,0.07921323962364113,new_scs_vi_1000,26092913
scs,6,True,35,35,0.5142857142857142,0.4,6,3,0.07921323962364113,new_scs_vi_1000,26092913
scs,7,True,30,30,0.3333333333333333,0.4,2,3,0.07921323962364113,new_scs_vi_1000,26092913
scs,8,True,43,43,0.37209302325581395,0.4418604651162791,1,4,0.07921323962364113,new_scs_vi_1000,26092913
scs,9,True,83,83,0.24096385542168675,0.24096385542168675,3,13,0.07921323962364113,new_scs_vi_1000,26092913
scs,10,True,17,17,0.5294117647058824,0.5882352941176471,1,2,0.07921323962364113,new_scs_vi_1000,26092913
scs,11,True,11,11,0.7272727272727273,0.8181818181818182,2,0,0.07921323962364113,new_scs_vi_1000,26092913
scs,12,True,34,34,0.5588235294117647,0.6176470588235294,1,2,0.07921323962364113,new_scs_vi_1000,26092913
scs,13,True,39,39,0.3076923076923077,0.4358974358974359,1,1,0.07921323962364113,new_scs_vi_1000,26092913
scs,14,True,21,21,0.47619047619047616,0.47619047619047616,1,0,0.07921323962364113,new_scs_vi_1000,26092913
scs,15,True,21,21,0.38095238095238093,0.38095238095238093,1,0,0.07921323962364113,new_scs_vi_1000,26092913
scs,16,True,22,22,0.5454545454545454,0.5454545454545454,2,0,0.0009826536261243746,new_scs_vi_1000,26092913
scs,17,True,20,20,0.35,0.35,1,1,0.0009826536261243746,new_scs_vi_1000,26092913
scs,18,True,85,85,0.4117647058823529,0.4235294117647059,2,15,0.0009826536261243746,new_scs_vi_1000,26092913
scs,19,True,27,27,0.2962962962962963,0.48148148148148145,1,9,0.0009826536261243746,new_scs_vi_1000,26092913
scs,20,True,31,31,0.5806451612903226,0.5483870967741935,1,5,0.0009826536261243746,new_scs_vi_1000,26092913
scs,21,True,55,55,0.43636363636363634,0.41818181818181815,1,6,0.0009826536261243746,new_scs_vi_1000,26092913
scs,22,True,81,81,0.37037037037037035,0.32098765432098764,3,20,0.0009826536261243746,new_scs_vi_1000,26092913
scs,23,True,59,59,0.22033898305084745,0.22033898305084745,7,0,0.0009826536261243746,new_scs_vi_1000,26092913
scs,24,True,22,22,0.4090909090909091,0.45454545454545453,5,4,0.0009826536261243746,new_scs_vi_1000,26092913
scs,25,True,26,26,0.4230769230769231,0.46153846153846156,3,0,0.0009826536261243746,new_scs_vi_1000,26092913
scs,26,True,87,87,0.40229885057471265,0.367816091954023,3,14,0.0009826536261243746,new_scs_vi_1000,26092913
scs,27,True,62,62,0.45161290322580644,0.43548387096774194,7,2,0.0009826536261243746,new_scs_vi_1000,26092913
scs,28,True,19,19,0.42105263157894735,0.42105263157894735,4,5,0.0009826536261243746,new_scs_vi_1000,26092913
scs,29,True,15,15,0.5333333333333333,0.4,2,0,0.0009826536261243746,new_scs_vi_1000,26092913
scs,30,True,23,23,0.6521739130434783,0.5652173913043478,1,0,0.0009826536261243746,new_scs_vi_1000,26092913
scs,31,True,42,42,0.35714285714285715,0.38095238095238093,7,8,0.0009826536261243746,new_scs_vi_1000,26092913
scs,32,True,58,58,0.41379310344827586,0.46551724137931033,7,0,0.0007068098748277407,new_scs_vi_1000,26092913
scs,33,True,7,7,0.7142857142857143,0.7142857142857143,1,0,0.0007068098748277407,new_scs_vi_1000,26092913
scs,34,True,57,57,0.43859649122807015,0.2807017543859649,1,16,0.0007068098748277407,new_scs_vi_1000,26092913
scs,35,True,47,47,0.3829787234042553,0.5106382978723404,4,6,0.0007068098748277407,new_scs_vi_1000,26092913
scs,36,True,55,55,0.41818181818181815,0.36363636363636365,4,8,0.0007068098748277407,new_scs_vi_1000,26092913
scs,37,True,26,26,0.46153846153846156,0.46153846153846156,2,1,0.0007068098748277407,new_scs_vi_1000,26092913
scs,38,True,15,15,0.5333333333333333,0.5333333333333333,1,2,0.0007068098748277407,new_scs_vi_1000,26092913
scs,39,True,17,17,0.5882352941176471,0.5294117647058824,3,0,0.0007068098748277407,new_scs_vi_1000,26092913
scs,40,True,70,70,0.38571428571428573,0.37142857142857144,3,5,0.0007068098748277407,new_scs_vi_1000,26092913
scs,41,True,26,26,0.46153846153846156,0.46153846153846156,2,7,0.0007068098748277407,new_scs_vi_1000,26092913
scs,42,True,31,31,0.3548387096774194,0.3548387096774194,3,2,0.0007068098748277407,new_scs_vi_1000,26092913
scs,43,True,41,41,0.24390243902439024,0.2682926829268293,7,4,0.0007068098748277407,new_scs_vi_1000,26092913
scs,44,True,79,79,0.2911392405063291,0.3291139240506329,5,9,0.0007068098748277407,new_scs_vi_1000,26092913
scs,45,True,42,42,0.38095238095238093,0.42857142857142855,8,3,0.0007068098748277407,new_scs_vi_1000,26092913
scs,46,True,39,39,0.4358974358974359,0.5128205128205128,2,8,0.0007068098748277407,new_scs_vi_1000,26092913
scs,47,True,45,45,0.4444444444444444,0.4444444444444444,1,5,0.0007068098748277407,new_scs_vi_1000,26092913
scs,48,True,39,39,0.28205128205128205,0.2564102564102564,2,7,0.0006865546893095598,new_scs_vi_1000,26092913
scs,49,True,35,35,0.2857142857142857,0.5142857142857142,1,6,0.0006865546893095598,new_scs_vi_1000,26092913
scs,50,True,43,43,0.3953488372093023,0.37209302325581395,3,5,0.0006865546893095598,new_scs_vi_1000,26092913
scs,51,True,23,23,0.5652173913043478,0.5652173913043478,2,2,0.0006865546893095598,new_scs_vi_1000,26092913
scs,52,True,59,59,0.423728813559322,0.3559322033898305,3,9,0.0006865546893095598,new_scs_vi_1000,26092913
scs,53,True,16,16,0.5625,0.625,1,3,0.0006865546893095598,new_scs_vi_1000,26092913
scs,54,True,43,43,0.5348837209302325,0.4883720930232558,1,8,0.0006865546893095598,new_scs_vi_1000,26092913
scs,55,True,71,71,0.28169014084507044,0.323943661971831,10,6,0.0006865546893095598,new_scs_vi_1000,26092913
scs,56,True,28,28,0.5714285714285714,0.6785714285714286,1,4,0.0006865546893095598,new_scs_vi_1000,26092913
scs,57,True,47,47,0.44680851063829785,0.40425531914893614,3,5,0.0006865546893095598,new_scs_vi_1000,26092913
scs,58,True,54,54,0.25925925925925924,0.24074074074074073,1,11,0.0006865546893095598,new_scs_vi_1000,26092913
scs,59,True,16,16,0.375,0.375,1,0,0.0006865546893095598,new_scs_vi_1000,26092913
scs,60,True,23,23,0.4782608695652174,0.4782608695652174,1,0,0.0006865546893095598,new_scs_vi_1000,26092913
scs,61,True,13,13,0.5384615384615384,0.6153846153846154,1,0,0.0006865546893095598,new_scs_vi_1000,26092913
scs,62,True,15,15,0.5333333333333333,0.6,1,1,0.0006865546893095598,new_scs_vi_1000,26092913
scs,63,True,40,40,0.45,0.425,3,9,0.0006865546893095598,new_scs_vi_1000,26092913
scs,64,True,30,30,0.3333333333333333,0.4666666666666667,1,4,0.0008781849392107688,new_scs_vi_1000,26092913
scs,65,True,17,17,0.5294117647058824,0.5294117647058824,2,0,0.0008781849392107688,new_scs_vi_1000,26092913
scs,66,True,24,24,0.3333333333333333,0.3333333333333333,2,0,0.0008781849392107688,new_scs_vi_1000,26092913
scs,67,True,103,103,0.2815533980582524,0.4174757281553398,2,4,0.0008781849392107688,new_scs_vi_1000,26092913
scs,68,True,17,17,0.4117647058823529,0.5882352941176471,1,0,0.0008781849392107688,new_scs_vi_1000,26092913
scs,69,True,51,51,0.3137254901960784,0.35294117647058826,2,6,0.0008781849392107688,new_scs_vi_1000,26092913
scs,70,True,22,22,0.5909090909090909,0.5454545454545454,3,7,0.0008781849392107688,new_scs_vi_1000,26092913
scs,71,True,22,22,0.36363636363636365,0.4090909090909091,2,1,0.0008781849392107688,new_scs_vi_1000,26092913
scs,72,True,28,28,0.4642857142857143,0.5,2,0,0.0008781849392107688,new_scs_vi_1000,26092913
scs,73,True,38,38,0.6578947368421053,0.5,3,1,0.0008781849392107688,new_scs_vi_1000,26092913
scs,74,True,29,29,0.41379310344827586,0.3793103448275862,1,4,0.0008781849392107688,new_scs_vi_1000,26092913
scs,75,True,40,40,0.575,0.425,1,1,0.0008781849392107688,new_scs_vi_1000,26092913
scs,76,True,29,29,0.3103448275862069,0.3448275862068966,1,0,0.0008781849392107688,new_scs_vi_1000,26092913
scs,77,True,13,13,0.6923076923076923,0.6923076923076923,1,0,0.0008781849392107688,new_scs_vi_1000,26092913
scs,78,True,21,21,0.38095238095238093,0.38095238095238093,6,0,0.0008781849392107688,new_scs_vi_1000,26092913
scs,79,True,16,16,0.625,0.5625,2,0,0.0008781849392107688,new_scs_vi_1000,26092913
scs,80,True,41,41,0.3170731707317073,0.5365853658536586,2,9,0.0009319322489318438,new_scs_vi_1000,26092913
scs,81,True,12,12,0.6666666666666666,0.6666666666666666,1,4,0.0009319322489318438,new_scs_vi_1000,26092913
scs,82,True,26,26,0.5,0.5769230769230769,1,2,0.0009319322489318438,new_scs_vi_1000,26092913
scs,83,True,20,20,0.5,0.5,1,0,0.0009319322489318438,new_scs_vi_1000,26092913
scs,84,True,62,62,0.4838709677419355,0.4032258064516129,4,3,0.0009319322489318438,new_scs_vi_1000,26092913
scs,85,True,70,70,0.35714285714285715,0.38571428571428573,3,3,0.0009319322489318438,new_scs_vi_1000,26092913
scs,86,True,58,58,0.25862068965517243,0.27586206896551724,2,8,0.0009319322489318438,new_scs_vi_1000,26092913
scs,87,True,35,35,0.5714285714285714,0.4857142857142857,2,4,0.0009319322489318438,new_scs_vi_1000,26092913
scs,88,True,64,64,0.296875,0.4375,2,15,0.0009319322489318438,new_scs_vi_1000,26092913
scs,89,True,20,20,0.5,0.45,2,4,0.0009319322489318438,new_scs_vi_1000,26092913
scs,90,True,59,59,0.4745762711864407,0.423728813559322,1,7,0.0009319322489318438,new_scs_vi_1000,26092913
scs,91,True,115,115,0.391304347826087,0.40869565217391307,3,21,0.0009319322489318438,new_scs_vi_1000,26092913
scs,92,True,22,22,0.36363636363636365,0.4090909090909091,1,1,0.0009319322489318438,new_scs_vi_1000,26092913
scs,93,True,26,26,0.34615384615384615,0.34615384615384615,5,0,0.0009319322489318438,new_scs_vi_1000,26092913
scs,94,True,71,71,0.4647887323943662,0.39436619718309857,1,14,0.0009319322489318438,new_scs_vi_1000,26092913
scs,95,True,32,32,0.375,0.53125,1,4,0.0009319322489318438,new_scs_vi_1000,26092913
scs,96,True,38,38,0.3157894736842105,0.5,2,2,0.000759065125748748,new_scs_vi_1000,26092913
scs,97,True,20,20,0.65,0.65,1,3,0.000759065125748748,new_scs_vi_1000,26092913
scs,98,True,89,89,0.34831460674157305,0.39325842696629215,3,16,0.000759065125748748,new_scs_vi_1000,26092913
scs,99,True,60,60,0.4,0.35,3,11,0.000759065125748748,new_scs_vi_1000,26092913
scs,100,True,23,23,0.6521739130434783,0.5217391304347826,4,2,0.000759065125748748,new_scs_vi_1000,26092913
scs,101,True,22,22,0.45454545454545453,0.45454545454545453,1,4,0.000759065125748748,new_scs_vi_1000,26092913
scs,102,True,59,59,0.5254237288135594,0.4915254237288136,8,7,0.000759065125748748,new_scs_vi_1000,26092913
scs,103,True,90,90,0.32222222222222224,0.43333333333333335,4,14,0.000759065125748748,new_scs_vi_1000,26092913
scs,104,True,38,38,0.4473684210526316,0.47368421052631576,3,10,0.000759065125748748,new_scs_vi_1000,26092913
scs,105,True,67,67,0.2537313432835821,0.2835820895522388,8,6,0.000759065125748748,new_scs_vi_1000,26092913
scs,106,True,42,42,0.42857142857142855,0.5952380952380952,1,3,0.000759065125748748,new_scs_vi_1000,26092913
scs,107,True,40,40,0.475,0.425,1,2,0.000759065125748748,new_scs_vi_1000,26092913
scs,108,True,55,55,0.32727272727272727,0.34545454545454546,13,14,0.000759065125748748,new_scs_vi_1000,26092913
scs,109,True,29,29,0.5862068965517241,0.5862068965517241,3,0,0.000759065125748748,new_scs_vi_1000,26092913
scs,110,True,38,38,0.42105263157894735,0.42105263157894735,1,5,0.000759065125748748,new_scs_vi_1000,26092913
scs,111,True,59,59,0.3898305084745763,0.4576271186440678,1,10,0.000759065125748748,new_scs_vi_1000,26092913
scs,112,True,21,21,0.5714285714285714,0.6190476190476191,5,0,0.0006553828134201467,new_scs_vi_1000,26092913
scs,113,True,37,37,0.3783783783783784,0.3783783783783784,2,9,0.0006553828134201467,new_scs_vi_1000,26092913
scs,114,True,16,16,0.5,0.5,2,0,0.0006553828134201467,new_scs_vi_1000,26092913
scs,115,True,24,24,0.4583333333333333,0.4166666666666667,1,0,0.0006553828134201467,new_scs_vi_1000,26092913
scs,116,True,23,23,0.391304347826087,0.34782608695652173,6,2,0.0006553828134201467,new_scs_vi_1000,26092913
scs,117,True,38,38,0.42105263157894735,0.39473684210526316,1,4,0.0006553828134201467,new_scs_vi_1000,26092913
scs,118,True,20,20,0.4,0.5,1,0,0.0006553828134201467,new_scs_vi_1000,26092913
scs,119,True,78,78,0.4358974358974359,0.3717948717948718,1,0,0.0006553828134201467,new_scs_vi_1000,26092913
scs,120,True,44,44,0.25,0.25,1,2,0.0006553828134201467,new_scs_vi_1000,26092913
scs,121,True,25,25,0.48,0.56,2,3,0.0006553828134201467,new_scs_vi_1000,26092913
scs,122,True,22,22,0.4090909090909091,0.36363636363636365,2,3,0.0006553828134201467,new_scs_vi_1000,26092913
scs,123,True,48,48,0.375,0.4166666666666667,3,5,0.0006553828134201467,new_scs_vi_1000,26092913
scs,124,True,38,38,0.42105263157894735,0.5526315789473685,2,1,0.0006553828134201467,new_scs_vi_1000,26092913
scs,125,True,33,33,0.3333333333333333,0.24242424242424243,4,2,0.0006553828134201467,new_scs_vi_1000,26092913
scs,126,True,35,35,0.3142857142857143,0.37142857142857144,6,8,0.0006553828134201467,new_scs_vi_1000,26092913
scs,127,True,26,26,0.38461538461538464,0.38461538461538464,2,2,0.0006553828134201467,new_scs_vi_1000,26092913
scs,128,True,55,55,0.41818181818181815,0.3090909090909091,5,3,0.0007002526253927499,new_scs_vi_1000,26092913
scs,129,True,54,54,0.37037037037037035,0.35185185185185186,5,2,0.0007002526253927499,new_scs_vi_1000,26092913
scs,130,True,64,64,0.515625,0.375,1,12,0.0007002526253927499,new_scs_vi_1000,26092913
scs,131,True,37,37,0.32432432432432434,0.32432432432432434,1,2,0.0007002526253927499,new_scs_vi_1000,26092913
scs,132,True,24,24,0.3333333333333333,0.3333333333333333,1,4,0.0007002526253927499,new_scs_vi_1000,26092913
scs,133,True,41,41,0.3902439024390244,0.3170731707317073,2,5,0.0007002526253927499,new_scs_vi_1000,26092913
scs,134,True,17,17,0.47058823529411764,0.47058823529411764,2,3,0.0007002526253927499,new_scs_vi_1000,26092913
scs,135,True,46,46,0.391304347826087,0.41304347826086957,3,2,0.0007002526253927499,new_scs_vi_1000,26092913
scs,136,True,36,36,0.25,0.3333333333333333,3,2,0.0007002526253927499,new_scs_vi_1000,26092913
scs,137,True,21,21,0.5238095238095238,0.47619047619047616,1,6,0.0007002526253927499,new_scs_vi_1000,26092913
scs,138,True,10,10,0.6,0.7,3,2,0.0007002526253927499,new_scs_vi_1000,26092913
scs,139,True,29,29,0.4482758620689655,0.41379310344827586,1,0,0.0007002526253927499,new_scs_vi_1000,26092913
scs,140,True,47,47,0.3404255319148936,0.46808510638297873,2,3,0.0007002526253927499,new_scs_vi_1000,26092913
scs,141,True,42,42,0.40476190476190477,0.3333333333333333,1,0,0.0007002526253927499,new_scs_vi_1000,26092913
scs,142,True,31,31,0.41935483870967744,0.45161290322580644,1,0,0.0007002526253927499,new_scs_vi_1000,26092913
scs,143,True,87,87,0.39080459770114945,0.3448275862068966,3,10,0.0007002526253927499,new_scs_vi_1000,26092913
scs,144,True,13,13,0.7692307692307693,0.5384615384615384,1,1,0.001380375000735512,new_scs_vi_1000,26092913
scs,145,True,26,26,0.7692307692307693,0.5,3,2,0.001380375000735512,new_scs_vi_1000,26092913
scs,146,True,47,47,0.23404255319148937,0.23404255319148937,10,4,0.001380375000735512,new_scs_vi_1000,26092913
scs,147,True,101,101,0.40594059405940597,0.45544554455445546,5,19,0.001380375000735512,new_scs_vi_1000,26092913
scs,148,True,26,26,0.38461538461538464,0.34615384615384615,1,1,0.001380375000735512,new_scs_vi_1000,26092913
scs,149,True,55,55,0.34545454545454546,0.43636363636363634,2,7,0.001380375000735512,new_scs_vi_1000,26092913
scs,150,True,53,53,0.49056603773584906,0.3584905660377358,1,5,0.001380375000735512,new_scs_vi_1000,26092913
scs,151,True,19,19,0.7368421052631579,0.8421052631578947,1,1,0.001380375000735512,new_scs_vi_1000,26092913
scs,152,True,186,186,0.2903225806451613,0.3333333333333333,7,14,0.001380375000735512,new_scs_vi_1000,26092913
scs,153,True,10,10,0.6,0.8,1,0,0.001380375000735512,new_scs_vi_1000,26092913
scs,154,True,26,26,0.5,0.38461538461538464,1,0,0.001380375000735512,new_scs_vi_1000,26092913
scs,155,True,24,24,0.4166666666666667,0.4583333333333333,1,0,0.001380375000735512,new_scs_vi_1000,26092913
scs,156,True,12,12,0.5,0.5,2,0,0.001380375000735512,new_scs_vi_1000,26092913
scs,157,True,50,50,0.48,0.46,1,7,0.001380375000735512,new_scs_vi_1000,26092913
scs,158,True,20,20,0.4,0.35,2,0,0.001380375000735512,new_scs_vi_1000,26092913
scs,159,True,14,14,0.42857142857142855,0.42857142857142855,1,2,0.001380375000735512,new_scs_vi_1000,26092913
scs,160,True,43,43,0.5348837209302325,0.5581395348837209,3,6,0.0008351354372280184,new_scs_vi_1000,26092913
scs,161,True,31,31,0.41935483870967744,0.5161290322580645,2,3,0.0008351354372280184,new_scs_vi_1000,26092913
scs,162,True,18,18,0.5,0.5,1,0,0.0008351354372280184,new_scs_vi_1000,26092913
scs,163,True,52,52,0.38461538461538464,0.38461538461538464,3,8,0.0008351354372280184,new_scs_vi_1000,26092913
scs,164,True,25,25,0.32,0.32,2,0,0.0008351354372280184,new_scs_vi_1000,26092913
scs,165,True,15,15,0.4,0.4,3,0,0.0008351354372280184,new_scs_vi_1000,26092913
scs,166,True,30,30,0.43333333333333335,0.4,1,0,0.0008351354372280184,new_scs_vi_1000,26092913
scs,167,True,26,26,0.6538461538461539,0.5769230769230769,3,0,0.0008351354372280184,new_scs_vi_1000,26092913
scs,168,True,13,13,0.5384615384615384,0.6153846153846154,1,0,0.0008351354372280184,new_scs_vi_1000,26092913
scs,169,True,43,43,0.4883720930232558,0.46511627906976744,2,3,0.0008351354372280184,new_scs_vi_1000,26092913
scs,170,True,54,54,0.3333333333333333,0.3333333333333333,3,0,0.0008351354372280184,new_scs_vi_1000,26092913
scs,171,True,103,103,0.33980582524271846,0.5145631067961165,3,10,0.0008351354372280184,new_scs_vi_1000,26092913
scs,172,True,46,46,0.3695652173913043,0.3695652173913043,3,9,0.0008351354372280184,new_scs_vi_1000,26092913
scs,173,True,28,28,0.32142857142857145,0.32142857142857145,1,7,0.0008351354372280184,new_scs_vi_1000,26092913
scs,174,True,40,40,0.35,0.375,1,1,0.0008351354372280184,new_scs_vi_1000,26092913
scs,175,True,54,54,0.5370370370370371,0.42592592592592593,2,4,0.0008351354372280184,new_scs_vi_1000,26092913
scs,176,True,41,41,0.3170731707317073,0.3170731707317073,2,2,0.0009221562504535541,new_scs_vi_1000,26092913
scs,177,True,24,24,0.4166666666666667,0.375,1,1,0.0009221562504535541,new_scs_vi_1000,26092913
scs,178,True,34,34,0.29411764705882354,0.29411764705882354,3,3,0.0009221562504535541,new_scs_vi_1000,26092913
scs,179,True,18,18,0.3888888888888889,0.2777777777777778,1,1,0.0009221562504535541,new_scs_vi_1000,26092913
scs,180,True,35,35,0.42857142857142855,0.4857142857142857,2,0,0.0009221562504535541,new_scs_vi_1000,26092913
scs,181,True,14,14,0.6428571428571429,0.5714285714285714,1,1,0.0009221562504535541,new_scs_vi_1000,26092913
scs,182,True,21,21,0.3333333333333333,0.3333333333333333,2,0,0.0009221562504535541,new_scs_vi_1000,26092913
scs,183,True,31,31,0.2903225806451613,0.4838709677419355,1,3,0.0009221562504535541,new_scs_vi_1000,26092913
scs,184,True,48,48,0.3125,0.5208333333333334,1,12,0.0009221562504535541,new_scs_vi_1000,26092913
scs,185,True,12,12,0.5833333333333334,0.5833333333333334,3,0,0.0009221562504535541,new_scs_vi_1000,26092913
scs,186,True,26,26,0.5769230769230769,0.4230769230769231,1,0,0.0009221562504535541,new_scs_vi_1000,26092913
scs,187,True,38,38,0.47368421052631576,0.3684210526315789,1,2,0.0009221562504535541,new_scs_vi_1000,26092913
scs,188,True,18,18,0.6111111111111112,0.6666666666666666,1,2,0.0009221562504535541,new_scs_vi_1000,26092913
scs,189,True,99,99,0.3939393939393939,0.45454545454545453,4,19,0.0009221562504535541,new_scs_vi_1000,26092913
scs,190,True,117,117,0.2564102564102564,0.29914529914529914,2,22,0.0009221562504535541,new_scs_vi_1000,26092913
scs,191,True,12,12,0.5833333333333334,0.6666666666666666,1,0,0.0009221562504535541,new_scs_vi_1000,26092913
scs,192,True,54,54,0.3888888888888889,0.37037037037037035,5,9,0.0004791510618815664,new_scs_vi_1000,26092913
scs,193,True,38,38,0.34210526315789475,0.3157894736842105,2,2,0.0004791510618815664,new_scs_vi_1000,26092913
scs,194,True,51,51,0.37254901960784315,0.3137254901960784,3,9,0.0004791510618815664,new_scs_vi_1000,26092913
scs,195,True,30,30,0.43333333333333335,0.43333333333333335,4,6,0.0004791510618815664,new_scs_vi_1000,26092913
scs,196,True,18,18,0.6111111111111112,0.6666666666666666,1,0,0.0004791510618815664,new_scs_vi_1000,26092913
scs,197,True,20,20,0.65,0.55,1,3,0.0004791510618815664,new_scs_vi_1000,26092913
scs,198,True,36,36,0.4166666666666667,0.4722222222222222,1,4,0.0004791510618815664,new_scs_vi_1000,26092913
scs,199,True,46,46,0.41304347826086957,0.391304347826087,6,12,0.0004791510618815664,new_scs_vi_1000,26092913
scs,200,True,31,31,0.2903225806451613,0.3225806451612903,2,6,0.0004791510618815664,new_scs_vi_1000,26092913
scs,201,True,19,19,0.631578947368421,0.5789473684210527,1,6,0.0004791510618815664,new_scs_vi_1000,26092913
scs,202,True,11,11,0.6363636363636364,0.6363636363636364,1,1,0.0004791510618815664,new_scs_vi_1000,26092913
scs,203,True,31,31,0.4838709677419355,0.4838709677419355,2,1,0.0004791510618815664,new_scs_vi_1000,26092913
scs,204,True,26,26,0.38461538461538464,0.38461538461538464,6,8,0.0004791510618815664,new_scs_vi_1000,26092913
scs,205,True,23,23,0.391304347826087,0.43478260869565216,2,2,0.0004791510618815664,new_scs_vi_1000,26092913
scs,206,True,23,23,0.6086956521739131,0.5217391304347826,3,2,0.0004791510618815664,new_scs_vi_1000,26092913
scs,207,True,30,30,0.43333333333333335,0.43333333333333335,5,0,0.0004791510618815664,new_scs_vi_1000,26092913
scs,208,True,48,48,0.4791666666666667,0.3958333333333333,2,10,0.0012304401243454777,new_scs_vi_1000,26092913
scs,209,True,52,52,0.3269230769230769,0.38461538461538464,5,2,0.0012304401243454777,new_scs_vi_1000,26092913
scs,210,True,155,155,0.36129032258064514,0.3032258064516129,9,29,0.0012304401243454777,new_scs_vi_1000,26092913
scs,211,True,45,45,0.26666666666666666,0.3333333333333333,2,6,0.0012304401243454777,new_scs_vi_1000,26092913
scs,212,True,17,17,0.7058823529411765,0.7058823529411765,1,2,0.0012304401243454777,new_scs_vi_1000,26092913
scs,213,True,15,15,0.5333333333333333,0.6,2,5,0.0012304401243454777,new_scs_vi_1000,26092913
scs,214,True,47,47,0.3829787234042553,0.2978723404255319,4,13,0.0012304401243454777,new_scs_vi_1000,26092913
scs,215,True,42,42,0.5714285714285714,0.5238095238095238,1,2,0.0012304401243454777,new_scs_vi_1000,26092913
scs,216,True,15,15,0.6666666666666666,0.4666666666666667,1,0,0.0012304401243454777,new_scs_vi_1000,26092913
scs,217,True,82,82,0.43902439024390244,0.36585365853658536,2,8,0.0012304401243454777,new_scs_vi_1000,26092913
scs,218,True,20,20,0.5,0.4,2,0,0.0012304401243454777,new_scs_vi_1000,26092913
scs,219,True,17,17,0.5294117647058824,0.47058823529411764,1,1,0.0012304401243454777,new_scs_vi_1000,26092913
scs,220,True,51,51,0.3137254901960784,0.3137254901960784,3,11,0.0012304401243454777,new_scs_vi_1000,26092913
scs,221,True,22,22,0.45454545454545453,0.45454545454545453,1,0,0.0012304401243454777,new_scs_vi_1000,26092913
scs,222,True,32,32,0.46875,0.53125,4,1,0.0012304401243454777,new_scs_vi_1000,26092913
scs,223,True,62,62,0.3870967741935484,0.3870967741935484,3,2,0.0012304401243454777,new_scs_vi_1000,26092913
scs,224,True,42,42,0.47619047619047616,0.3333333333333333,2,0,0.0005956536260782741,new_scs_vi_1000,26092913
scs,225,True,35,35,0.4857142857142857,0.4,1,12,0.0005956536260782741,new_scs_vi_1000,26092913
scs,226,True,27,27,0.4444444444444444,0.5185185185185185,1,3,0.0005956536260782741,new_scs_vi_1000,26092913
scs,227,True,45,45,0.3333333333333333,0.3111111111111111,6,20,0.0005956536260782741,new_scs_vi_1000,26092913
scs,228,True,18,18,0.5555555555555556,0.6111111111111112,1,5,0.0005956536260782741,new_scs_vi_1000,26092913
scs,229,True,52,52,0.36538461538461536,0.4807692307692308,3,7,0.0005956536260782741,new_scs_vi_1000,26092913
scs,230,True,24,24,0.5,0.4583333333333333,1,2,0.0005956536260782741,new_scs_vi_1000,26092913
scs,231,True,51,51,0.2549019607843137,0.21568627450980393,1,0,0.0005956536260782741,new_scs_vi_1000,26092913
scs,232,True,38,38,0.4473684210526316,0.39473684210526316,1,4,0.0005956536260782741,new_scs_vi_1000,26092913
scs,233,True,23,23,0.6086956521739131,0.6521739130434783,3,4,0.0005956536260782741,new_scs_vi_1000,26092913
scs,234,True,43,43,0.4883720930232558,0.5116279069767442,3,8,0.0005956536260782741,new_scs_vi_1000,26092913
scs,235,True,70,70,0.4,0.32857142857142857,2,12,0.0005956536260782741,new_scs_vi_1000,26092913
scs,236,True,17,17,0.47058823529411764,0.5882352941176471,1,0,0.0005956536260782741,new_scs_vi_1000,26092913
scs,237,True,38,38,0.42105263157894735,0.5526315789473685,4,12,0.0005956536260782741,new_scs_vi_1000,26092913
scs,238,True,15,15,0.4666666666666667,0.4666666666666667,1,1,0.0005956536260782741,new_scs_vi_1000,26092913
scs,239,True,54,54,0.3333333333333333,0.4444444444444444,1,6,0.0005956536260782741,new_scs_vi_1000,26092913
scs,240,True,16,16,0.625,0.5625,2,0,0.0006457864365074784,new_scs_vi_1000,26092913
scs,241,True,16,16,0.625,0.6875,1,0,0.0006457864365074784,new_scs_vi_1000,26092913
scs,242,True,35,35,0.34285714285714286,0.34285714285714286,2,3,0.0006457864365074784,new_scs_vi_1000,26092913
scs,243,True,64,64,0.453125,0.46875,4,10,0.0006457864365074784,new_scs_vi_1000,26092913
scs,244,True,43,43,0.4883720930232558,0.5116279069767442,2,7,0.0006457864365074784,new_scs_vi_1000,26092913
scs,245,True,30,30,0.5,0.5666666666666667,1,0,0.0006457864365074784,new_scs_vi_1000,26092913
scs,246,True,24,24,0.4583333333333333,0.4583333333333333,2,0,0.0006457864365074784,new_scs_vi_1000,26092913
scs,247,True,27,27,0.4074074074074074,0.4074074074074074,2,0,0.0006457864365074784,new_scs_vi_1000,26092913
scs,248,True,51,51,0.4117647058823529,0.43137254901960786,4,2,0.0006457864365074784,new_scs_vi_1000,26092913
scs,249,True,74,74,0.35135135135135137,0.43243243243243246,5,4,0.0006457864365074784,new_scs_vi_1000,26092913
scs,250,True,22,22,0.7272727272727273,0.5909090909090909,1,2,0.0006457864365074784,new_scs_vi_1000,26092913
scs,251,True,16,16,0.625,0.6875,1,2,0.0006457864365074784,new_scs_vi_1000,26092913
scs,252,True,73,73,0.2054794520547945,0.2602739726027397,5,3,0.0006457864365074784,new_scs_vi_1000,26092913
scs,253,True,43,43,0.4418604651162791,0.3488372093023256,1,7,0.0006457864365074784,new_scs_vi_1000,26092913
scs,254,True,30,30,0.36666666666666664,0.3,1,14,0.0006457864365074784,new_scs_vi_1000,26092913
scs,255,True,24,24,0.5416666666666666,0.4583333333333333,1,0,0.0006457864365074784,new_scs_vi_1000,26092913
scs,256,True,62,62,0.3870967741935484,0.3548387096774194,1,8,0.0007184765636338852,new_scs_vi_1000,26092913
scs,257,True,64,64,0.359375,0.28125,7,4,0.0007184765636338852,new_scs_vi_1000,26092913
scs,258,True,13,13,0.6153846153846154,0.6923076923076923,1,0,0.0007184765636338852,new_scs_vi_1000,26092913
scs,259,True,63,63,0.38095238095238093,0.3968253968253968,3,3,0.0007184765636338852,new_scs_vi_1000,26092913
scs,260,True,69,69,0.3333333333333333,0.3333333333333333,5,3,0.0007184765636338852,new_scs_vi_1000,26092913
scs,261,True,55,55,0.2727272727272727,0.21818181818181817,10,15,0.0007184765636338852,new_scs_vi_1000,26092913
scs,262,True,43,43,0.4418604651162791,0.46511627906976744,3,8,0.0007184765636338852,new_scs_vi_1000,26092913
scs,263,True,85,85,0.3176470588235294,0.4117647058823529,2,12,0.0007184765636338852,new_scs_vi_1000,26092913
scs,264,True,68,68,0.4852941176470588,0.39705882352941174,5,6,0.0007184765636338852,new_scs_vi_1000,26092913
scs,265,True,45,45,0.4444444444444444,0.5333333333333333,1,8,0.0007184765636338852,new_scs_vi_1000,26092913
scs,266,True,22,22,0.36363636363636365,0.4090909090909091,3,2,0.0007184765636338852,new_scs_vi_1000,26092913
scs,267,True,42,42,0.6428571428571429,0.5,1,0,0.0007184765636338852,new_scs_vi_1000,26092913
scs,268,True,27,27,0.4074074074074074,0.3333333333333333,2,0,0.0007184765636338852,new_scs_vi_1000,26092913
scs,269,True,30,30,0.4666666666666667,0.4,1,4,0.0007184765636338852,new_scs_vi_1000,26092913
scs,270,True,20,20,0.45,0.55,2,2,0.0007184765636338852,new_scs_vi_1000,26092913
scs,271,True,18,18,0.3333333333333333,0.3333333333333333,1,2,0.0007184765636338852,new_scs_vi_1000,26092913
scs,272,True,50,50,0.42,0.54,2,11,0.000535960938577773,new_scs_vi_1000,26092913
scs,273,True,33,33,0.45454545454545453,0.3333333333333333,1,5,0.000535960938577773,new_scs_vi_1000,26092913
scs,274,True,20,20,0.4,0.45,1,0,0.000535960938577773,new_scs_vi_1000,26092913
scs,275,True,29,29,0.3793103448275862,0.4827586206896552,2,3,0.000535960938577773,new_scs_vi_1000,26092913
scs,276,True,44,44,0.5,0.6136363636363636,1,5,0.000535960938577773,new_scs_vi_1000,26092913
scs,277,True,23,23,0.391304347826087,0.6086956521739131,2,0,0.000535960938577773,new_scs_vi_1000,26092913
scs,278,True,28,28,0.42857142857142855,0.42857142857142855,1,0,0.000535960938577773,new_scs_vi_1000,26092913
scs,279,True,63,63,0.3333333333333333,0.3492063492063492,2,5,0.000535960938577773,new_scs_vi_1000,26092913
scs,280,True,46,46,0.45652173913043476,0.5217391304347826,3,6,0.000535960938577773,new_scs_vi_1000,26092913
scs,281,True,15,15,0.5333333333333333,0.4666666666666667,2,1,0.000535960938577773,new_scs_vi_1000,26092913
scs,282,True,19,19,0.6842105263157895,0.5263157894736842,2,2,0.000535960938577773,new_scs_vi_1000,26092913
scs,283,True,14,14,0.5714285714285714,0.35714285714285715,1,0,0.000535960938577773,new_scs_vi_1000,26092913
scs,284,True,16,16,0.5625,0.6875,1,3,0.000535960938577773,new_scs_vi_1000,26092913
scs,285,True,20,20,0.3,0.4,4,4,0.000535960938577773,new_scs_vi_1000,26092913
scs,286,True,36,36,0.19444444444444445,0.2222222222222222,12,2,0.000535960938577773,new_scs_vi_1000,26092913
scs,287,True,21,21,0.47619047619047616,0.38095238095238093,6,9,0.000535960938577773,new_scs_vi_1000,26092913
scs,288,True,55,55,0.4909090909090909,0.45454545454545453,4,6,0.0009850833121163305,new_scs_vi_1000,26092913
scs,289,True,28,28,0.5,0.5714285714285714,1,1,0.0009850833121163305,new_scs_vi_1000,26092913
scs,290,True,124,124,0.2661290322580645,0.33064516129032256,11,15,0.0009850833121163305,new_scs_vi_1000,26092913
scs,291,True,59,59,0.4067796610169492,0.423728813559322,4,4,0.0009850833121163305,new_scs_vi_1000,26092913
scs,292,True,30,30,0.5333333333333333,0.36666666666666664,4,4,0.0009850833121163305,new_scs_vi_1000,26092913
scs,293,True,73,73,0.3972602739726027,0.3561643835616438,6,4,0.0009850833121163305,new_scs_vi_1000,26092913
scs,294,True,15,15,0.7333333333333333,0.7333333333333333,1,0,0.0009850833121163305,new_scs_vi_1000,26092913
scs,295,True,64,64,0.296875,0.359375,1,3,0.0009850833121163305,new_scs_vi_1000,26092913
scs,296,True,115,115,0.1565217391304348,0.21739130434782608,3,9,0.0009850833121163305,new_scs_vi_1000,26092913
scs,297,True,44,44,0.4090909090909091,0.45454545454545453,2,17,0.0009850833121163305,new_scs_vi_1000,26092913
scs,298,True,33,33,0.42424242424242425,0.36363636363636365,1,3,0.0009850833121163305,new_scs_vi_1000,26092913
scs,299,True,110,110,0.35454545454545455,0.36363636363636365,8,14,0.0009850833121163305,new_scs_vi_1000,26092913
scs,300,True,29,29,0.5172413793103449,0.3448275862068966,1,5,0.0009850833121163305,new_scs_vi_1000,26092913
scs,301,True,59,59,0.3898305084745763,0.4067796610169492,3,3,0.0009850833121163305,new_scs_vi_1000,26092913
scs,302,True,8,8,1.0,1.0,1,0,0.0009850833121163305,new_scs_vi_1000,26092913
scs,303,True,116,116,0.4482758620689655,0.4396551724137931,5,9,0.0009850833121163305,new_scs_vi_1000,26092913
scs,304,True,38,38,0.34210526315789475,0.3157894736842105,4,17,0.0011226874994463287,new_scs_vi_1000,26092913
scs,305,True,101,101,0.3465346534653465,0.44554455445544555,3,23,0.0011226874994463287,new_scs_vi_1000,26092913
scs,306,True,79,79,0.46835443037974683,0.46835443037974683,3,8,0.0011226874994463287,new_scs_vi_1000,26092913
scs,307,True,95,95,0.45263157894736844,0.37894736842105264,3,10,0.0011226874994463287,new_scs_vi_1000,26092913
scs,308,True,59,59,0.3728813559322034,0.3559322033898305,2,9,0.0011226874994463287,new_scs_vi_1000,26092913
scs,309,True,50,50,0.54,0.48,2,11,0.0011226874994463287,new_scs_vi_1000,26092913
scs,310,True,27,27,0.3333333333333333,0.4444444444444444,1,4,0.0011226874994463287,new_scs_vi_1000,26092913
scs,311,True,41,41,0.4146341463414634,0.4146341463414634,4,4,0.0011226874994463287,new_scs_vi_1000,26092913
scs,312,True,12,12,0.8333333333333334,0.8333333333333334,1,0,0.0011226874994463287,new_scs_vi_1000,26092913
scs,313,True,38,38,0.3684210526315789,0.5,1,2,0.0011226874994463287,new_scs_vi_1000,26092913
scs,314,True,28,28,0.5357142857142857,0.4642857142857143,1,2,0.0011226874994463287,new_scs_vi_1000,26092913
scs,315,True,28,28,0.4642857142857143,0.6428571428571429,1,4,0.0011226874994463287,new_scs_vi_1000,26092913
scs,316,True,71,71,0.4084507042253521,0.4225352112676056,4,10,0.0011226874994463287,new_scs_vi_1000,26092913
scs,317,True,70,70,0.4857142857142857,0.38571428571428573,7,2,0.0011226874994463287,new_scs_vi_1000,26092913
scs,318,True,142,142,0.4225352112676056,0.352112676056338,3,11,0.0011226874994463287,new_scs_vi_1000,26092913
scs,319,True,21,21,0.38095238095238093,0.3333333333333333,9,2,0.0011226874994463287,new_scs_vi_1000,26092913
scs,320,True,47,47,0.44680851063829785,0.5319148936170213,4,6,0.001349236936221132,new_scs_vi_1000,26092913
scs,321,True,36,36,0.3055555555555556,0.2222222222222222,6,4,0.001349236936221132,new_scs_vi_1000,26092913
scs,322,True,42,42,0.38095238095238093,0.42857142857142855,4,12,0.001349236936221132,new_scs_vi_1000,26092913
scs,323,True,29,29,0.41379310344827586,0.41379310344827586,4,0,0.001349236936221132,new_scs_vi_1000,26092913
scs,324,True,27,27,0.5185185185185185,0.48148148148148145,2,0,0.001349236936221132,new_scs_vi_1000,26092913
scs,325,True,23,23,0.34782608695652173,0.34782608695652173,2,0,0.001349236936221132,new_scs_vi_1000,26092913
scs,326,True,68,68,0.4117647058823529,0.4264705882352941,5,5,0.001349236936221132,new_scs_vi_1000,26092913
scs,327,True,26,26,0.46153846153846156,0.38461538461538464,1,3,0.001349236936221132,new_scs_vi_1000,26092913
scs,328,True,23,23,0.4782608695652174,0.6086956521739131,1,0,0.001349236936221132,new_scs_vi_1000,26092913
scs,329,True,29,29,0.5172413793103449,0.5517241379310345,3,2,0.001349236936221132,new_scs_vi_1000,26092913
scs,330,True,21,21,0.47619047619047616,0.42857142857142855,2,0,0.001349236936221132,new_scs_vi_1000,26092913
scs,331,True,18,18,0.5555555555555556,0.4444444444444444,1,2,0.001349236936221132,new_scs_vi_1000,26092913
scs,332,True,41,41,0.2682926829268293,0.2682926829268293,1,13,0.001349236936221132,new_scs_vi_1000,26092913
scs,333,True,178,178,0.4550561797752809,0.3539325842696629,7,30,0.001349236936221132,new_scs_vi_1000,26092913
scs,334,True,55,55,0.32727272727272727,0.43636363636363634,5,15,0.001349236936221132,new_scs_vi_1000,26092913
scs,335,True,29,29,0.3103448275862069,0.20689655172413793,1,2,0.001349236936221132,new_scs_vi_1000,26092913
scs,336,True,15,15,0.6666666666666666,0.6666666666666666,3,2,0.0006628281262237579,new_scs_vi_1000,26092913
scs,337,True,22,22,0.5,0.45454545454545453,1,1,0.0006628281262237579,new_scs_vi_1000,26092913
scs,338,True,18,18,0.4444444444444444,0.3888888888888889,1,0,0.0006628281262237579,new_scs_vi_1000,26092913
scs,339,True,19,19,0.5263157894736842,0.5789473684210527,3,0,0.0006628281262237579,new_scs_vi_1000,26092913
scs,340,True,41,41,0.36585365853658536,0.3902439024390244,1,11,0.0006628281262237579,new_scs_vi_1000,26092913
scs,341,True,16,16,0.4375,0.5,2,1,0.0006628281262237579,new_scs_vi_1000,26092913
scs,342,True,25,25,0.32,0.4,2,3,0.0006628281262237579,new_scs_vi_1000,26092913
scs,343,True,15,15,0.6,0.6666666666666666,2,2,0.0006628281262237579,new_scs_vi_1000,26092913
scs,344,True,22,22,0.36363636363636365,0.36363636363636365,2,0,0.0006628281262237579,new_scs_vi_1000,26092913
scs,345,True,59,59,0.3728813559322034,0.3728813559322034,7,4,0.0006628281262237579,new_scs_vi_1000,26092913
scs,346,True,39,39,0.38461538461538464,0.4358974358974359,2,5,0.0006628281262237579,new_scs_vi_1000,26092913
scs,347,True,34,34,0.4117647058823529,0.4117647058823529,2,8,0.0006628281262237579,new_scs_vi_1000,26092913
scs,348,True,43,43,0.27906976744186046,0.3488372093023256,2,7,0.0006628281262237579,new_scs_vi_1000,26092913
scs,349,True,29,29,0.6896551724137931,0.6206896551724138,3,0,0.0006628281262237579,new_scs_vi_1000,26092913
scs,350,True,70,70,0.4142857142857143,0.34285714285714286,14,18,0.0006628281262237579,new_scs_vi_1000,26092913
scs,351,True,81,81,0.2839506172839506,0.35802469135802467,2,10,0.0006628281262237579,new_scs_vi_1000,26092913
scs,352,True,12,12,0.6666666666666666,0.5833333333333334,1,1,0.0006252942475839518,new_scs_vi_1000,26092913
scs,353,True,20,20,0.45,0.45,2,0,0.0006252942475839518,new_scs_vi_1000,26092913
scs,354,True,25,25,0.64,0.6,1,1,0.0006252942475839518,new_scs_vi_1000,26092913
scs,355,True,18,18,0.6666666666666666,0.4444444444444444,2,6,0.0006252942475839518,new_scs_vi_1000,26092913
scs,356,True,48,48,0.3541666666666667,0.375,3,13,0.0006252942475839518,new_scs_vi_1000,26092913
scs,357,True,9,9,0.7777777777777778,0.5555555555555556,1,0,0.0006252942475839518,new_scs_vi_1000,26092913
scs,358,True,16,16,0.5,0.4375,1,0,0.0006252942475839518,new_scs_vi_1000,26092913
scs,359,True,75,75,0.4,0.4,9,4,0.0006252942475839518,new_scs_vi_1000,26092913
scs,360,True,24,24,0.3333333333333333,0.375,1,0,0.0006252942475839518,new_scs_vi_1000,26092913
scs,361,True,25,25,0.36,0.32,2,2,0.0006252942475839518,new_scs_vi_1000,26092913
scs,362,True,50,50,0.36,0.34,2,12,0.0006252942475839518,new_scs_vi_1000,26092913
scs,363,True,57,57,0.3508771929824561,0.2982456140350877,2,4,0.0006252942475839518,new_scs_vi_1000,26092913
scs,364,True,33,33,0.42424242424242425,0.5151515151515151,2,14,0.0006252942475839518,new_scs_vi_1000,26092913
scs,365,True,37,37,0.3783783783783784,0.40540540540540543,2,7,0.0006252942475839518,new_scs_vi_1000,26092913
scs,366,True,38,38,0.5263157894736842,0.5263157894736842,7,6,0.0006252942475839518,new_scs_vi_1000,26092913
scs,367,True,32,32,0.5,0.40625,1,6,0.0006252942475839518,new_scs_vi_1000,26092913
scs,368,True,29,29,0.5517241379310345,0.5862068965517241,1,0,0.0006212786247488111,new_scs_vi_1000,26092913
scs,369,True,73,73,0.3698630136986301,0.3287671232876712,7,6,0.0006212786247488111,new_scs_vi_1000,26092913
scs,370,True,19,19,0.42105263157894735,0.5789473684210527,3,0,0.0006212786247488111,new_scs_vi_1000,26092913
scs,371,True,33,33,0.3333333333333333,0.36363636363636365,2,0,0.0006212786247488111,new_scs_vi_1000,26092913
scs,372,True,30,30,0.43333333333333335,0.36666666666666664,1,6,0.0006212786247488111,new_scs_vi_1000,26092913
scs,373,True,31,31,0.4838709677419355,0.5483870967741935,1,1,0.0006212786247488111,new_scs_vi_1000,26092913
scs,374,True,74,74,0.47297297297297297,0.3783783783783784,1,7,0.0006212786247488111,new_scs_vi_1000,26092913
scs,375,True,36,36,0.3888888888888889,0.3611111111111111,5,1,0.0006212786247488111,new_scs_vi_1000,26092913
scs,376,True,19,19,0.5263157894736842,0.5263157894736842,1,0,0.0006212786247488111,new_scs_vi_1000,26092913
scs,377,True,14,14,0.5714285714285714,0.5714285714285714,1,2,0.0006212786247488111,new_scs_vi_1000,26092913
scs,378,True,32,32,0.53125,0.4375,3,2,0.0006212786247488111,new_scs_vi_1000,26092913
scs,379,True,23,23,0.5652173913043478,0.5217391304347826,1,6,0.0006212786247488111,new_scs_vi_1000,26092913
scs,380,True,20,20,0.7,0.6,1,2,0.0006212786247488111,new_scs_vi_1000,26092913
scs,381,True,31,31,0.4838709677419355,0.4838709677419355,1,2,0.0006212786247488111,new_scs_vi_1000,26092913
scs,382,True,23,23,0.5217391304347826,0.5217391304347826,1,3,0.0006212786247488111,new_scs_vi_1000,26092913
scs,383,True,27,27,0.5185185185185185,0.48148148148148145,2,5,0.0006212786247488111,new_scs_vi_1000,26092913
scs,384,True,28,28,0.5714285714285714,0.42857142857142855,5,2,0.0007839348763809539,new_scs_vi_1000,26092913
scs,385,True,25,25,0.68,0.6,1,2,0.0007839348763809539,new_scs_vi_1000,26092913
scs,386,True,97,97,0.27835051546391754,0.26804123711340205,1,15,0.0007839348763809539,new_scs_vi_1000,26092913
scs,387,True,34,34,0.4117647058823529,0.5,5,4,0.0007839348763809539,new_scs_vi_1000,26092913
scs,388,True,30,30,0.5,0.5333333333333333,2,6,0.0007839348763809539,new_scs_vi_1000,26092913
scs,389,True,70,70,0.21428571428571427,0.22857142857142856,14,12,0.0007839348763809539,new_scs_vi_1000,26092913
scs,390,True,24,24,0.5,0.4583333333333333,1,5,0.0007839348763809539,new_scs_vi_1000,26092913
scs,391,True,25,25,0.32,0.36,4,0,0.0007839348763809539,new_scs_vi_1000,26092913
scs,392,True,54,54,0.37037037037037035,0.4074074074074074,5,5,0.0007839348763809539,new_scs_vi_1000,26092913
scs,393,True,53,53,0.41509433962264153,0.4528301886792453,2,8,0.0007839348763809539,new_scs_vi_1000,26092913
scs,394,True,39,39,0.38461538461538464,0.358974358974359,2,8,0.0007839348763809539,new_scs_vi_1000,26092913
scs,395,True,26,26,0.6153846153846154,0.5384615384615384,2,1,0.0007839348763809539,new_scs_vi_1000,26092913
scs,396,True,46,46,0.41304347826086957,0.41304347826086957,3,2,0.0007839348763809539,new_scs_vi_1000,26092913
scs,397,True,60,60,0.48333333333333334,0.48333333333333334,5,7,0.0007839348763809539,new_scs_vi_1000,26092913
scs,398,True,22,22,0.45454545454545453,0.6363636363636364,2,2,0.0007839348763809539,new_scs_vi_1000,26092913
scs,399,True,51,51,0.3333333333333333,0.3333333333333333,1,15,0.0007839348763809539,new_scs_vi_1000,26092913
scs,400,True,78,78,0.32051282051282054,0.3333333333333333,2,3,0.0009454504979657941,new_scs_vi_1000,26092913
scs,401,True,18,18,0.5,0.5,2,0,0.0009454504979657941,new_scs_vi_1000,26092913
scs,402,True,51,51,0.4117647058823529,0.39215686274509803,3,2,0.0009454504979657941,new_scs_vi_1000,26092913
scs,403,True,28,28,0.5714285714285714,0.5357142857142857,3,0,0.0009454504979657941,new_scs_vi_1000,26092913
scs,404,True,61,61,0.3442622950819672,0.3114754098360656,2,8,0.0009454504979657941,new_scs_vi_1000,26092913
scs,405,True,36,36,0.3888888888888889,0.3055555555555556,2,10,0.0009454504979657941,new_scs_vi_1000,26092913
scs,406,True,36,36,0.19444444444444445,0.25,2,8,0.0009454504979657941,new_scs_vi_1000,26092913
scs,407,True,16,16,0.375,0.375,1,1,0.0009454504979657941,new_scs_vi_1000,26092913
scs,408,True,24,24,0.4583333333333333,0.5,3,0,0.0009454504979657941,new_scs_vi_1000,26092913
scs,409,True,26,26,0.4230769230769231,0.34615384615384615,1,4,0.0009454504979657941,new_scs_vi_1000,26092913
scs,410,True,104,104,0.3942307692307692,0.38461538461538464,2,11,0.0009454504979657941,new_scs_vi_1000,26092913
scs,411,True,15,15,0.5333333333333333,0.5333333333333333,2,0,0.0009454504979657941,new_scs_vi_1000,26092913
scs,412,True,44,44,0.38636363636363635,0.38636363636363635,1,8,0.0009454504979657941,new_scs_vi_1000,26092913
scs,413,True,30,30,0.4666666666666667,0.4,1,0,0.0009454504979657941,new_scs_vi_1000,26092913
scs,414,True,82,82,0.1951219512195122,0.21951219512195122,3,22,0.0009454504979657941,new_scs_vi_1000,26092913
scs,415,True,12,12,0.5833333333333334,0.6666666666666666,1,2,0.0009454504979657941,new_scs_vi_1000,26092913
scs,416,True,48,48,0.4791666666666667,0.4791666666666667,2,4,0.001346986937278416,new_scs_vi_1000,26092913
scs,417,True,22,22,0.5454545454545454,0.45454545454545453,1,0,0.001346986937278416,new_scs_vi_1000,26092913
scs,418,True,45,45,0.3111111111111111,0.37777777777777777,1,6,0.001346986937278416,new_scs_vi_1000,26092913
scs,419,True,75,75,0.44,0.37333333333333335,1,2,0.001346986937278416,new_scs_vi_1000,26092913
scs,420,True,30,30,0.43333333333333335,0.5666666666666667,1,4,0.001346986937278416,new_scs_vi_1000,26092913
scs,421,True,61,61,0.32786885245901637,0.4098360655737705,2,5,0.001346986937278416,new_scs_vi_1000,26092913
scs,422,True,37,37,0.4594594594594595,0.3783783783783784,2,5,0.001346986937278416,new_scs_vi_1000,26092913
scs,423,True,14,14,0.8571428571428571,0.7142857142857143,1,0,0.001346986937278416,new_scs_vi_1000,26092913
scs,424,True,82,82,0.32926829268292684,0.4878048780487805,8,19,0.001346986937278416,new_scs_vi_1000,26092913
scs,425,True,7,7,0.8571428571428571,0.8571428571428571,1,0,0.001346986937278416,new_scs_vi_1000,26092913
scs,426,True,174,174,0.3850574712643678,0.39655172413793105,5,26,0.001346986937278416,new_scs_vi_1000,26092913
scs,427,True,29,29,0.4482758620689655,0.5517241379310345,2,1,0.001346986937278416,new_scs_vi_1000,26092913
scs,428,True,19,19,0.42105263157894735,0.42105263157894735,2,2,0.001346986937278416,new_scs_vi_1000,26092913
scs,429,True,34,34,0.5588235294117647,0.47058823529411764,1,0,0.001346986937278416,new_scs_vi_1000,26092913
scs,430,True,41,41,0.4878048780487805,0.36585365853658536,1,9,0.001346986937278416,new_scs_vi_1000,26092913
scs,431,True,53,53,0.3018867924528302,0.3018867924528302,1,2,0.001346986937278416,new_scs_vi_1000,26092913
scs,432,True,128,128,0.3984375,0.515625,10,16,0.0010823385018738918,new_scs_vi_1000,26092913
scs,433,True,16,16,0.5,0.5,1,0,0.0010823385018738918,new_scs_vi_1000,26092913
scs,434,True,49,49,0.4897959183673469,0.4489795918367347,2,8,0.0010823385018738918,new_scs_vi_1000,26092913
scs,435,True,10,10,0.6,0.6,1,2,0.0010823385018738918,new_scs_vi_1000,26092913
scs,436,True,27,27,0.7777777777777778,0.7037037037037037,3,6,0.0010823385018738918,new_scs_vi_1000,26092913
scs,437,True,53,53,0.3584905660377358,0.33962264150943394,2,25,0.0010823385018738918,new_scs_vi_1000,26092913
scs,438,True,117,117,0.39316239316239315,0.37606837606837606,2,20,0.0010823385018738918,new_scs_vi_1000,26092913
scs,439,True,21,21,0.6666666666666666,0.5238095238095238,1,0,0.0010823385018738918,new_scs_vi_1000,26092913
scs,440,True,29,29,0.5172413793103449,0.5172413793103449,2,0,0.0010823385018738918,new_scs_vi_1000,26092913
scs,441,True,66,66,0.2878787878787879,0.3181818181818182,2,8,0.0010823385018738918,new_scs_vi_1000,26092913
scs,442,True,25,25,0.4,0.44,1,0,0.0010823385018738918,new_scs_vi_1000,26092913
scs,443,True,29,29,0.41379310344827586,0.3793103448275862,2,0,0.0010823385018738918,new_scs_vi_1000,26092913
scs,444,True,65,65,0.27692307692307694,0.26153846153846155,13,4,0.0010823385018738918,new_scs_vi_1000,26092913
scs,445,True,43,43,0.3023255813953488,0.27906976744186046,2,18,0.0010823385018738918,new_scs_vi_1000,26092913
scs,446,True,24,24,0.2916666666666667,0.4166666666666667,2,3,0.0010823385018738918,new_scs_vi_1000,26092913
scs,447,True,16,16,0.375,0.375,1,4,0.0010823385018738918,new_scs_vi_1000,26092913
scs,448,True,45,45,0.2,0.15555555555555556,1,6,0.0007086822479323018,new_scs_vi_1000,26092913
scs,449,True,81,81,0.35802469135802467,0.37037037037037035,5,10,0.0007086822479323018,new_scs_vi_1000,26092913
scs,450,True,29,29,0.5517241379310345,0.6206896551724138,2,2,0.0007086822479323018,new_scs_vi_1000,26092913
scs,451,True,16,16,0.375,0.4375,2,8,0.0007086822479323018,new_scs_vi_1000,26092913
scs,452,True,19,19,0.47368421052631576,0.47368421052631576,1,4,0.0007086822479323018,new_scs_vi_1000,26092913
scs,453,True,32,32,0.40625,0.53125,2,4,0.0007086822479323018,new_scs_vi_1000,26092913
scs,454,True,50,50,0.32,0.32,6,6,0.0007086822479323018,new_scs_vi_1000,26092913
scs,455,True,62,62,0.4032258064516129,0.43548387096774194,4,17,0.0007086822479323018,new_scs_vi_1000,26092913
scs,456,True,37,37,0.4594594594594595,0.3783783783783784,1,1,0.0007086822479323018,new_scs_vi_1000,26092913
scs,457,True,37,37,0.40540540540540543,0.40540540540540543,5,7,0.0007086822479323018,new_scs_vi_1000,26092913
scs,458,True,69,69,0.30434782608695654,0.3188405797101449,2,0,0.0007086822479323018,new_scs_vi_1000,26092913
scs,459,True,29,29,0.4482758620689655,0.3103448275862069,1,1,0.0007086822479323018,new_scs_vi_1000,26092913
scs,460,True,24,24,0.625,0.5833333333333334,1,2,0.0007086822479323018,new_scs_vi_1000,26092913
scs,461,True,80,80,0.275,0.325,2,8,0.0007086822479323018,new_scs_vi_1000,26092913
scs,462,True,40,40,0.4,0.525,3,9,0.0007086822479323018,new_scs_vi_1000,26092913
scs,463,True,23,23,0.34782608695652173,0.34782608695652173,3,4,0.0007086822479323018,new_scs_vi_1000,26092913
scs,464,True,49,49,0.3877551020408163,0.32653061224489793,4,10,0.0011891901231138036,new_scs_vi_1000,26092913
scs,465,True,50,50,0.46,0.38,3,5,0.0011891901231138036,new_scs_vi_1000,26092913
scs,466,True,42,42,0.38095238095238093,0.42857142857142855,3,4,0.0011891901231138036,new_scs_vi_1000,26092913
scs,467,True,14,14,0.6428571428571429,0.6428571428571429,2,0,0.0011891901231138036,new_scs_vi_1000,26092913
scs,468,True,20,20,0.3,0.4,1,2,0.0011891901231138036,new_scs_vi_1000,26092913
scs,469,True,82,82,0.4024390243902439,0.3902439024390244,1,6,0.0011891901231138036,new_scs_vi_1000,26092913
scs,470,True,22,22,0.4090909090909091,0.45454545454545453,1,6,0.0011891901231138036,new_scs_vi_1000,26092913
scs,471,True,149,149,0.3221476510067114,0.3087248322147651,5,24,0.0011891901231138036,new_scs_vi_1000,26092913
scs,472,True,73,73,0.3150684931506849,0.3561643835616438,4,5,0.0011891901231138036,new_scs_vi_1000,26092913
scs,473,True,13,13,0.46153846153846156,0.46153846153846156,5,1,0.0011891901231138036,new_scs_vi_1000,26092913
scs,474,True,48,48,0.2916666666666667,0.3125,8,8,0.0011891901231138036,new_scs_vi_1000,26092913
scs,475,True,102,102,0.3137254901960784,0.3235294117647059,7,20,0.0011891901231138036,new_scs_vi_1000,26092913
scs,476,True,64,64,0.359375,0.40625,7,14,0.0011891901231138036,new_scs_vi_1000,26092913
scs,477,True,18,18,0.6666666666666666,0.5,2,0,0.0011891901231138036,new_scs_vi_1000,26092913
scs,478,True,30,30,0.43333333333333335,0.4666666666666667,2,5,0.0011891901231138036,new_scs_vi_1000,26092913
scs,479,True,101,101,0.31683168316831684,0.36633663366336633,2,17,0.0011891901231138036,new_scs_vi_1000,26092913
scs,480,True,27,27,0.48148148148148145,0.4444444444444444,2,4,0.0010503645607968792,new_scs_vi_1000,26092913
scs,481,True,52,52,0.25,0.19230769230769232,2,12,0.0010503645607968792,new_scs_vi_1000,26092913
scs,482,True,79,79,0.35443037974683544,0.31645569620253167,4,6,0.0010503645607968792,new_scs_vi_1000,26092913
scs,483,True,37,37,0.40540540540540543,0.43243243243243246,2,10,0.0010503645607968792,new_scs_vi_1000,26092913
scs,484,True,19,19,0.5789473684210527,0.631578947368421,3,2,0.0010503645607968792,new_scs_vi_1000,26092913
scs,485,True,28,28,0.32142857142857145,0.35714285714285715,5,9,0.0010503645607968792,new_scs_vi_1000,26092913
scs,486,True,128,128,0.390625,0.3671875,4,38,0.0010503645607968792,new_scs_vi_1000,26092913
scs,487,True,40,40,0.525,0.525,2,0,0.0010503645607968792,new_scs_vi_1000,26092913
scs,488,True,77,77,0.38961038961038963,0.45454545454545453,2,14,0.0010503645607968792,new_scs_vi_1000,26092913
scs,489,True,55,55,0.34545454545454546,0.43636363636363634,3,14,0.0010503645607968792,new_scs_vi_1000,26092913
scs,490,True,32,32,0.375,0.34375,3,4,0.0010503645607968792,new_scs_vi_1000,26092913
scs,491,True,26,26,0.34615384615384615,0.38461538461538464,4,1,0.0010503645607968792,new_scs_vi_1000,26092913
scs,492,True,72,72,0.375,0.4305555555555556,1,11,0.0010503645607968792,new_scs_vi_1000,26092913
scs,493,True,52,52,0.40384615384615385,0.46153846153846156,8,5,0.0010503645607968792,new_scs_vi_1000,26092913
scs,494,True,54,54,0.5185185185185185,0.5740740740740741,3,7,0.0010503645607968792,new_scs_vi_1000,26092913
scs,495,True,55,55,0.4,0.509090909090909,6,2,0.0010503645607968792,new_scs_vi_1000,26092913
scs,496,True,21,21,0.5238095238095238,0.6666666666666666,3,2,0.0012147786874265876,new_scs_vi_1000,26092913
scs,497,True,36,36,0.4722222222222222,0.4444444444444444,3,7,0.0012147786874265876,new_scs_vi_1000,26092913
scs,498,True,23,23,0.4782608695652174,0.4782608695652174,1,0,0.0012147786874265876,new_scs_vi_1000,26092913
scs,499,True,72,72,0.4583333333333333,0.3055555555555556,1,14,0.0012147786874265876,new_scs_vi_1000,26092913
scs,500,True,32,32,0.40625,0.5,10,4,0.0012147786874265876,new_scs_vi_1000,26092913
scs,501,True,39,39,0.358974358974359,0.20512820512820512,3,8,0.0012147786874265876,new_scs_vi_1000,26092913
scs,502,True,57,57,0.5789473684210527,0.543859649122807,3,5,0.0012147786874265876,new_scs_vi_1000,26092913
scs,503,True,33,33,0.30303030303030304,0.3333333333333333,2,3,0.0012147786874265876,new_scs_vi_1000,26092913
scs,504,True,38,38,0.47368421052631576,0.5263157894736842,2,2,0.0012147786874265876,new_scs_vi_1000,26092913
scs,505,True,22,22,0.6818181818181818,0.45454545454545453,1,3,0.0012147786874265876,new_scs_vi_1000,26092913
scs,506,True,18,18,0.6666666666666666,0.6111111111111112,1,0,0.0012147786874265876,new_scs_vi_1000,26092913
scs,507,True,150,150,0.3933333333333333,0.43333333333333335,6,12,0.0012147786874265876,new_scs_vi_1000,26092913
scs,508,True,48,48,0.5208333333333334,0.4166666666666667,1,8,0.0012147786874265876,new_scs_vi_1000,26092913
scs,509,True,157,157,0.4394904458598726,0.3821656050955414,3,18,0.0012147786874265876,new_scs_vi_1000,26092913
scs,510,True,73,73,0.3287671232876712,0.3287671232876712,16,12,0.0012147786874265876,new_scs_vi_1000,26092913
scs,511,True,36,36,0.3611111111111111,0.2777777777777778,5,10,0.0012147786874265876,new_scs_vi_1000,26092913
scs,512,True,12,12,0.4166666666666667,0.4166666666666667,1,0,0.00059960156067973,new_scs_vi_1000,26092913
scs,513,True,47,47,0.2978723404255319,0.40425531914893614,3,4,0.00059960156067973,new_scs_vi_1000,26092913
scs,514,True,27,27,0.4444444444444444,0.5185185185185185,1,0,0.00059960156067973,new_scs_vi_1000,26092913
scs,515,True,14,14,0.42857142857142855,0.42857142857142855,2,0,0.00059960156067973,new_scs_vi_1000,26092913
scs,516,True,13,13,0.46153846153846156,0.46153846153846156,2,0,0.00059960156067973,new_scs_vi_1000,26092913
scs,517,True,23,23,0.5217391304347826,0.4782608695652174,3,6,0.00059960156067973,new_scs_vi_1000,26092913
scs,518,True,21,21,0.3333333333333333,0.3333333333333333,2,3,0.00059960156067973,new_scs_vi_1000,26092913
scs,519,True,19,19,0.47368421052631576,0.47368421052631576,2,0,0.00059960156067973,new_scs_vi_1000,26092913
scs,520,True,18,18,0.5,0.5555555555555556,2,3,0.00059960156067973,new_scs_vi_1000,26092913
scs,521,True,20,20,0.3,0.3,1,4,0.00059960156067973,new_scs_vi_1000,26092913
scs,522,True,64,64,0.25,0.265625,4,4,0.00059960156067973,new_scs_vi_1000,26092913
scs,523,True,52,52,0.5769230769230769,0.6346153846153846,1,8,0.00059960156067973,new_scs_vi_1000,26092913
scs,524,True,44,44,0.3409090909090909,0.5,3,7,0.00059960156067973,new_scs_vi_1000,26092913
scs,525,True,10,10,0.7,0.6,1,0,0.00059960156067973,new_scs_vi_1000,26092913
scs,526,True,27,27,0.4074074074074074,0.2962962962962963,1,1,0.00059960156067973,new_scs_vi_1000,26092913
scs,527,True,52,52,0.3076923076923077,0.3269230769230769,7,1,0.00059960156067973,new_scs_vi_1000,26092913
scs,528,True,22,22,0.6363636363636364,0.5454545454545454,2,5,0.0005835442498209886,new_scs_vi_1000,26092913
scs,529,True,15,15,0.5333333333333333,0.6,2,1,0.0005835442498209886,new_scs_vi_1000,26092913
scs,530,True,14,14,0.7142857142857143,0.8571428571428571,1,2,0.0005835442498209886,new_scs_vi_1000,26092913
scs,531,True,28,28,0.5357142857142857,0.5,3,3,0.0005835442498209886,new_scs_vi_1000,26092913
scs,532,True,29,29,0.27586206896551724,0.3793103448275862,1,2,0.0005835442498209886,new_scs_vi_1000,26092913
scs,533,True,45,45,0.37777777777777777,0.4,7,12,0.0005835442498209886,new_scs_vi_1000,26092913
scs,534,True,61,61,0.29508196721311475,0.4098360655737705,4,15,0.0005835442498209886,new_scs_vi_1000,26092913
scs,535,True,10,10,0.7,0.8,1,0,0.0005835442498209886,new_scs_vi_1000,26092913
scs,536,True,27,27,0.2962962962962963,0.2962962962962963,6,10,0.0005835442498209886,new_scs_vi_1000,26092913
scs,537,True,16,16,0.4375,0.5,1,0,0.0005835442498209886,new_scs_vi_1000,26092913
scs,538,True,21,21,0.5238095238095238,0.42857142857142855,1,7,0.0005835442498209886,new_scs_vi_1000,26092913
scs,539,True,45,45,0.35555555555555557,0.4222222222222222,1,7,0.0005835442498209886,new_scs_vi_1000,26092913
scs,540,True,69,69,0.36231884057971014,0.30434782608695654,1,18,0.0005835442498209886,new_scs_vi_1000,26092913
scs,541,True,35,35,0.42857142857142855,0.4,2,4,0.0005835442498209886,new_scs_vi_1000,26092913
scs,542,True,29,29,0.5862068965517241,0.5517241379310345,2,0,0.0005835442498209886,new_scs_vi_1000,26092913
scs,543,True,18,18,0.6111111111111112,0.7222222222222222,1,0,0.0005835442498209886,new_scs_vi_1000,26092913
scs,544,True,65,65,0.4461538461538462,0.4153846153846154,3,6,0.0006799531256547198,new_scs_vi_1000,26092913
scs,545,True,20,20,0.55,0.4,1,6,0.0006799531256547198,new_scs_vi_1000,26092913
scs,546,True,15,15,0.6,0.6666666666666666,1,3,0.0006799531256547198,new_scs_vi_1000,26092913
scs,547,True,30,30,0.5666666666666667,0.3333333333333333,2,0,0.0006799531256547198,new_scs_vi_1000,26092913
scs,548,True,42,42,0.5238095238095238,0.4523809523809524,4,2,0.0006799531256547198,new_scs_vi_1000,26092913
scs,549,True,43,43,0.46511627906976744,0.4418604651162791,2,3,0.0006799531256547198,new_scs_vi_1000,26092913
scs,550,True,68,68,0.47058823529411764,0.35294117647058826,2,8,0.0006799531256547198,new_scs_vi_1000,26092913
scs,551,True,11,11,0.5454545454545454,0.7272727272727273,1,1,0.0006799531256547198,new_scs_vi_1000,26092913
scs,552,True,69,69,0.391304347826087,0.37681159420289856,2,15,0.0006799531256547198,new_scs_vi_1000,26092913
scs,553,True,44,44,0.4772727272727273,0.3409090909090909,1,6,0.0006799531256547198,new_scs_vi_1000,26092913
scs,554,True,32,32,0.4375,0.46875,4,4,0.0006799531256547198,new_scs_vi_1000,26092913
scs,555,True,81,81,0.37037037037037035,0.3333333333333333,1,20,0.0006799531256547198,new_scs_vi_1000,26092913
scs,556,True,37,37,0.32432432432432434,0.35135135135135137,6,0,0.0006799531256547198,new_scs_vi_1000,26092913
scs,557,True,30,30,0.4,0.4,1,12,0.0006799531256547198,new_scs_vi_1000,26092913
scs,558,True,34,34,0.5294117647058824,0.4411764705882353,3,6,0.0006799531256547198,new_scs_vi_1000,26092913
scs,559,True,42,42,0.23809523809523808,0.23809523809523808,13,0,0.0006799531256547198,new_scs_vi_1000,26092913
scs,560,True,86,86,0.4069767441860465,0.3488372093023256,5,1,0.0007282526239578146,new_scs_vi_1000,26092913
scs,561,True,34,34,0.5588235294117647,0.3235294117647059,1,1,0.0007282526239578146,new_scs_vi_1000,26092913
scs,562,True,22,22,0.6818181818181818,0.5909090909090909,1,0,0.0007282526239578146,new_scs_vi_1000,26092913
scs,563,True,52,52,0.5192307692307693,0.34615384615384615,1,4,0.0007282526239578146,new_scs_vi_1000,26092913
scs,564,True,30,30,0.43333333333333335,0.4666666666666667,2,5,0.0007282526239578146,new_scs_vi_1000,26092913
scs,565,True,69,69,0.30434782608695654,0.36231884057971014,3,2,0.0007282526239578146,new_scs_vi_1000,26092913
scs,566,True,48,48,0.3125,0.4166666666666667,5,7,0.0007282526239578146,new_scs_vi_1000,26092913
scs,567,True,46,46,0.3695652173913043,0.34782608695652173,2,20,0.0007282526239578146,new_scs_vi_1000,26092913
scs,568,True,38,38,0.23684210526315788,0.34210526315789475,1,7,0.0007282526239578146,new_scs_vi_1000,26092913
scs,569,True,81,81,0.2716049382716049,0.2345679012345679,6,24,0.0007282526239578146,new_scs_vi_1000,26092913
scs,570,True,19,19,0.42105263157894735,0.42105263157894735,1,0,0.0007282526239578146,new_scs_vi_1000,26092913
scs,571,True,39,39,0.48717948717948717,0.48717948717948717,3,2,0.0007282526239578146,new_scs_vi_1000,26092913
scs,572,True,21,21,0.42857142857142855,0.6190476190476191,1,2,0.0007282526239578146,new_scs_vi_1000,26092913
scs,573,True,25,25,0.52,0.48,1,7,0.0007282526239578146,new_scs_vi_1000,26092913
scs,574,True,46,46,0.43478260869565216,0.34782608695652173,1,9,0.0007282526239578146,new_scs_vi_1000,26092913
scs,575,True,45,45,0.26666666666666666,0.24444444444444444,4,8,0.0007282526239578146,new_scs_vi_1000,26092913
scs,576,True,49,49,0.4897959183673469,0.5306122448979592,2,9,0.0010567083772912156,new_scs_vi_1000,26092913
scs,577,True,42,42,0.40476190476190477,0.4523809523809524,2,5,0.0010567083772912156,new_scs_vi_1000,26092913
scs,578,True,21,21,0.5238095238095238,0.6666666666666666,1,3,0.0010567083772912156,new_scs_vi_1000,26092913
scs,579,True,62,62,0.41935483870967744,0.41935483870967744,9,2,0.0010567083772912156,new_scs_vi_1000,26092913
scs,580,True,130,130,0.35384615384615387,0.3384615384615385,7,9,0.0010567083772912156,new_scs_vi_1000,26092913
scs,581,True,43,43,0.3488372093023256,0.4186046511627907,1,5,0.0010567083772912156,new_scs_vi_1000,26092913
scs,582,True,20,20,0.55,0.55,2,2,0.0010567083772912156,new_scs_vi_1000,26092913
scs,583,True,7,7,0.8571428571428571,0.8571428571428571,1,0,0.0010567083772912156,new_scs_vi_1000,26092913
scs,584,True,6,6,1.0,1.0,1,0,0.0010567083772912156,new_scs_vi_1000,26092913
scs,585,True,68,68,0.38235294117647056,0.39705882352941174,2,8,0.0010567083772912156,new_scs_vi_1000,26092913
scs,586,True,19,19,0.3684210526315789,0.47368421052631576,1,0,0.0010567083772912156,new_scs_vi_1000,26092913
scs,587,True,24,24,0.3333333333333333,0.3333333333333333,4,10,0.0010567083772912156,new_scs_vi_1000,26092913
scs,588,True,35,35,0.42857142857142855,0.37142857142857144,1,2,0.0010567083772912156,new_scs_vi_1000,26092913
scs,589,True,69,69,0.463768115942029,0.4492753623188406,5,10,0.0010567083772912156,new_scs_vi_1000,26092913
scs,590,True,51,51,0.3333333333333333,0.39215686274509803,4,14,0.0010567083772912156,new_scs_vi_1000,26092913
scs,591,True,86,86,0.3953488372093023,0.43023255813953487,4,24,0.0010567083772912156,new_scs_vi_1000,26092913
scs,592,True,21,21,0.3333333333333333,0.3333333333333333,2,0,0.0007362551878031809,new_scs_vi_1000,26092913
scs,593,True,33,33,0.36363636363636365,0.42424242424242425,4,0,0.0007362551878031809,new_scs_vi_1000,26092913
scs,594,True,77,77,0.4675324675324675,0.5584415584415584,1,3,0.0007362551878031809,new_scs_vi_1000,26092913
scs,595,True,30,30,0.26666666666666666,0.3,1,6,0.0007362551878031809,new_scs_vi_1000,26092913
scs,596,True,28,28,0.5714285714285714,0.5714285714285714,1,0,0.0007362551878031809,new_scs_vi_1000,26092913
scs,597,True,21,21,0.47619047619047616,0.5238095238095238,2,2,0.0007362551878031809,new_scs_vi_1000,26092913
scs,598,True,16,16,0.4375,0.5,2,0,0.0007362551878031809,new_scs_vi_1000,26092913
scs,599,True,28,28,0.39285714285714285,0.39285714285714285,9,0,0.0007362551878031809,new_scs_vi_1000,26092913
scs,600,True,71,71,0.4084507042253521,0.352112676056338,11,9,0.0007362551878031809,new_scs_vi_1000,26092913
scs,601,True,17,17,0.4117647058823529,0.4117647058823529,2,1,0.0007362551878031809,new_scs_vi_1000,26092913
scs,602,True,26,26,0.5384615384615384,0.5384615384615384,1,6,0.0007362551878031809,new_scs_vi_1000,26092913
scs,603,True,32,32,0.59375,0.5,4,0,0.0007362551878031809,new_scs_vi_1000,26092913
scs,604,True,89,89,0.3595505617977528,0.2696629213483146,3,13,0.0007362551878031809,new_scs_vi_1000,26092913
scs,605,True,27,27,0.6666666666666666,0.37037037037037035,1,1,0.0007362551878031809,new_scs_vi_1000,26092913
scs,606,True,23,23,0.43478260869565216,0.43478260869565216,1,4,0.0007362551878031809,new_scs_vi_1000,26092913
scs,607,True,19,19,0.5789473684210527,0.42105263157894735,1,5,0.0007362551878031809,new_scs_vi_1000,26092913
scs,608,True,38,38,0.39473684210526316,0.3684210526315789,1,5,0.0005873984373465646,new_scs_vi_1000,26092913
scs,609,True,43,43,0.4883720930232558,0.5581395348837209,3,1,0.0005873984373465646,new_scs_vi_1000,26092913
scs,610,True,31,31,0.4838709677419355,0.41935483870967744,1,0,0.0005873984373465646,new_scs_vi_1000,26092913
scs,611,True,28,28,0.35714285714285715,0.5,3,0,0.0005873984373465646,new_scs_vi_1000,26092913
scs,612,True,67,67,0.5522388059701493,0.5373134328358209,2,9,0.0005873984373465646,new_scs_vi_1000,26092913
scs,613,True,37,37,0.35135135135135137,0.4594594594594595,2,2,0.0005873984373465646,new_scs_vi_1000,26092913
scs,614,True,22,22,0.5454545454545454,0.5454545454545454,2,0,0.0005873984373465646,new_scs_vi_1000,26092913
scs,615,True,27,27,0.4074074074074074,0.4074074074074074,3,0,0.0005873984373465646,new_scs_vi_1000,26092913
scs,616,True,24,24,0.625,0.625,1,7,0.0005873984373465646,new_scs_vi_1000,26092913
scs,617,True,26,26,0.4230769230769231,0.5,1,4,0.0005873984373465646,new_scs_vi_1000,26092913
scs,618,True,47,47,0.5319148936170213,0.46808510638297873,2,9,0.0005873984373465646,new_scs_vi_1000,26092913
scs,619,True,40,40,0.425,0.5,1,4,0.0005873984373465646,new_scs_vi_1000,26092913
scs,620,True,25,25,0.4,0.44,1,1,0.0005873984373465646,new_scs_vi_1000,26092913
scs,621,True,26,26,0.46153846153846156,0.5,5,2,0.0005873984373465646,new_scs_vi_1000,26092913
scs,622,True,16,16,0.5625,0.625,1,0,0.0005873984373465646,new_scs_vi_1000,26092913
scs,623,True,22,22,0.6363636363636364,0.5909090909090909,1,1,0.0005873984373465646,new_scs_vi_1000,26092913
scs,624,True,82,82,0.36585365853658536,0.34146341463414637,5,15,0.0008380625004065223,new_scs_vi_1000,26092913
scs,625,True,11,11,0.8181818181818182,0.8181818181818182,2,2,0.0008380625004065223,new_scs_vi_1000,26092913
scs,626,True,74,74,0.527027027027027,0.527027027027027,4,8,0.0008380625004065223,new_scs_vi_1000,26092913
scs,627,True,62,62,0.3709677419354839,0.3548387096774194,5,9,0.0008380625004065223,new_scs_vi_1000,26092913
scs,628,True,7,7,0.5714285714285714,0.5714285714285714,1,1,0.0008380625004065223,new_scs_vi_1000,26092913
scs,629,True,43,43,0.4418604651162791,0.4418604651162791,2,6,0.0008380625004065223,new_scs_vi_1000,26092913
scs,630,True,35,35,0.4,0.5142857142857142,3,0,0.0008380625004065223,new_scs_vi_1000,26092913
scs,631,True,27,27,0.4074074074074074,0.2962962962962963,1,8,0.0008380625004065223,new_scs_vi_1000,26092913
scs,632,True,45,45,0.3111111111111111,0.3111111111111111,8,10,0.0008380625004065223,new_scs_vi_1000,26092913
scs,633,True,35,35,0.34285714285714286,0.34285714285714286,5,9,0.0008380625004065223,new_scs_vi_1000,26092913
scs,634,True,29,29,0.4482758620689655,0.5172413793103449,8,16,0.0008380625004065223,new_scs_vi_1000,26092913
scs,635,True,15,15,0.3333333333333333,0.3333333333333333,4,4,0.0008380625004065223,new_scs_vi_1000,26092913
scs,636,True,43,43,0.5348837209302325,0.46511627906976744,1,1,0.0008380625004065223,new_scs_vi_1000,26092913
scs,637,True,45,45,0.4444444444444444,0.4,1,0,0.0008380625004065223,new_scs_vi_1000,26092913
scs,638,True,103,103,0.32038834951456313,0.36893203883495146,2,16,0.0008380625004065223,new_scs_vi_1000,26092913
scs,639,True,24,24,0.4583333333333333,0.5416666666666666,1,2,0.0008380625004065223,new_scs_vi_1000,26092913
scs,640,True,21,21,0.5238095238095238,0.5238095238095238,6,0,0.0010875130647036713,new_scs_vi_1000,26092913
scs,641,True,16,16,0.5625,0.625,1,2,0.0010875130647036713,new_scs_vi_1000,26092913
scs,642,True,42,42,0.5714285714285714,0.5238095238095238,1,2,0.0010875130647036713,new_scs_vi_1000,26092913
scs,643,True,64,64,0.359375,0.40625,2,7,0.0010875130647036713,new_scs_vi_1000,26092913
scs,644,True,18,18,0.3888888888888889,0.3333333333333333,1,3,0.0010875130647036713,new_scs_vi_1000,26092913
scs,645,True,105,105,0.3904761904761905,0.34285714285714286,4,20,0.0010875130647036713,new_scs_vi_1000,26092913
scs,646,True,31,31,0.2903225806451613,0.2903225806451613,5,2,0.0010875130647036713,new_scs_vi_1000,26092913
scs,647,True,8,8,0.75,0.75,1,0,0.0010875130647036713,new_scs_vi_1000,26092913
scs,648,True,33,33,0.30303030303030304,0.3333333333333333,2,2,0.0010875130647036713,new_scs_vi_1000,26092913
scs,649,True,39,39,0.3333333333333333,0.23076923076923078,2,4,0.0010875130647036713,new_scs_vi_1000,26092913
scs,650,True,38,38,0.34210526315789475,0.34210526315789475,1,1,0.0010875130647036713,new_scs_vi_1000,26092913
scs,651,True,23,23,0.43478260869565216,0.4782608695652174,1,0,0.0010875130647036713,new_scs_vi_1000,26092913
scs,652,True,131,131,0.3969465648854962,0.40458015267175573,1,21,0.0010875130647036713,new_scs_vi_1000,26092913
scs,653,True,53,53,0.3584905660377358,0.33962264150943394,5,7,0.0010875130647036713,new_scs_vi_1000,26092913
scs,654,True,130,130,0.35384615384615387,0.35384615384615387,6,14,0.0010875130647036713,new_scs_vi_1000,26092913
scs,655,True,50,50,0.58,0.6,2,4,0.0010875130647036713,new_scs_vi_1000,26092913
scs,656,True,48,48,0.4166666666666667,0.4166666666666667,1,11,0.0011451640602899715,new_scs_vi_1000,26092913
scs,657,True,9,9,0.6666666666666666,0.6666666666666666,1,2,0.0011451640602899715,new_scs_vi_1000,26092913
scs,658,True,142,142,0.19014084507042253,0.2112676056338028,10,18,0.0011451640602899715,new_scs_vi_1000,26092913
scs,659,True,34,34,0.3235294117647059,0.4411764705882353,2,2,0.0011451640602899715,new_scs_vi_1000,26092913
scs,660,True,18,18,0.6111111111111112,0.6111111111111112,1,0,0.0011451640602899715,new_scs_vi_1000,26092913
scs,661,True,46,46,0.30434782608695654,0.2826086956521739,1,5,0.0011451640602899715,new_scs_vi_1000,26092913
scs,662,True,24,24,0.4166666666666667,0.5,2,2,0.0011451640602899715,new_scs_vi_1000,26092913
scs,663,True,30,30,0.4,0.4,6,0,0.0011451640602899715,new_scs_vi_1000,26092913
scs,664,True,60,60,0.36666666666666664,0.43333333333333335,3,8,0.0011451640602899715,new_scs_vi_1000,26092913
scs,665,True,39,39,0.5128205128205128,0.41025641025641024,4,5,0.0011451640602899715,new_scs_vi_1000,26092913
scs,666,True,66,66,0.24242424242424243,0.3939393939393939,6,8,0.0011451640602899715,new_scs_vi_1000,26092913
scs,667,True,30,30,0.5333333333333333,0.6333333333333333,1,5,0.0011451640602899715,new_scs_vi_1000,26092913
scs,668,True,39,39,0.5128205128205128,0.6410256410256411,2,2,0.0011451640602899715,new_scs_vi_1000,26092913
scs,669,True,11,11,0.6363636363636364,0.7272727272727273,2,0,0.0011451640602899715,new_scs_vi_1000,26092913
scs,670,True,24,24,0.5,0.5416666666666666,1,2,0.0011451640602899715,new_scs_vi_1000,26092913
scs,671,True,75,75,0.32,0.32,3,2,0.0011451640602899715,new_scs_vi_1000,26092913
scs,672,True,66,66,0.5757575757575758,0.5,2,9,0.0008313619364344049,new_scs_vi_1000,26092913
scs,673,True,34,34,0.35294117647058826,0.3235294117647059,2,9,0.0008313619364344049,new_scs_vi_1000,26092913
scs,674,True,25,25,0.6,0.4,2,2,0.0008313619364344049,new_scs_vi_1000,26092913
scs,675,True,42,42,0.47619047619047616,0.42857142857142855,5,3,0.0008313619364344049,new_scs_vi_1000,26092913
scs,676,True,21,21,0.5238095238095238,0.47619047619047616,4,2,0.0008313619364344049,new_scs_vi_1000,26092913
scs,677,True,57,57,0.42105263157894735,0.40350877192982454,2,2,0.0008313619364344049,new_scs_vi_1000,26092913
scs,678,True,40,40,0.35,0.375,2,2,0.0008313619364344049,new_scs_vi_1000,26092913
scs,679,True,67,67,0.2835820895522388,0.31343283582089554,1,14,0.0008313619364344049,new_scs_vi_1000,26092913
scs,680,True,17,17,0.5882352941176471,0.5882352941176471,1,1,0.0008313619364344049,new_scs_vi_1000,26092913
scs,681,True,31,31,0.3870967741935484,0.41935483870967744,1,3,0.0008313619364344049,new_scs_vi_1000,26092913
scs,682,True,10,10,0.5,0.5,3,0,0.0008313619364344049,new_scs_vi_1000,26092913
scs,683,True,34,34,0.4411764705882353,0.4117647058823529,4,3,0.0008313619364344049,new_scs_vi_1000,26092913
scs,684,True,41,41,0.3170731707317073,0.3170731707317073,4,4,0.0008313619364344049,new_scs_vi_1000,26092913
scs,685,True,89,89,0.4943820224719101,0.4606741573033708,2,12,0.0008313619364344049,new_scs_vi_1000,26092913
scs,686,True,15,15,0.6666666666666666,0.6666666666666666,1,0,0.0008313619364344049,new_scs_vi_1000,26092913
scs,687,True,61,61,0.2459016393442623,0.29508196721311475,1,9,0.0008313619364344049,new_scs_vi_1000,26092913
scs,688,True,15,15,0.6666666666666666,0.6666666666666666,1,1,0.0013261588137538638,new_scs_vi_1000,26092913
scs,689,True,27,27,0.5925925925925926,0.5555555555555556,2,1,0.0013261588137538638,new_scs_vi_1000,26092913
scs,690,True,90,90,0.37777777777777777,0.36666666666666664,3,5,0.0013261588137538638,new_scs_vi_1000,26092913
scs,691,True,33,33,0.2727272727272727,0.30303030303030304,1,0,0.0013261588137538638,new_scs_vi_1000,26092913
scs,692,True,21,21,0.47619047619047616,0.5238095238095238,2,0,0.0013261588137538638,new_scs_vi_1000,26092913
scs,693,True,19,19,0.47368421052631576,0.5263157894736842,3,4,0.0013261588137538638,new_scs_vi_1000,26092913
scs,694,True,160,160,0.39375,0.3375,1,19,0.0013261588137538638,new_scs_vi_1000,26092913
scs,695,True,28,28,0.32142857142857145,0.32142857142857145,1,0,0.0013261588137538638,new_scs_vi_1000,26092913
scs,696,True,34,34,0.47058823529411764,0.4117647058823529,6,0,0.0013261588137538638,new_scs_vi_1000,26092913
scs,697,True,44,44,0.29545454545454547,0.36363636363636365,2,2,0.0013261588137538638,new_scs_vi_1000,26092913
scs,698,True,49,49,0.3673469387755102,0.22448979591836735,2,0,0.0013261588137538638,new_scs_vi_1000,26092913
scs,699,True,51,51,0.3333333333333333,0.29411764705882354,1,1,0.0013261588137538638,new_scs_vi_1000,26092913
scs,700,True,34,34,0.29411764705882354,0.35294117647058826,2,6,0.0013261588137538638,new_scs_vi_1000,26092913
scs,701,True,26,26,0.46153846153846156,0.5,1,6,0.0013261588137538638,new_scs_vi_1000,26092913
scs,702,True,47,47,0.3617021276595745,0.3829787234042553,3,13,0.0013261588137538638,new_scs_vi_1000,26092913
scs,703,True,14,14,0.5714285714285714,0.35714285714285715,1,0,0.0013261588137538638,new_scs_vi_1000,26092913
scs,704,True,24,24,0.625,0.5,3,0,0.0006710182497045025,new_scs_vi_1000,26092913
scs,705,True,10,10,0.7,0.6,1,0,0.0006710182497045025,new_scs_vi_1000,26092913
scs,706,True,21,21,0.38095238095238093,0.42857142857142855,1,0,0.0006710182497045025,new_scs_vi_1000,26092913
scs,707,True,19,19,0.3684210526315789,0.42105263157894735,1,5,0.0006710182497045025,new_scs_vi_1000,26092913
scs,708,True,46,46,0.32608695652173914,0.34782608695652173,5,2,0.0006710182497045025,new_scs_vi_1000,26092913
scs,709,True,23,23,0.5652173913043478,0.5652173913043478,1,0,0.0006710182497045025,new_scs_vi_1000,26092913
scs,710,True,27,27,0.48148148148148145,0.5555555555555556,1,0,0.0006710182497045025,new_scs_vi_1000,26092913
scs,711,True,78,78,0.2564102564102564,0.32051282051282054,1,13,0.0006710182497045025,new_scs_vi_1000,26092913
scs,712,True,18,18,0.3333333333333333,0.3333333333333333,2,0,0.0006710182497045025,new_scs_vi_1000,26092913
scs,713,True,72,72,0.2638888888888889,0.2916666666666667,1,10,0.0006710182497045025,new_scs_vi_1000,26092913
scs,714,True,22,22,0.45454545454545453,0.4090909090909091,9,1,0.0006710182497045025,new_scs_vi_1000,26092913
scs,715,True,10,10,0.6,0.6,1,0,0.0006710182497045025,new_scs_vi_1000,26092913
scs,716,True,41,41,0.2926829268292683,0.21951219512195122,1,8,0.0006710182497045025,new_scs_vi_1000,26092913
scs,717,True,34,34,0.29411764705882354,0.4117647058823529,5,10,0.0006710182497045025,new_scs_vi_1000,26092913
scs,718,True,24,24,0.2916666666666667,0.625,1,3,0.0006710182497045025,new_scs_vi_1000,26092913
scs,719,True,19,19,0.5789473684210527,0.47368421052631576,1,1,0.0006710182497045025,new_scs_vi_1000,26092913
scs,720,True,154,154,0.3246753246753247,0.3181818181818182,9,8,0.0012355937506072223,new_scs_vi_1000,26092913
scs,721,True,21,21,0.2857142857142857,0.38095238095238093,1,0,0.0012355937506072223,new_scs_vi_1000,26092913
scs,722,True,41,41,0.34146341463414637,0.34146341463414637,5,6,0.0012355937506072223,new_scs_vi_1000,26092913
scs,723,True,33,33,0.5151515151515151,0.48484848484848486,4,1,0.0012355937506072223,new_scs_vi_1000,26092913
scs,724,True,48,48,0.3333333333333333,0.3541666666666667,2,10,0.0012355937506072223,new_scs_vi_1000,26092913
scs,725,True,19,19,0.5789473684210527,0.5789473684210527,3,0,0.0012355937506072223,new_scs_vi_1000,26092913
scs,726,True,32,32,0.46875,0.53125,6,5,0.0012355937506072223,new_scs_vi_1000,26092913
scs,727,True,16,16,0.625,0.625,1,0,0.0012355937506072223,new_scs_vi_1000,26092913
scs,728,True,24,24,0.6666666666666666,0.75,1,0,0.0012355937506072223,new_scs_vi_1000,26092913
scs,729,True,23,23,0.34782608695652173,0.391304347826087,3,0,0.0012355937506072223,new_scs_vi_1000,26092913
scs,730,True,34,34,0.4117647058823529,0.4117647058823529,2,9,0.0012355937506072223,new_scs_vi_1000,26092913
scs,731,True,18,18,0.3333333333333333,0.3888888888888889,4,8,0.0012355937506072223,new_scs_vi_1000,26092913
scs,732,True,30,30,0.26666666666666666,0.2,6,7,0.0012355937506072223,new_scs_vi_1000,26092913
scs,733,True,37,37,0.6756756756756757,0.6756756756756757,1,6,0.0012355937506072223,new_scs_vi_1000,26092913
scs,734,True,33,33,0.36363636363636365,0.3939393939393939,1,2,0.0012355937506072223,new_scs_vi_1000,26092913
scs,735,True,16,16,0.5625,0.5625,1,2,0.0012355937506072223,new_scs_vi_1000,26092913
scs,736,True,35,35,0.42857142857142855,0.4857142857142857,4,6,0.000628150999546051,new_scs_vi_1000,26092913
scs,737,True,52,52,0.17307692307692307,0.3076923076923077,4,7,0.000628150999546051,new_scs_vi_1000,26092913
scs,738,True,42,42,0.40476190476190477,0.35714285714285715,11,10,0.000628150999546051,new_scs_vi_1000,26092913
scs,739,True,8,8,0.875,1.0,1,1,0.000628150999546051,new_scs_vi_1000,26092913
scs,740,True,56,56,0.35714285714285715,0.44642857142857145,3,2,0.000628150999546051,new_scs_vi_1000,26092913
scs,741,True,37,37,0.5405405405405406,0.6756756756756757,2,4,0.000628150999546051,new_scs_vi_1000,26092913
scs,742,True,54,54,0.4074074074074074,0.3888888888888889,2,6,0.000628150999546051,new_scs_vi_1000,26092913
scs,743,True,18,18,0.3888888888888889,0.3888888888888889,1,0,0.000628150999546051,new_scs_vi_1000,26092913
scs,744,True,25,25,0.52,0.44,3,4,0.000628150999546051,new_scs_vi_1000,26092913
scs,745,True,46,46,0.32608695652173914,0.32608695652173914,4,0,0.000628150999546051,new_scs_vi_1000,26092913
scs,746,True,42,42,0.5714285714285714,0.5714285714285714,8,2,0.000628150999546051,new_scs_vi_1000,26092913
scs,747,True,44,44,0.3409090909090909,0.45454545454545453,7,10,0.000628150999546051,new_scs_vi_1000,26092913
scs,748,True,53,53,0.4339622641509434,0.3018867924528302,1,3,0.000628150999546051,new_scs_vi_1000,26092913
scs,749,True,13,13,0.6923076923076923,0.6923076923076923,2,2,0.000628150999546051,new_scs_vi_1000,26092913
scs,750,True,70,70,0.42857142857142855,0.4,4,6,0.000628150999546051,new_scs_vi_1000,26092913
scs,751,True,45,45,0.28888888888888886,0.24444444444444444,3,5,0.000628150999546051,new_scs_vi_1000,26092913
scs,752,True,48,48,0.3333333333333333,0.4166666666666667,3,9,0.001228765624546213,new_scs_vi_1000,26092913
scs,753,True,47,47,0.3404255319148936,0.3404255319148936,1,2,0.001228765624546213,new_scs_vi_1000,26092913
scs,754,True,51,51,0.37254901960784315,0.35294117647058826,1,0,0.001228765624546213,new_scs_vi_1000,26092913
scs,755,True,47,47,0.3829787234042553,0.3617021276595745,6,8,0.001228765624546213,new_scs_vi_1000,26092913
scs,756,True,33,33,0.36363636363636365,0.30303030303030304,1,12,0.001228765624546213,new_scs_vi_1000,26092913
scs,757,True,153,153,0.28104575163398693,0.39215686274509803,3,33,0.001228765624546213,new_scs_vi_1000,26092913
scs,758,True,55,55,0.21818181818181817,0.36363636363636365,6,5,0.001228765624546213,new_scs_vi_1000,26092913
scs,759,True,36,36,0.4722222222222222,0.4444444444444444,2,0,0.001228765624546213,new_scs_vi_1000,26092913
scs,760,True,48,48,0.4166666666666667,0.3541666666666667,2,10,0.001228765624546213,new_scs_vi_1000,26092913
scs,761,True,20,20,0.45,0.5,1,2,0.001228765624546213,new_scs_vi_1000,26092913
scs,762,True,18,18,0.6111111111111112,0.6666666666666666,2,2,0.001228765624546213,new_scs_vi_1000,26092913
scs,763,True,56,56,0.35714285714285715,0.375,3,6,0.001228765624546213,new_scs_vi_1000,26092913
scs,764,True,64,64,0.421875,0.390625,2,11,0.001228765624546213,new_scs_vi_1000,26092913
scs,765,True,60,60,0.48333333333333334,0.4,1,4,0.001228765624546213,new_scs_vi_1000,26092913
scs,766,True,20,20,0.35,0.35,6,0,0.001228765624546213,new_scs_vi_1000,26092913
scs,767,True,31,31,0.3548387096774194,0.3548387096774194,1,2,0.001228765624546213,new_scs_vi_1000,26092913
scs,768,True,23,23,0.4782608695652174,0.391304347826087,3,2,0.0008954687509685755,new_scs_vi_1000,26092913
scs,769,True,80,80,0.2,0.2125,5,5,0.0008954687509685755,new_scs_vi_1000,26092913
scs,770,True,72,72,0.25,0.2916666666666667,13,13,0.0008954687509685755,new_scs_vi_1000,26092913
scs,771,True,50,50,0.42,0.36,2,6,0.0008954687509685755,new_scs_vi_1000,26092913
scs,772,True,38,38,0.34210526315789475,0.42105263157894735,2,6,0.0008954687509685755,new_scs_vi_1000,26092913
scs,773,True,42,42,0.3333333333333333,0.23809523809523808,1,23,0.0008954687509685755,new_scs_vi_1000,26092913
scs,774,True,12,12,0.5833333333333334,0.5833333333333334,3,0,0.0008954687509685755,new_scs_vi_1000,26092913
scs,775,True,54,54,0.48148148148148145,0.5555555555555556,7,2,0.0008954687509685755,new_scs_vi_1000,26092913
scs,776,True,78,78,0.46153846153846156,0.3974358974358974,4,4,0.0008954687509685755,new_scs_vi_1000,26092913
scs,777,True,21,21,0.5238095238095238,0.5238095238095238,1,2,0.0008954687509685755,new_scs_vi_1000,26092913
scs,778,True,38,38,0.2631578947368421,0.2894736842105263,2,4,0.0008954687509685755,new_scs_vi_1000,26092913
scs,779,True,23,23,0.4782608695652174,0.4782608695652174,2,0,0.0008954687509685755,new_scs_vi_1000,26092913
scs,780,True,109,109,0.3853211009174312,0.47706422018348627,3,2,0.0008954687509685755,new_scs_vi_1000,26092913
scs,781,True,28,28,0.5357142857142857,0.5,3,5,0.0008954687509685755,new_scs_vi_1000,26092913
scs,782,True,33,33,0.42424242424242425,0.42424242424242425,1,4,0.0008954687509685755,new_scs_vi_1000,26092913
scs,783,True,33,33,0.5454545454545454,0.5454545454545454,1,8,0.0008954687509685755,new_scs_vi_1000,26092913
scs,784,True,35,35,0.5142857142857142,0.42857142857142855,2,0,0.0014598828129237518,new_scs_vi_1000,26092913
scs,785,True,43,43,0.4418604651162791,0.4186046511627907,2,4,0.0014598828129237518,new_scs_vi_1000,26092913
scs,786,True,46,46,0.5434782608695652,0.5434782608695652,6,2,0.0014598828129237518,new_scs_vi_1000,26092913
scs,787,True,25,25,0.52,0.6,1,0,0.0014598828129237518,new_scs_vi_1000,26092913
scs,788,True,31,31,0.41935483870967744,0.4838709677419355,3,6,0.0014598828129237518,new_scs_vi_1000,26092913
scs,789,True,18,18,0.6111111111111112,0.7777777777777778,1,1,0.0014598828129237518,new_scs_vi_1000,26092913
scs,790,True,100,100,0.36,0.45,3,22,0.0014598828129237518,new_scs_vi_1000,26092913
scs,791,True,33,33,0.42424242424242425,0.30303030303030304,1,2,0.0014598828129237518,new_scs_vi_1000,26092913
scs,792,True,46,46,0.43478260869565216,0.5,6,1,0.0014598828129237518,new_scs_vi_1000,26092913
scs,793,True,8,8,0.5,0.5,1,0,0.0014598828129237518,new_scs_vi_1000,26092913
scs,794,True,37,37,0.32432432432432434,0.32432432432432434,6,5,0.0014598828129237518,new_scs_vi_1000,26092913
scs,795,True,37,37,0.6216216216216216,0.43243243243243246,1,6,0.0014598828129237518,new_scs_vi_1000,26092913
scs,796,True,11,11,0.7272727272727273,0.7272727272727273,1,0,0.0014598828129237518,new_scs_vi_1000,26092913
scs,797,True,38,38,0.2894736842105263,0.47368421052631576,1,12,0.0014598828129237518,new_scs_vi_1000,26092913
scs,798,True,189,189,0.3492063492063492,0.3439153439153439,10,25,0.0014598828129237518,new_scs_vi_1000,26092913
scs,799,True,32,32,0.28125,0.3125,1,2,0.0014598828129237518,new_scs_vi_1000,26092913
scs,800,True,85,85,0.4470588235294118,0.3764705882352941,4,18,0.0007314687500183936,new_scs_vi_1000,26092913
scs,801,True,48,48,0.3333333333333333,0.3125,3,2,0.0007314687500183936,new_scs_vi_1000,26092913
scs,802,True,9,9,0.5555555555555556,0.6666666666666666,1,0,0.0007314687500183936,new_scs_vi_1000,26092913
scs,803,True,65,65,0.4153846153846154,0.4,3,5,0.0007314687500183936,new_scs_vi_1000,26092913
scs,804,True,20,20,0.5,0.5,1,0,0.0007314687500183936,new_scs_vi_1000,26092913
scs,805,True,43,43,0.3023255813953488,0.2558139534883721,2,8,0.0007314687500183936,new_scs_vi_1000,26092913
scs,806,True,20,20,0.55,0.55,3,0,0.0007314687500183936,new_scs_vi_1000,26092913
scs,807,True,28,28,0.5,0.4642857142857143,8,1,0.0007314687500183936,new_scs_vi_1000,26092913
scs,808,True,54,54,0.48148148148148145,0.42592592592592593,6,1,0.0007314687500183936,new_scs_vi_1000,26092913
scs,809,True,30,30,0.5,0.4,1,1,0.0007314687500183936,new_scs_vi_1000,26092913
scs,810,True,21,21,0.3333333333333333,0.3333333333333333,5,1,0.0007314687500183936,new_scs_vi_1000,26092913
scs,811,True,44,44,0.36363636363636365,0.4318181818181818,1,1,0.0007314687500183936,new_scs_vi_1000,26092913
scs,812,True,65,65,0.5076923076923077,0.5076923076923077,4,8,0.0007314687500183936,new_scs_vi_1000,26092913
scs,813,True,34,34,0.35294117647058826,0.35294117647058826,3,8,0.0007314687500183936,new_scs_vi_1000,26092913
scs,814,True,81,81,0.2839506172839506,0.3950617283950617,1,14,0.0007314687500183936,new_scs_vi_1000,26092913
scs,815,True,16,16,0.625,0.5,1,2,0.0007314687500183936,new_scs_vi_1000,26092913
scs,816,True,54,54,0.4074074074074074,0.37037037037037035,1,1,0.0008029817508941051,new_scs_vi_1000,26092913
scs,817,True,27,27,0.5555555555555556,0.7037037037037037,1,4,0.0008029817508941051,new_scs_vi_1000,26092913
scs,818,True,70,70,0.38571428571428573,0.38571428571428573,1,33,0.0008029817508941051,new_scs_vi_1000,26092913
scs,819,True,93,93,0.3978494623655914,0.3225806451612903,2,12,0.0008029817508941051,new_scs_vi_1000,26092913
scs,820,True,45,45,0.28888888888888886,0.26666666666666666,3,8,0.0008029817508941051,new_scs_vi_1000,26092913
scs,821,True,16,16,0.5,0.625,1,4,0.0008029817508941051,new_scs_vi_1000,26092913
scs,822,True,36,36,0.3611111111111111,0.3611111111111111,1,6,0.0008029817508941051,new_scs_vi_1000,26092913
scs,823,True,29,29,0.27586206896551724,0.3103448275862069,2,3,0.0008029817508941051,new_scs_vi_1000,26092913
scs,824,True,8,8,0.75,0.875,2,0,0.0008029817508941051,new_scs_vi_1000,26092913
scs,825,True,30,30,0.36666666666666664,0.36666666666666664,1,0,0.0008029817508941051,new_scs_vi_1000,26092913
scs,826,True,32,32,0.3125,0.28125,1,9,0.0008029817508941051,new_scs_vi_1000,26092913
scs,827,True,81,81,0.48148148148148145,0.4074074074074074,4,10,0.0008029817508941051,new_scs_vi_1000,26092913
scs,828,True,28,28,0.2857142857142857,0.35714285714285715,2,0,0.0008029817508941051,new_scs_vi_1000,26092913
scs,829,True,48,48,0.6041666666666666,0.5625,3,6,0.0008029817508941051,new_scs_vi_1000,26092913
scs,830,True,14,14,0.5714285714285714,0.7142857142857143,1,0,0.0008029817508941051,new_scs_vi_1000,26092913
scs,831,True,26,26,0.34615384615384615,0.38461538461538464,1,1,0.0008029817508941051,new_scs_vi_1000,26092913
scs,832,True,18,18,0.5,0.5555555555555556,1,5,0.0006164088117657229,new_scs_vi_1000,26092913
scs,833,True,33,33,0.3939393939393939,0.36363636363636365,5,3,0.0006164088117657229,new_scs_vi_1000,26092913
scs,834,True,51,51,0.2549019607843137,0.21568627450980393,1,11,0.0006164088117657229,new_scs_vi_1000,26092913
scs,835,True,44,44,0.5681818181818182,0.5681818181818182,2,1,0.0006164088117657229,new_scs_vi_1000,26092913
scs,836,True,20,20,0.45,0.45,2,0,0.0006164088117657229,new_scs_vi_1000,26092913
scs,837,True,20,20,0.35,0.35,8,4,0.0006164088117657229,new_scs_vi_1000,26092913
scs,838,True,28,28,0.5714285714285714,0.6785714285714286,1,3,0.0006164088117657229,new_scs_vi_1000,26092913
scs,839,True,38,38,0.39473684210526316,0.47368421052631576,2,8,0.0006164088117657229,new_scs_vi_1000,26092913
scs,840,True,29,29,0.5172413793103449,0.41379310344827586,2,1,0.0006164088117657229,new_scs_vi_1000,26092913
scs,841,True,70,70,0.3,0.35714285714285715,1,3,0.0006164088117657229,new_scs_vi_1000,26092913
scs,842,True,22,22,0.5,0.5454545454545454,3,1,0.0006164088117657229,new_scs_vi_1000,26092913
scs,843,True,19,19,0.631578947368421,0.47368421052631576,1,2,0.0006164088117657229,new_scs_vi_1000,26092913
scs,844,True,30,30,0.3,0.3,1,10,0.0006164088117657229,new_scs_vi_1000,26092913
scs,845,True,10,10,0.7,0.8,1,0,0.0006164088117657229,new_scs_vi_1000,26092913
scs,846,True,33,33,0.3333333333333333,0.30303030303030304,1,2,0.0006164088117657229,new_scs_vi_1000,26092913
scs,847,True,42,42,0.35714285714285715,0.38095238095238093,1,4,0.0006164088117657229,new_scs_vi_1000,26092913
scs,848,True,25,25,0.4,0.56,1,0,0.0006999765646469314,new_scs_vi_1000,26092913
scs,849,True,31,31,0.4838709677419355,0.3870967741935484,1,3,0.0006999765646469314,new_scs_vi_1000,26092913
scs,850,True,43,43,0.23255813953488372,0.20930232558139536,4,5,0.0006999765646469314,new_scs_vi_1000,26092913
scs,851,True,21,21,0.47619047619047616,0.38095238095238093,1,0,0.0006999765646469314,new_scs_vi_1000,26092913
scs,852,True,18,18,0.5,0.4444444444444444,4,2,0.0006999765646469314,new_scs_vi_1000,26092913
scs,853,True,35,35,0.2857142857142857,0.22857142857142856,2,5,0.0006999765646469314,new_scs_vi_1000,26092913
scs,854,True,80,80,0.375,0.25,4,8,0.0006999765646469314,new_scs_vi_1000,26092913
scs,855,True,11,11,0.9090909090909091,0.8181818181818182,1,1,0.0006999765646469314,new_scs_vi_1000,26092913
scs,856,True,21,21,0.47619047619047616,0.5238095238095238,1,6,0.0006999765646469314,new_scs_vi_1000,26092913
scs,857,True,62,62,0.3709677419354839,0.43548387096774194,4,14,0.0006999765646469314,new_scs_vi_1000,26092913
scs,858,True,39,39,0.46153846153846156,0.4358974358974359,1,0,0.0006999765646469314,new_scs_vi_1000,26092913
scs,859,True,77,77,0.3246753246753247,0.3246753246753247,4,8,0.0006999765646469314,new_scs_vi_1000,26092913
scs,860,True,31,31,0.41935483870967744,0.3225806451612903,5,0,0.0006999765646469314,new_scs_vi_1000,26092913
scs,861,True,35,35,0.4857142857142857,0.3142857142857143,1,9,0.0006999765646469314,new_scs_vi_1000,26092913
scs,862,True,63,63,0.31746031746031744,0.38095238095238093,3,15,0.0006999765646469314,new_scs_vi_1000,26092913
scs,863,True,46,46,0.2826086956521739,0.21739130434782608,2,7,0.0006999765646469314,new_scs_vi_1000,26092913
scs,864,True,28,28,0.5357142857142857,0.42857142857142855,3,4,0.0007528958121838514,new_scs_vi_1000,26092913
scs,865,True,44,44,0.45454545454545453,0.36363636363636365,1,4,0.0007528958121838514,new_scs_vi_1000,26092913
scs,866,True,71,71,0.39436619718309857,0.30985915492957744,3,6,0.0007528958121838514,new_scs_vi_1000,26092913
scs,867,True,73,73,0.4383561643835616,0.4246575342465753,4,10,0.0007528958121838514,new_scs_vi_1000,26092913
scs,868,True,15,15,0.7333333333333333,0.7333333333333333,2,2,0.0007528958121838514,new_scs_vi_1000,26092913
scs,869,True,18,18,0.3888888888888889,0.3888888888888889,2,0,0.0007528958121838514,new_scs_vi_1000,26092913
scs,870,True,56,56,0.42857142857142855,0.48214285714285715,4,12,0.0007528958121838514,new_scs_vi_1000,26092913
scs,871,True,23,23,0.6086956521739131,0.6086956521739131,1,3,0.0007528958121838514,new_scs_vi_1000,26092913
scs,872,True,14,14,0.5,0.42857142857142855,1,0,0.0007528958121838514,new_scs_vi_1000,26092913
scs,873,True,33,33,0.36363636363636365,0.36363636363636365,2,8,0.0007528958121838514,new_scs_vi_1000,26092913
scs,874,True,63,63,0.38095238095238093,0.36507936507936506,3,20,0.0007528958121838514,new_scs_vi_1000,26092913
scs,875,True,38,38,0.34210526315789475,0.3157894736842105,1,2,0.0007528958121838514,new_scs_vi_1000,26092913
scs,876,True,55,55,0.36363636363636365,0.36363636363636365,5,3,0.0007528958121838514,new_scs_vi_1000,26092913
scs,877,True,88,88,0.38636363636363635,0.42045454545454547,9,9,0.0007528958121838514,new_scs_vi_1000,26092913
scs,878,True,12,12,0.8333333333333334,0.8333333333333334,1,0,0.0007528958121838514,new_scs_vi_1000,26092913
scs,879,True,25,25,0.44,0.4,3,6,0.0007528958121838514,new_scs_vi_1000,26092913
scs,880,True,9,9,0.7777777777777778,0.5555555555555556,1,1,0.0007452943100361153,new_scs_vi_1000,26092913
scs,881,True,24,24,0.4166666666666667,0.3333333333333333,1,2,0.0007452943100361153,new_scs_vi_1000,26092913
scs,882,True,37,37,0.35135135135135137,0.2702702702702703,1,5,0.0007452943100361153,new_scs_vi_1000,26092913
scs,883,True,27,27,0.5555555555555556,0.48148148148148145,2,0,0.0007452943100361153,new_scs_vi_1000,26092913
scs,884,True,27,27,0.6296296296296297,0.7777777777777778,1,0,0.0007452943100361153,new_scs_vi_1000,26092913
scs,885,True,30,30,0.23333333333333334,0.36666666666666664,1,10,0.0007452943100361153,new_scs_vi_1000,26092913
scs,886,True,65,65,0.3384615384615385,0.3230769230769231,3,9,0.0007452943100361153,new_scs_vi_1000,26092913
scs,887,True,13,13,0.7692307692307693,0.6153846153846154,1,2,0.0007452943100361153,new_scs_vi_1000,26092913
scs,888,True,49,49,0.3673469387755102,0.3469387755102041,3,9,0.0007452943100361153,new_scs_vi_1000,26092913
scs,889,True,11,11,0.6363636363636364,0.6363636363636364,2,1,0.0007452943100361153,new_scs_vi_1000,26092913
scs,890,True,12,12,0.4166666666666667,0.6666666666666666,1,0,0.0007452943100361153,new_scs_vi_1000,26092913
scs,891,True,64,64,0.296875,0.3125,7,1,0.0007452943100361153,new_scs_vi_1000,26092913
scs,892,True,84,84,0.36904761904761907,0.36904761904761907,5,10,0.0007452943100361153,new_scs_vi_1000,26092913
scs,893,True,32,32,0.40625,0.40625,3,4,0.0007452943100361153,new_scs_vi_1000,26092913
scs,894,True,47,47,0.3829787234042553,0.2765957446808511,1,14,0.0007452943100361153,new_scs_vi_1000,26092913
scs,895,True,38,38,0.42105263157894735,0.42105263157894735,2,6,0.0007452943100361153,new_scs_vi_1000,26092913
scs,896,True,13,13,0.5384615384615384,0.5384615384615384,1,4,0.0008991823124233633,new_scs_vi_1000,26092913
scs,897,True,11,11,0.7272727272727273,0.7272727272727273,1,0,0.0008991823124233633,new_scs_vi_1000,26092913
scs,898,True,109,109,0.29357798165137616,0.25688073394495414,1,4,0.0008991823124233633,new_scs_vi_1000,26092913
scs,899,True,18,18,0.3333333333333333,0.3333333333333333,1,0,0.0008991823124233633,new_scs_vi_1000,26092913
scs,900,True,51,51,0.3137254901960784,0.39215686274509803,6,3,0.0008991823124233633,new_scs_vi_1000,26092913
scs,901,True,24,24,0.3333333333333333,0.375,1,0,0.0008991823124233633,new_scs_vi_1000,26092913
scs,902,True,12,12,0.5833333333333334,0.5833333333333334,2,0,0.0008991823124233633,new_scs_vi_1000,26092913
scs,903,True,34,34,0.4117647058823529,0.4117647058823529,4,2,0.0008991823124233633,new_scs_vi_1000,26092913
scs,904,True,66,66,0.4090909090909091,0.45454545454545453,2,15,0.0008991823124233633,new_scs_vi_1000,26092913
scs,905,True,53,53,0.41509433962264153,0.41509433962264153,1,6,0.0008991823124233633,new_scs_vi_1000,26092913
scs,906,True,34,34,0.38235294117647056,0.38235294117647056,2,1,0.0008991823124233633,new_scs_vi_1000,26092913
scs,907,True,41,41,0.4878048780487805,0.5121951219512195,1,10,0.0008991823124233633,new_scs_vi_1000,26092913
scs,908,True,19,19,0.3157894736842105,0.47368421052631576,1,1,0.0008991823124233633,new_scs_vi_1000,26092913
scs,909,True,41,41,0.4146341463414634,0.4146341463414634,3,2,0.0008991823124233633,new_scs_vi_1000,26092913
scs,910,True,66,66,0.5151515151515151,0.5606060606060606,1,13,0.0008991823124233633,new_scs_vi_1000,26092913
scs,911,True,20,20,0.45,0.4,4,1,0.0008991823124233633,new_scs_vi_1000,26092913
scs,912,True,81,81,0.2839506172839506,0.32098765432098764,1,17,0.0008611693119746633,new_scs_vi_1000,26092913
scs,913,True,72,72,0.4722222222222222,0.4583333333333333,3,6,0.0008611693119746633,new_scs_vi_1000,26092913
scs,914,True,29,29,0.3448275862068966,0.3448275862068966,3,0,0.0008611693119746633,new_scs_vi_1000,26092913
scs,915,True,46,46,0.5217391304347826,0.43478260869565216,3,0,0.0008611693119746633,new_scs_vi_1000,26092913
scs,916,True,55,55,0.45454545454545453,0.32727272727272727,2,8,0.0008611693119746633,new_scs_vi_1000,26092913
scs,917,True,91,91,0.32967032967032966,0.3076923076923077,5,7,0.0008611693119746633,new_scs_vi_1000,26092913
scs,918,True,40,40,0.3,0.325,2,4,0.0008611693119746633,new_scs_vi_1000,26092913
scs,919,True,98,98,0.40816326530612246,0.3163265306122449,4,11,0.0008611693119746633,new_scs_vi_1000,26092913
scs,920,True,37,37,0.35135135135135137,0.21621621621621623,1,13,0.0008611693119746633,new_scs_vi_1000,26092913
scs,921,True,10,10,0.6,0.6,1,1,0.0008611693119746633,new_scs_vi_1000,26092913
scs,922,True,61,61,0.32786885245901637,0.36065573770491804,5,17,0.0008611693119746633,new_scs_vi_1000,26092913
scs,923,True,63,63,0.5555555555555556,0.5555555555555556,3,9,0.0008611693119746633,new_scs_vi_1000,26092913
scs,924,True,18,18,0.3333333333333333,0.4444444444444444,1,2,0.0008611693119746633,new_scs_vi_1000,26092913
scs,925,True,26,26,0.23076923076923078,0.23076923076923078,4,0,0.0008611693119746633,new_scs_vi_1000,26092913
scs,926,True,28,28,0.5357142857142857,0.4642857142857143,1,5,0.0008611693119746633,new_scs_vi_1000,26092913
scs,927,True,22,22,0.4090909090909091,0.5,1,1,0.0008611693119746633,new_scs_vi_1000,26092913
scs,928,True,38,38,0.39473684210526316,0.3157894736842105,1,11,0.0006095963726693299,new_scs_vi_1000,26092913
scs,929,True,17,17,0.47058823529411764,0.47058823529411764,1,0,0.0006095963726693299,new_scs_vi_1000,26092913
scs,930,True,50,50,0.54,0.44,2,2,0.0006095963726693299,new_scs_vi_1000,26092913
scs,931,True,43,43,0.3953488372093023,0.37209302325581395,3,5,0.0006095963726693299,new_scs_vi_1000,26092913
scs,932,True,66,66,0.3333333333333333,0.3181818181818182,5,10,0.0006095963726693299,new_scs_vi_1000,26092913
scs,933,True,47,47,0.6808510638297872,0.2553191489361702,1,8,0.0006095963726693299,new_scs_vi_1000,26092913
scs,934,True,66,66,0.3333333333333333,0.2878787878787879,1,2,0.0006095963726693299,new_scs_vi_1000,26092913
scs,935,True,29,29,0.4482758620689655,0.6551724137931034,2,0,0.0006095963726693299,new_scs_vi_1000,26092913
scs,936,True,42,42,0.2619047619047619,0.42857142857142855,1,12,0.0006095963726693299,new_scs_vi_1000,26092913
scs,937,True,23,23,0.6521739130434783,0.6086956521739131,1,0,0.0006095963726693299,new_scs_vi_1000,26092913
scs,938,True,27,27,0.4074074074074074,0.37037037037037035,1,2,0.0006095963726693299,new_scs_vi_1000,26092913
scs,939,True,52,52,0.34615384615384615,0.28846153846153844,3,1,0.0006095963726693299,new_scs_vi_1000,26092913
scs,940,True,11,11,0.8181818181818182,0.7272727272727273,1,0,0.0006095963726693299,new_scs_vi_1000,26092913
scs,941,True,47,47,0.2978723404255319,0.2765957446808511,2,6,0.0006095963726693299,new_scs_vi_1000,26092913
scs,942,True,26,26,0.5769230769230769,0.5384615384615384,1,4,0.0006095963726693299,new_scs_vi_1000,26092913
scs,943,True,24,24,0.4583333333333333,0.5416666666666666,6,4,0.0006095963726693299,new_scs_vi_1000,26092913
scs,944,True,59,59,0.4576271186440678,0.4067796610169492,2,4,0.0008466978761134669,new_scs_vi_1000,26092913
scs,945,True,24,24,0.375,0.375,3,10,0.0008466978761134669,new_scs_vi_1000,26092913
scs,946,True,47,47,0.46808510638297873,0.3617021276595745,2,1,0.0008466978761134669,new_scs_vi_1000,26092913
scs,947,True,24,24,0.5833333333333334,0.4583333333333333,1,5,0.0008466978761134669,new_scs_vi_1000,26092913
scs,948,True,99,99,0.25252525252525254,0.42424242424242425,3,3,0.0008466978761134669,new_scs_vi_1000,26092913
scs,949,True,69,69,0.30434782608695654,0.463768115942029,1,14,0.0008466978761134669,new_scs_vi_1000,26092913
scs,950,True,76,76,0.42105263157894735,0.35526315789473684,1,16,0.0008466978761134669,new_scs_vi_1000,26092913
scs,951,True,32,32,0.40625,0.53125,1,6,0.0008466978761134669,new_scs_vi_1000,26092913
scs,952,True,46,46,0.2826086956521739,0.2608695652173913,1,7,0.0008466978761134669,new_scs_vi_1000,26092913
scs,953,True,51,51,0.5490196078431373,0.45098039215686275,2,3,0.0008466978761134669,new_scs_vi_1000,26092913
scs,954,True,13,13,0.46153846153846156,0.46153846153846156,1,0,0.0008466978761134669,new_scs_vi_1000,26092913
scs,955,True,32,32,0.46875,0.4375,2,0,0.0008466978761134669,new_scs_vi_1000,26092913
scs,956,True,26,26,0.46153846153846156,0.5,2,4,0.0008466978761134669,new_scs_vi_1000,26092913
scs,957,True,17,17,0.5294117647058824,0.5294117647058824,2,2,0.0008466978761134669,new_scs_vi_1000,26092913
scs,958,True,49,49,0.40816326530612246,0.30612244897959184,5,6,0.0008466978761134669,new_scs_vi_1000,26092913
scs,959,True,57,57,0.3684210526315789,0.42105263157894735,3,5,0.0008466978761134669,new_scs_vi_1000,26092913
scs,960,True,28,28,0.35714285714285715,0.35714285714285715,1,3,0.0007432083766616415,new_scs_vi_1000,26092913
scs,961,True,15,15,0.4666666666666667,0.4666666666666667,1,3,0.0007432083766616415,new_scs_vi_1000,26092913
scs,962,True,22,22,0.6363636363636364,0.5909090909090909,1,0,0.0007432083766616415,new_scs_vi_1000,26092913
scs,963,True,55,55,0.43636363636363634,0.509090909090909,1,5,0.0007432083766616415,new_scs_vi_1000,26092913
scs,964,True,76,76,0.27631578947368424,0.4342105263157895,1,8,0.0007432083766616415,new_scs_vi_1000,26092913
scs,965,True,48,48,0.5,0.5416666666666666,1,2,0.0007432083766616415,new_scs_vi_1000,26092913
scs,966,True,20,20,0.45,0.35,3,5,0.0007432083766616415,new_scs_vi_1000,26092913
scs,967,True,65,65,0.3384615384615385,0.4,3,6,0.0007432083766616415,new_scs_vi_1000,26092913
scs,968,True,59,59,0.4406779661016949,0.3898305084745763,2,8,0.0007432083766616415,new_scs_vi_1000,26092913
scs,969,True,53,53,0.4339622641509434,0.37735849056603776,1,14,0.0007432083766616415,new_scs_vi_1000,26092913
scs,970,True,45,45,0.5333333333333333,0.5555555555555556,4,0,0.0007432083766616415,new_scs_vi_1000,26092913
scs,971,True,81,81,0.30864197530864196,0.38271604938271603,5,15,0.0007432083766616415,new_scs_vi_1000,26092913
scs,972,True,44,44,0.3181818181818182,0.4318181818181818,1,9,0.0007432083766616415,new_scs_vi_1000,26092913
scs,973,True,20,20,0.4,0.6,1,1,0.0007432083766616415,new_scs_vi_1000,26092913
scs,974,True,32,32,0.4375,0.3125,3,3,0.0007432083766616415,new_scs_vi_1000,26092913
scs,975,True,18,18,0.6666666666666666,0.6111111111111112,1,2,0.0007432083766616415,new_scs_vi_1000,26092913
scs,976,True,30,30,0.43333333333333335,0.3333333333333333,5,2,0.0007273828123288695,new_scs_vi_1000,26092913
scs,977,True,30,30,0.3,0.26666666666666666,4,2,0.0007273828123288695,new_scs_vi_1000,26092913
scs,978,True,65,65,0.3076923076923077,0.3076923076923077,4,5,0.0007273828123288695,new_scs_vi_1000,26092913
scs,979,True,82,82,0.23170731707317074,0.25609756097560976,8,4,0.0007273828123288695,new_scs_vi_1000,26092913
scs,980,True,28,28,0.25,0.2857142857142857,2,0,0.0007273828123288695,new_scs_vi_1000,26092913
scs,981,True,83,83,0.4819277108433735,0.37349397590361444,3,14,0.0007273828123288695,new_scs_vi_1000,26092913
scs,982,True,25,25,0.36,0.4,4,3,0.0007273828123288695,new_scs_vi_1000,26092913
scs,983,True,33,33,0.48484848484848486,0.48484848484848486,3,6,0.0007273828123288695,new_scs_vi_1000,26092913
scs,984,True,17,17,0.5882352941176471,0.5294117647058824,1,0,0.0007273828123288695,new_scs_vi_1000,26092913
scs,985,True,21,21,0.2857142857142857,0.3333333333333333,2,0,0.0007273828123288695,new_scs_vi_1000,26092913
scs,986,True,31,31,0.45161290322580644,0.45161290322580644,2,2,0.0007273828123288695,new_scs_vi_1000,26092913
scs,987,True,32,32,0.5625,0.65625,1,2,0.0007273828123288695,new_scs_vi_1000,26092913
scs,988,True,25,25,0.32,0.32,1,0,0.0007273828123288695,new_scs_vi_1000,26092913
scs,989,True,37,37,0.3783783783783784,0.4594594594594595,1,4,0.0007273828123288695,new_scs_vi_1000,26092913
scs,990,True,9,9,0.7777777777777778,0.7777777777777778,1,0,0.0007273828123288695,new_scs_vi_1000,26092913
scs,991,True,30,30,0.4666666666666667,0.43333333333333335,5,2,0.0007273828123288695,new_scs_vi_1000,26092913
scs,992,True,31,31,0.3870967741935484,0.45161290322580644,1,5,0.0018090261219185777,new_scs_vi_1000,26092913
scs,993,True,28,28,0.35714285714285715,0.39285714285714285,3,6,0.0018090261219185777,new_scs_vi_1000,26092913
scs,994,True,35,35,0.2857142857142857,0.3142857142857143,1,2,0.0018090261219185777,new_scs_vi_1000,26092913
scs,995,True,10,10,0.6,0.7,2,0,0.0018090261219185777,new_scs_vi_1000,26092913
scs,996,True,40,40,0.45,0.325,1,3,0.0018090261219185777,new_scs_vi_1000,26092913
scs,997,True,47,47,0.46808510638297873,0.3829787234042553,5,7,0.0018090261219185777,new_scs_vi_1000,26092913
scs,998,True,102,102,0.3137254901960784,0.22549019607843138,3,28,0.0018090261219185777,new_scs_vi_1000,26092913
scs,999,True,18,18,0.7222222222222222,0.7777777777777778,1,1,0.0018090261219185777,new_scs_vi_1000,26092913
