method,replicate,met,meeting_time,iterations,acceptance_rate_chain1,acceptance_rate_chain2,cutoff
stereographic,0,False,-1,1000000,0.0,0.0,1000000
stereographic,1,True,82,82,0.2682926829268293,0.3170731707317073,1000000
stereographic,2,False,-1,1000000,0.0,0.159012,1000000
stereographic,3,True,108,108,0.3703703703703703,0.3796296296296296,1000000
stereographic,4,True,25,25,0.4,0.28,1000000
stereographic,5,False,-1,1000000,0.0,0.182477,1000000
stereographic,6,False,-1,1000000,0.0,0.188299,1000000
stereographic,7,False,-1,1000000,0.0,0.168871,1000000
stereographic,8,False,-1,1000000,0.0,0.163502,1000000
stereographic,9,False,-1,1000000,0.192824,0.0,1000000
stereographic,10,True,33209,33209,0.1357162215062182,0.0001204492757987,1000000
stereographic,11,True,213122,213122,9.853511134467582e-05,0.1231313519955706,1000000
stereographic,12,False,-1,1000000,0.0,0.02397,1000000
stereographic,13,False,-1,1000000,0.0,0.0,1000000
stereographic,14,True,219625,219625,0.1657962435970404,0.0001138303927148,1000000
stereographic,15,False,-1,1000000,0.0,0.0,1000000
stereographic,16,True,2,2,1.0,1.0,1000000
stereographic,17,True,14,14,0.2142857142857142,0.2857142857142857,1000000
stereographic,18,False,-1,1000000,0.0,0.201341,1000000
stereographic,19,True,524433,524433,3.0509140347766065e-05,0.2109382895431828,1000000
stereographic,20,True,245,245,0.1469387755102041,0.1673469387755102,1000000
stereographic,21,True,20,20,0.4,0.65,1000000
stereographic,22,False,-1,1000000,0.0,0.112568,1000000
stereographic,23,True,88,88,0.3977272727272727,0.4545454545454545,1000000
stereographic,24,False,-1,1000000,0.0,0.167731,1000000
stereographic,25,True,7,7,0.5714285714285714,0.7142857142857143,1000000
stereographic,26,False,-1,1000000,0.0,0.193128,1000000
stereographic,27,False,-1,1000000,0.0,0.190392,1000000
stereographic,28,True,26,26,0.3846153846153846,0.5769230769230769,1000000
stereographic,29,True,12872,12872,0.1774394033561218,0.0006215040397762,1000000
stereographic,30,True,3,3,0.6666666666666666,0.6666666666666666,1000000
stereographic,31,True,40,40,0.45,0.475,1000000
stereographic,32,True,163,163,0.1901840490797546,0.2515337423312883,1000000
stereographic,33,True,78,78,0.1666666666666666,0.1794871794871795,1000000
stereographic,34,True,58,58,0.0862068965517241,0.4310344827586206,1000000
stereographic,35,False,-1,1000000,0.161276,0.0,1000000
stereographic,36,False,-1,1000000,0.0,0.167682,1000000
stereographic,37,False,-1,1000000,0.184848,0.0,1000000
stereographic,38,False,-1,1000000,0.0,0.164796,1000000
stereographic,39,False,-1,1000000,0.0,0.191389,1000000
stereographic,40,False,-1,1000000,0.0,0.188252,1000000
stereographic,41,True,60,60,0.3333333333333333,0.45,1000000
stereographic,42,False,-1,1000000,0.191215,0.0,1000000
stereographic,43,True,25475,25475,0.1969774288518155,0.0005888125613346,1000000
stereographic,44,True,17,17,0.1764705882352941,0.2352941176470588,1000000
stereographic,45,False,-1,1000000,0.0,0.191573,1000000
stereographic,46,True,51,51,0.3333333333333333,0.3137254901960784,1000000
stereographic,47,False,-1,1000000,0.129744,0.0,1000000
stereographic,48,False,-1,1000000,0.149769,0.0,1000000
stereographic,49,False,-1,1000000,0.166089,0.0,1000000
stereographic,50,False,-1,1000000,0.0,0.196268,1000000
stereographic,51,True,413,413,0.036319612590799,0.2493946731234866,1000000
stereographic,52,True,48,48,0.2708333333333333,0.25,1000000
stereographic,53,False,-1,1000000,0.0,0.20088,1000000
stereographic,54,False,-1,1000000,0.182562,0.0,1000000
stereographic,55,True,84,84,0.0238095238095238,0.3095238095238095,1000000
stereographic,56,False,-1,1000000,0.182459,0.0,1000000
stereographic,57,True,9,9,0.3333333333333333,0.3333333333333333,1000000
stereographic,58,True,22,22,0.5909090909090909,0.3636363636363636,1000000
stereographic,59,True,6,6,0.5,0.5,1000000
stereographic,60,True,68,68,0.3676470588235294,0.3823529411764705,1000000
stereographic,61,True,25,25,0.36,0.08,1000000
stereographic,62,False,-1,1000000,0.0,0.174042,1000000
stereographic,63,False,-1,1000000,0.162855,0.0,1000000
stereographic,64,True,15,15,0.4666666666666667,0.6,1000000
stereographic,65,True,173,173,0.2312138728323699,0.2138728323699422,1000000
stereographic,66,True,10,10,0.8,0.6,1000000
stereographic,67,False,-1,1000000,0.0,0.191363,1000000
stereographic,68,False,-1,1000000,0.158597,0.0,1000000
stereographic,69,False,-1,1000000,0.178632,0.0,1000000
stereographic,70,False,-1,1000000,0.0,0.186123,1000000
stereographic,71,False,-1,1000000,0.0,0.0,1000000
stereographic,72,True,7,7,0.2857142857142857,0.2857142857142857,1000000
stereographic,73,True,5,5,0.8,0.8,1000000
stereographic,74,True,129,129,0.2015503875968992,0.1782945736434108,1000000
stereographic,75,True,9636,9636,0.0050850975508509,0.2372353673723536,1000000
stereographic,76,False,-1,1000000,0.19509,0.0,1000000
stereographic,77,False,-1,1000000,0.0,0.192076,1000000
stereographic,78,True,157,157,0.0318471337579617,0.2484076433121019,1000000
stereographic,79,False,-1,1000000,0.160319,0.0,1000000
stereographic,80,False,-1,1000000,0.185446,0.0,1000000
stereographic,81,False,-1,1000000,0.0,0.154058,1000000
stereographic,82,True,19,19,0.3684210526315789,0.3684210526315789,1000000
stereographic,83,True,12,12,0.5833333333333334,0.5833333333333334,1000000
stereographic,84,True,108,108,0.1018518518518518,0.3888888888888889,1000000
stereographic,85,False,-1,1000000,0.135616,0.0,1000000
stereographic,86,True,65,65,0.3076923076923077,0.2769230769230769,1000000
stereographic,87,True,98,98,0.2755102040816326,0.2653061224489796,1000000
stereographic,88,False,-1,1000000,0.0,0.202345,1000000
stereographic,89,False,-1,1000000,0.0,0.176487,1000000
stereographic,90,False,-1,1000000,0.161547,0.0,1000000
stereographic,91,True,139,139,0.3884892086330935,0.1294964028776978,1000000
stereographic,92,False,-1,1000000,0.0,0.0,1000000
stereographic,93,True,24,24,0.2916666666666667,0.2916666666666667,1000000
stereographic,94,True,77,77,0.3766233766233766,0.3766233766233766,1000000
stereographic,95,False,-1,1000000,0.0,0.16136,1000000
stereographic,96,True,87,87,0.425287356321839,0.4137931034482758,1000000
stereographic,97,True,41,41,0.1707317073170731,0.4390243902439024,1000000
stereographic,98,True,280,280,0.0428571428571428,0.0464285714285714,1000000
stereographic,99,True,19,19,0.3157894736842105,0.3684210526315789,1000000
stereographic,100,False,-1,1000000,0.0,0.0,1000000
stereographic,101,True,9314,9314,0.0009662873094266,0.2336267983680481,1000000
stereographic,102,False,-1,1000000,0.18131,0.0,1000000
stereographic,103,False,-1,1000000,0.195478,0.0,1000000
stereographic,104,True,889122,889122,0.1916711092515987,2.0244690829829876e-05,1000000
stereographic,105,False,-1,1000000,0.133395,0.0,1000000
stereographic,106,True,18783,18783,0.0006388755789809,0.2220092636958952,1000000
stereographic,107,False,-1,1000000,0.0,0.187953,1000000
stereographic,108,False,-1,1000000,0.0,0.129985,1000000
stereographic,109,True,138,138,0.2898550724637681,0.2753623188405797,1000000
stereographic,110,False,-1,1000000,0.0,0.143015,1000000
stereographic,111,False,-1,1000000,0.0,0.108219,1000000
stereographic,112,False,-1,1000000,0.141123,0.0,1000000
stereographic,113,True,8,8,0.5,0.625,1000000
stereographic,114,True,3,3,0.6666666666666666,0.6666666666666666,1000000
stereographic,115,True,36350,36350,5.502063273727648e-05,0.2426960110041265,1000000
stereographic,116,True,1665,1665,0.0066066066066066,0.2018018018018018,1000000
stereographic,117,True,31693,31693,0.21878648281955,0.0018616098192029,1000000
stereographic,118,True,29,29,0.3793103448275862,0.2068965517241379,1000000
stereographic,119,True,10021,10021,0.2514719089911186,0.0037920367228819,1000000
stereographic,120,False,-1,1000000,0.0,0.0,1000000
stereographic,121,False,-1,1000000,0.187229,0.0,1000000
stereographic,122,False,-1,1000000,0.181701,0.0,1000000
stereographic,123,False,-1,1000000,0.178997,0.0,1000000
stereographic,124,True,152,152,0.2697368421052631,0.2565789473684211,1000000
stereographic,125,False,-1,1000000,0.168311,0.0,1000000
stereographic,126,False,-1,1000000,0.167698,0.0,1000000
stereographic,127,True,386947,386947,0.1696821528529747,3.101199905930269e-05,1000000
stereographic,128,True,48,48,0.3541666666666667,0.3333333333333333,1000000
stereographic,129,False,-1,1000000,0.205188,0.0,1000000
stereographic,130,True,274,274,0.3321167883211678,0.0291970802919708,1000000
stereographic,131,True,6,6,0.6666666666666666,0.3333333333333333,1000000
stereographic,132,True,33,33,0.303030303030303,0.3636363636363636,1000000
stereographic,133,False,-1,1000000,0.095094,0.0,1000000
stereographic,134,True,74,74,0.1756756756756756,0.1621621621621621,1000000
stereographic,135,False,-1,1000000,0.0,0.0,1000000
stereographic,136,False,-1,1000000,0.192032,0.0,1000000
stereographic,137,True,12,12,0.5,0.4166666666666667,1000000
stereographic,138,True,7,7,0.5714285714285714,0.7142857142857143,1000000
stereographic,139,True,366672,366672,2.1817864467425928e-05,0.2123750927259239,1000000
stereographic,140,True,28,28,0.4642857142857143,0.4642857142857143,1000000
stereographic,141,False,-1,1000000,0.0,0.173095,1000000
stereographic,142,True,1543,1543,0.001296176279974,0.3149708360337006,1000000
stereographic,143,False,-1,1000000,0.0,0.018863,1000000
stereographic,144,False,-1,1000000,0.0,0.0,1000000
stereographic,145,False,-1,1000000,0.0,0.138986,1000000
stereographic,146,True,282,282,0.1879432624113475,0.2695035460992908,1000000
stereographic,147,False,-1,1000000,0.197824,0.0,1000000
stereographic,148,True,107,107,0.2897196261682243,0.2803738317757009,1000000
stereographic,149,True,5,5,1.0,0.8,1000000
stereographic,150,False,-1,1000000,0.0,0.0,1000000
stereographic,151,False,-1,1000000,0.0,0.199811,1000000
stereographic,152,False,-1,1000000,0.170532,0.0,1000000
stereographic,153,False,-1,1000000,0.17978,0.0,1000000
stereographic,154,False,-1,1000000,0.200298,0.0,1000000
stereographic,155,True,344,344,0.2877906976744186,0.0377906976744186,1000000
stereographic,156,True,15538,15538,0.000707941820054,0.148989573947741,1000000
stereographic,157,False,-1,1000000,0.0,0.0,1000000
stereographic,158,True,145,145,0.296551724137931,0.0620689655172413,1000000
stereographic,159,False,-1,1000000,0.0,0.0,1000000
stereographic,160,False,-1,1000000,0.132299,0.0,1000000
stereographic,161,False,-1,1000000,0.177238,0.0,1000000
stereographic,162,False,-1,1000000,0.189225,0.0,1000000
stereographic,163,True,3346,3346,0.2343096234309623,0.0023909145248057,1000000
stereographic,164,True,131,131,0.1450381679389313,0.2671755725190839,1000000
stereographic,165,False,-1,1000000,0.0,0.0,1000000
stereographic,166,False,-1,1000000,0.196353,0.0,1000000
stereographic,167,True,251,251,0.3067729083665338,0.0796812749003984,1000000
stereographic,168,True,10,10,0.3,0.4,1000000
stereographic,169,True,16690,16690,0.0270820850808867,0.1674655482324745,1000000
stereographic,170,False,-1,1000000,0.152827,0.0,1000000
stereographic,171,True,69,69,0.391304347826087,0.463768115942029,1000000
stereographic,172,False,-1,1000000,0.154897,0.0,1000000
stereographic,173,True,556,556,0.2571942446043165,0.0755395683453237,1000000
stereographic,174,True,12,12,0.75,0.8333333333333334,1000000
stereographic,175,False,-1,1000000,0.0,0.16454,1000000
stereographic,176,True,282513,282513,0.1755388247620463,2.8317280974680812e-05,1000000
stereographic,177,True,147,147,0.0680272108843537,0.1224489795918367,1000000
stereographic,178,True,22,22,0.2727272727272727,0.4090909090909091,1000000
stereographic,179,False,-1,1000000,0.203578,0.0,1000000
stereographic,180,True,190,190,0.1947368421052631,0.2526315789473684,1000000
stereographic,181,False,-1,1000000,0.0678,0.0,1000000
stereographic,182,True,3,3,1.0,1.0,1000000
stereographic,183,True,153,153,0.2418300653594771,0.2026143790849673,1000000
stereographic,184,False,-1,1000000,0.0,0.17655,1000000
stereographic,185,True,64,64,0.21875,0.1875,1000000
stereographic,186,False,-1,1000000,0.0,0.0,1000000
stereographic,187,True,416,416,0.2139423076923076,0.0889423076923077,1000000
stereographic,188,True,131,131,0.4274809160305343,0.0763358778625954,1000000
stereographic,189,False,-1,1000000,0.183157,0.0,1000000
stereographic,190,False,-1,1000000,0.165909,0.0,1000000
stereographic,191,True,208,208,0.2067307692307692,0.2211538461538461,1000000
stereographic,192,False,-1,1000000,0.0,0.165871,1000000
stereographic,193,False,-1,1000000,0.0,0.171217,1000000
stereographic,194,False,-1,1000000,0.0,0.201446,1000000
stereographic,195,True,1117,1117,0.0053715308863025,0.2220232766338406,1000000
stereographic,196,False,-1,1000000,0.0,0.170288,1000000
stereographic,197,True,894837,894837,0.1986406462853011,3.3525658863010804e-06,1000000
stereographic,198,True,2,2,0.5,0.5,1000000
stereographic,199,False,-1,1000000,0.0,0.205828,1000000
stereographic,200,True,6,6,0.5,0.3333333333333333,1000000
stereographic,201,False,-1,1000000,0.0,0.0,1000000
stereographic,202,True,10,10,0.4,0.3,1000000
stereographic,203,False,-1,1000000,0.0,0.0,1000000
stereographic,204,True,6,6,0.3333333333333333,0.5,1000000
stereographic,205,False,-1,1000000,0.0,0.168472,1000000
stereographic,206,True,6,6,0.3333333333333333,0.5,1000000
stereographic,207,False,-1,1000000,0.0,0.0,1000000
stereographic,208,False,-1,1000000,0.0,0.19596,1000000
stereographic,209,True,8,8,0.5,0.5,1000000
stereographic,210,False,-1,1000000,0.0,0.193835,1000000
stereographic,211,True,33,33,0.3333333333333333,0.303030303030303,1000000
stereographic,212,False,-1,1000000,0.209519,0.0,1000000
stereographic,213,False,-1,1000000,0.0,0.171234,1000000
stereographic,214,True,581226,581226,2.752801836118825e-05,0.196328106450847,1000000
stereographic,215,True,6,6,0.6666666666666666,0.6666666666666666,1000000
stereographic,216,False,-1,1000000,0.205498,0.0,1000000
stereographic,217,False,-1,1000000,0.198858,0.0,1000000
stereographic,218,False,-1,1000000,0.197401,0.0,1000000
stereographic,219,False,-1,1000000,0.204119,0.0,1000000
stereographic,220,True,107,107,0.3457943925233644,0.102803738317757,1000000
stereographic,221,False,-1,1000000,0.111952,0.0,1000000
stereographic,222,False,-1,1000000,0.0,0.195056,1000000
stereographic,223,True,26,26,0.4230769230769231,0.3846153846153846,1000000
stereographic,224,True,33,33,0.2121212121212121,0.2121212121212121,1000000
stereographic,225,True,3,3,0.6666666666666666,0.6666666666666666,1000000
stereographic,226,False,-1,1000000,0.188263,0.0,1000000
stereographic,227,False,-1,1000000,0.158046,0.0,1000000
stereographic,228,True,87,87,0.2068965517241379,0.2068965517241379,1000000
stereographic,229,False,-1,1000000,0.0,0.0,1000000
stereographic,230,True,429248,429248,2.7955867004622036e-05,0.1597934061428358,1000000
stereographic,231,True,102086,102086,0.2219501204866485,3.918264992261427e-05,1000000
stereographic,232,True,57,57,0.3333333333333333,0.3684210526315789,1000000
stereographic,233,True,342163,342163,1.7535502085263455e-05,0.1611980255024652,1000000
stereographic,234,True,24,24,0.375,0.1666666666666666,1000000
stereographic,235,True,15,15,0.5333333333333333,0.4,1000000
stereographic,236,True,56,56,0.2678571428571428,0.3571428571428571,1000000
stereographic,237,True,382,382,0.0340314136125654,0.1518324607329843,1000000
stereographic,238,False,-1,1000000,0.140427,0.0,1000000
stereographic,239,False,-1,1000000,0.0,0.0,1000000
stereographic,240,False,-1,1000000,0.200062,0.0,1000000
stereographic,241,True,12,12,0.4166666666666667,0.4166666666666667,1000000
stereographic,242,False,-1,1000000,0.18223,0.0,1000000
stereographic,243,True,20,20,0.3,0.3,1000000
stereographic,244,True,37,37,0.4324324324324324,0.4054054054054054,1000000
stereographic,245,False,-1,1000000,0.195186,0.0,1000000
stereographic,246,True,72,72,0.375,0.3888888888888889,1000000
stereographic,247,True,249421,249421,0.0002846592708713,0.1816246426724293,1000000
stereographic,248,True,125,125,0.336,0.056,1000000
stereographic,249,True,12,12,0.6666666666666666,0.5833333333333334,1000000
stereographic,250,True,9,9,0.4444444444444444,0.4444444444444444,1000000
stereographic,251,True,36,36,0.3888888888888889,0.4166666666666667,1000000
stereographic,252,True,6954,6954,0.0005752085130859,0.1091458153580673,1000000
stereographic,253,True,1263,1263,0.2058590657165479,0.0134600158353127,1000000
stereographic,254,True,2139,2139,0.0425432445067788,0.2912575970079476,1000000
stereographic,255,True,19,19,0.3684210526315789,0.3684210526315789,1000000
stereographic,256,True,73,73,0.2465753424657534,0.2328767123287671,1000000
stereographic,257,True,35,35,0.3714285714285714,0.3142857142857143,1000000
stereographic,258,False,-1,1000000,0.0,0.176809,1000000
stereographic,259,False,-1,1000000,0.0,0.18643,1000000
stereographic,260,True,19989,19989,0.0005002751513332,0.0004002201210665,1000000
stereographic,261,True,13,13,0.3076923076923077,0.2307692307692307,1000000
stereographic,262,True,99,99,0.2727272727272727,0.2525252525252525,1000000
stereographic,263,True,722,722,0.0983379501385041,0.0152354570637119,1000000
stereographic,264,True,654,654,0.0030581039755351,0.2737003058103975,1000000
stereographic,265,True,22,22,0.5,0.4545454545454545,1000000
stereographic,266,False,-1,1000000,0.000177,0.0,1000000
stereographic,267,True,10,10,0.3,0.4,1000000
stereographic,268,True,4,4,0.5,0.5,1000000
stereographic,269,False,-1,1000000,0.204259,0.0,1000000
stereographic,270,True,7,7,0.5714285714285714,0.5714285714285714,1000000
stereographic,271,False,-1,1000000,0.184454,0.0,1000000
stereographic,272,False,-1,1000000,0.07487,0.0,1000000
stereographic,273,False,-1,1000000,0.0,0.195495,1000000
stereographic,274,False,-1,1000000,0.183116,0.0,1000000
stereographic,275,False,-1,1000000,0.0,0.182346,1000000
stereographic,276,False,-1,1000000,0.18278,0.0,1000000
stereographic,277,False,-1,1000000,0.191597,0.0,1000000
stereographic,278,False,-1,1000000,0.197295,0.0,1000000
stereographic,279,True,277,277,0.0974729241877256,0.0974729241877256,1000000
stereographic,280,True,1239,1239,0.0597255851493139,0.2033898305084746,1000000
stereographic,281,False,-1,1000000,0.189777,0.0,1000000
stereographic,282,False,-1,1000000,0.0,0.18769,1000000
stereographic,283,True,211,211,0.2748815165876777,0.3507109004739336,1000000
stereographic,284,True,191,191,0.1832460732984293,0.193717277486911,1000000
stereographic,285,True,3,3,0.6666666666666666,0.6666666666666666,1000000
stereographic,286,True,89,89,0.1685393258426966,0.1235955056179775,1000000
stereographic,287,True,33,33,0.3636363636363636,0.2424242424242424,1000000
stereographic,288,False,-1,1000000,0.191188,0.0,1000000
stereographic,289,False,-1,1000000,0.194399,0.0,1000000
stereographic,290,False,-1,1000000,0.180015,0.0,1000000
stereographic,291,True,91,91,0.1868131868131868,0.2747252747252747,1000000
stereographic,292,True,407104,407104,0.1823661767017764,3.930199654142431e-05,1000000
stereographic,293,False,-1,1000000,0.182007,0.0,1000000
stereographic,294,True,270,270,0.1222222222222222,0.1,1000000
stereographic,295,True,1666,1666,0.0078031212484993,0.127250900360144,1000000
stereographic,296,False,-1,1000000,0.0,0.146672,1000000
stereographic,297,True,9,9,0.4444444444444444,0.3333333333333333,1000000
stereographic,298,True,54973,54973,0.0005639131937496,0.1488730831499099,1000000
stereographic,299,True,24,24,0.5,0.375,1000000
stereographic,300,False,-1,1000000,0.0,0.0,1000000
stereographic,301,False,-1,1000000,0.0,0.163054,1000000
stereographic,302,True,78,78,0.3333333333333333,0.282051282051282,1000000
stereographic,303,False,-1,1000000,0.0,0.208653,1000000
stereographic,304,True,865,865,0.0127167630057803,0.1838150289017341,1000000
stereographic,305,False,-1,1000000,0.0,0.167729,1000000
stereographic,306,False,-1,1000000,0.193626,0.0,1000000
stereographic,307,False,-1,1000000,0.0,0.0,1000000
stereographic,308,False,-1,1000000,0.197779,0.0,1000000
stereographic,309,False,-1,1000000,0.201963,0.0,1000000
stereographic,310,True,44742,44742,0.0002235036431093,0.085445442760717,1000000
stereographic,311,False,-1,1000000,0.0,0.192716,1000000
stereographic,312,True,4,4,0.5,0.5,1000000
stereographic,313,True,25,25,0.44,0.36,1000000
stereographic,314,False,-1,1000000,0.0,0.0,1000000
stereographic,315,False,-1,1000000,0.179995,0.0,1000000
stereographic,316,False,-1,1000000,0.172589,0.0,1000000
stereographic,317,False,-1,1000000,0.0,0.205362,1000000
stereographic,318,True,136,136,0.1470588235294117,0.088235294117647,1000000
stereographic,319,True,24,24,0.5,0.5,1000000
stereographic,320,False,-1,1000000,0.169605,0.0,1000000
stereographic,321,True,168,168,0.3392857142857143,0.2857142857142857,1000000
stereographic,322,False,-1,1000000,0.196172,0.0,1000000
stereographic,323,True,4,4,0.5,0.5,1000000
stereographic,324,False,-1,1000000,0.0,0.175636,1000000
stereographic,325,False,-1,1000000,0.0,0.202094,1000000
stereographic,326,False,-1,1000000,0.0,0.0,1000000
stereographic,327,True,20,20,0.3,0.4,1000000
stereographic,328,True,143,143,0.3636363636363636,0.0769230769230769,1000000
stereographic,329,True,29,29,0.2758620689655172,0.2413793103448276,1000000
stereographic,330,False,-1,1000000,0.181445,0.0,1000000
stereographic,331,False,-1,1000000,0.0,0.152241,1000000
stereographic,332,True,44,44,0.5,0.4545454545454545,1000000
stereographic,333,False,-1,1000000,0.201433,0.0,1000000
stereographic,334,True,70814,70814,0.2213404129127008,0.0001270935125822,1000000
stereographic,335,True,28691,28691,0.0004879578962043,0.2025373810602628,1000000
stereographic,336,True,63,63,0.4444444444444444,0.4761904761904761,1000000
stereographic,337,True,26,26,0.3846153846153846,0.5,1000000
stereographic,338,False,-1,1000000,0.187492,0.0,1000000
stereographic,339,True,487,487,0.3531827515400411,0.0616016427104722,1000000
stereographic,340,False,-1,1000000,0.201468,0.0,1000000
stereographic,341,False,-1,1000000,0.0,0.186217,1000000
stereographic,342,False,-1,1000000,0.0,0.200205,1000000
stereographic,343,True,39,39,0.282051282051282,0.282051282051282,1000000
stereographic,344,False,-1,1000000,0.172801,0.0,1000000
stereographic,345,True,326,326,0.0552147239263803,0.3220858895705521,1000000
stereographic,346,False,-1,1000000,0.0,0.189218,1000000
stereographic,347,True,64,64,0.171875,0.15625,1000000
stereographic,348,False,-1,1000000,0.057745,0.0,1000000
stereographic,349,False,-1,1000000,0.0,0.161494,1000000
stereographic,350,False,-1,1000000,0.196235,0.0,1000000
stereographic,351,True,44,44,0.1818181818181818,0.1136363636363636,1000000
stereographic,352,False,-1,1000000,0.0,0.209033,1000000
stereographic,353,True,39,39,0.2051282051282051,0.3846153846153846,1000000
stereographic,354,True,71,71,0.2394366197183098,0.2676056338028169,1000000
stereographic,355,False,-1,1000000,0.196932,0.0,1000000
stereographic,356,True,33,33,0.4242424242424242,0.4242424242424242,1000000
stereographic,357,False,-1,1000000,0.159708,0.0,1000000
stereographic,358,True,46,46,0.1304347826086956,0.108695652173913,1000000
stereographic,359,False,-1,1000000,0.0,0.186451,1000000
stereographic,360,True,26,26,0.4230769230769231,0.4615384615384615,1000000
stereographic,361,True,35141,35141,0.1538089411229048,0.0002276543069349,1000000
stereographic,362,False,-1,1000000,0.178937,0.0,1000000
stereographic,363,False,-1,1000000,0.106415,0.0,1000000
stereographic,364,True,75,75,0.2133333333333333,0.1066666666666666,1000000
stereographic,365,True,2854,2854,0.1885073580939033,0.0262789067974772,1000000
stereographic,366,True,100500,100500,1.990049751243781e-05,0.1964875621890547,1000000
stereographic,367,False,-1,1000000,0.161728,0.0,1000000
stereographic,368,False,-1,1000000,0.174144,0.0,1000000
stereographic,369,True,1125,1125,0.1644444444444444,0.0071111111111111,1000000
stereographic,370,False,-1,1000000,0.182635,0.0,1000000
stereographic,371,True,58,58,0.2586206896551724,0.2068965517241379,1000000
stereographic,372,False,-1,1000000,0.0,0.19074,1000000
stereographic,373,True,31,31,0.1612903225806451,0.5483870967741935,1000000
stereographic,374,True,28,28,0.4642857142857143,0.2857142857142857,1000000
stereographic,375,True,98,98,0.3469387755102041,0.4081632653061224,1000000
stereographic,376,True,761,761,0.0486202365308804,0.2325886990801577,1000000
stereographic,377,True,99,99,0.2626262626262626,0.3232323232323232,1000000
stereographic,378,True,34,34,0.1764705882352941,0.4705882352941176,1000000
stereographic,379,True,311,311,0.2990353697749196,0.2990353697749196,1000000
stereographic,380,True,35,35,0.0857142857142857,0.3142857142857143,1000000
stereographic,381,False,-1,1000000,0.0,0.05035,1000000
stereographic,382,True,16,16,0.375,0.3125,1000000
stereographic,383,True,4566,4566,0.0067893123083661,0.2777047744196233,1000000
stereographic,384,False,-1,1000000,0.198435,0.0,1000000
stereographic,385,False,-1,1000000,0.0,0.197918,1000000
stereographic,386,True,154,154,0.0389610389610389,0.3506493506493506,1000000
stereographic,387,True,9,9,0.4444444444444444,0.4444444444444444,1000000
stereographic,388,True,25,25,0.4,0.28,1000000
stereographic,389,True,1134,1134,0.0696649029982363,0.1887125220458553,1000000
stereographic,390,True,4333,4333,0.2307869836141241,0.0020770828525271,1000000
stereographic,391,True,23,23,0.391304347826087,0.3478260869565217,1000000
stereographic,392,True,4,4,0.75,0.75,1000000
stereographic,393,False,-1,1000000,0.0,0.098453,1000000
stereographic,394,True,150,150,0.1,0.2866666666666667,1000000
stereographic,395,True,25,25,0.36,0.36,1000000
stereographic,396,False,-1,1000000,0.0,0.198453,1000000
stereographic,397,False,-1,1000000,0.0,0.161065,1000000
stereographic,398,True,3452,3452,0.2653534183082271,0.0005793742757821,1000000
stereographic,399,False,-1,1000000,0.195191,0.0,1000000
stereographic,400,False,-1,1000000,0.182155,0.0,1000000
stereographic,401,True,2,2,0.5,0.5,1000000
stereographic,402,True,403,403,0.2853598014888337,0.0198511166253101,1000000
stereographic,403,False,-1,1000000,0.0,0.0,1000000
stereographic,404,True,68622,68622,0.1995424207979948,0.0002331613768179,1000000
stereographic,405,True,23,23,0.5652173913043478,0.4347826086956521,1000000
stereographic,406,True,23,23,0.5652173913043478,0.5217391304347826,1000000
stereographic,407,False,-1,1000000,0.203649,0.0,1000000
stereographic,408,True,83,83,0.2650602409638554,0.253012048192771,1000000
stereographic,409,False,-1,1000000,0.0,0.0,1000000
stereographic,410,True,244,244,0.3360655737704918,0.3319672131147541,1000000
stereographic,411,False,-1,1000000,0.197853,0.0,1000000
stereographic,412,True,79,79,0.2531645569620253,0.2784810126582278,1000000
stereographic,413,True,48,48,0.375,0.375,1000000
stereographic,414,False,-1,1000000,0.0,0.0,1000000
stereographic,415,True,236,236,0.0847457627118644,0.1949152542372881,1000000
stereographic,416,False,-1,1000000,0.204911,0.0,1000000
stereographic,417,True,5,5,0.8,0.8,1000000
stereographic,418,True,24,24,0.3333333333333333,0.5,1000000
stereographic,419,False,-1,1000000,0.0,0.150705,1000000
stereographic,420,False,-1,1000000,0.177683,0.0,1000000
stereographic,421,False,-1,1000000,0.0,0.190464,1000000
stereographic,422,True,14218,14218,0.2368124912083274,0.0006330004220002,1000000
stereographic,423,False,-1,1000000,0.181385,0.0,1000000
stereographic,424,False,-1,1000000,0.0,0.174375,1000000
stereographic,425,True,56,56,0.2142857142857142,0.1964285714285714,1000000
stereographic,426,False,-1,1000000,0.178557,0.0,1000000
stereographic,427,False,-1,1000000,0.214117,0.0,1000000
stereographic,428,True,32,32,0.4375,0.125,1000000
stereographic,429,False,-1,1000000,0.0,0.113148,1000000
stereographic,430,False,-1,1000000,0.193837,0.0,1000000
stereographic,431,True,4,4,0.5,0.5,1000000
stereographic,432,True,16575,16575,0.0033182503770739,0.2091101055806938,1000000
stereographic,433,True,32,32,0.3125,0.4375,1000000
stereographic,434,True,5,5,0.4,0.4,1000000
stereographic,435,True,44,44,0.25,0.0681818181818181,1000000
stereographic,436,False,-1,1000000,0.095212,0.0,1000000
stereographic,437,True,4,4,0.75,0.75,1000000
stereographic,438,True,7,7,0.5714285714285714,0.5714285714285714,1000000
stereographic,439,True,1,1,1.0,1.0,1000000
stereographic,440,False,-1,1000000,0.111297,0.0,1000000
stereographic,441,True,33,33,0.5151515151515151,0.4545454545454545,1000000
stereographic,442,True,236008,236008,5.93200230500661e-05,5.93200230500661e-05,1000000
stereographic,443,False,-1,1000000,0.0,0.208331,1000000
stereographic,444,True,646741,646741,1.2369712141336332e-05,0.1231312070828971,1000000
stereographic,445,False,-1,1000000,0.193459,0.0,1000000
stereographic,446,False,-1,1000000,0.0,0.191706,1000000
stereographic,447,False,-1,1000000,0.185507,0.0,1000000
stereographic,448,False,-1,1000000,0.0,0.148108,1000000
stereographic,449,True,163518,163518,0.1979476265609902,0.0001895815751171,1000000
stereographic,450,False,-1,1000000,0.0,0.18082,1000000
stereographic,451,True,11,11,0.5454545454545454,0.5454545454545454,1000000
stereographic,452,False,-1,1000000,0.0,0.191698,1000000
stereographic,453,False,-1,1000000,0.0,0.070143,1000000
stereographic,454,True,36,36,0.3611111111111111,0.3333333333333333,1000000
stereographic,455,False,-1,1000000,0.175741,0.0,1000000
stereographic,456,True,61,61,0.360655737704918,0.081967213114754,1000000
stereographic,457,True,103,103,0.2621359223300971,0.203883495145631,1000000
stereographic,458,False,-1,1000000,0.165855,0.0,1000000
stereographic,459,False,-1,1000000,0.0,0.0,1000000
stereographic,460,False,-1,1000000,0.136465,0.0,1000000
stereographic,461,True,39,39,0.2307692307692307,0.2564102564102564,1000000
stereographic,462,False,-1,1000000,0.194423,0.0,1000000
stereographic,463,False,-1,1000000,0.0,0.0,1000000
stereographic,464,True,11,11,0.1818181818181818,0.3636363636363636,1000000
stereographic,465,False,-1,1000000,0.180354,0.0,1000000
stereographic,466,False,-1,1000000,0.0,0.0,1000000
stereographic,467,False,-1,1000000,0.0,0.0,1000000
stereographic,468,True,27,27,0.4814814814814814,0.5185185185185185,1000000
stereographic,469,True,256,256,0.13671875,0.1796875,1000000
stereographic,470,True,19,19,0.3684210526315789,0.2631578947368421,1000000
stereographic,471,True,2,2,1.0,1.0,1000000
stereographic,472,True,783158,783158,7.661289292837461e-06,0.2018315588936076,1000000
stereographic,473,True,27,27,0.3703703703703703,0.4074074074074074,1000000
stereographic,474,True,96,96,0.3333333333333333,0.28125,1000000
stereographic,475,True,596993,596993,0.154701981430268,3.3501230332683967e-06,1000000
stereographic,476,True,65,65,0.0923076923076923,0.3384615384615385,1000000
stereographic,477,True,45,45,0.1777777777777777,0.3333333333333333,1000000
stereographic,478,True,2,2,1.0,1.0,1000000
stereographic,479,False,-1,1000000,0.0,0.068338,1000000
stereographic,480,True,18,18,0.3888888888888889,0.2777777777777778,1000000
stereographic,481,True,80855,80855,0.1922082740708676,0.0003339311112485,1000000
stereographic,482,False,-1,1000000,0.0,0.199214,1000000
stereographic,483,True,76,76,0.2894736842105263,0.2368421052631578,1000000
stereographic,484,True,9,9,0.5555555555555556,0.5555555555555556,1000000
stereographic,485,False,-1,1000000,0.0,0.179227,1000000
stereographic,486,True,40,40,0.35,0.325,1000000
stereographic,487,True,447311,447311,3.576929697682373e-05,0.1822825729749548,1000000
stereographic,488,True,4,4,0.5,0.5,1000000
stereographic,489,True,28,28,0.1071428571428571,0.4285714285714285,1000000
stereographic,490,False,-1,1000000,0.0,0.17896,1000000
stereographic,491,False,-1,1000000,0.126489,0.0,1000000
stereographic,492,False,-1,1000000,0.152877,0.0,1000000
stereographic,493,False,-1,1000000,0.0,0.186964,1000000
stereographic,494,True,23,23,0.5217391304347826,0.217391304347826,1000000
stereographic,495,True,4306,4306,0.0016256386437529,0.2849512308406874,1000000
stereographic,496,False,-1,1000000,0.0,0.0,1000000
stereographic,497,False,-1,1000000,0.0,0.187109,1000000
stereographic,498,True,1193,1193,0.0067057837384744,0.2766135792120704,1000000
stereographic,499,False,-1,1000000,0.198211,0.0,1000000
stereographic,500,False,-1,1000000,0.192703,0.0,1000000
stereographic,501,False,-1,1000000,0.0,0.0,1000000
stereographic,502,True,50,50,0.44,0.5,1000000
stereographic,503,False,-1,1000000,0.0,0.189269,1000000
stereographic,504,True,253,253,0.2569169960474308,0.3280632411067193,1000000
stereographic,505,False,-1,1000000,0.176043,0.0,1000000
stereographic,506,True,81,81,0.3703703703703703,0.0493827160493827,1000000
stereographic,507,True,21,21,0.7142857142857143,0.5714285714285714,1000000
stereographic,508,False,-1,1000000,0.0,0.20033,1000000
stereographic,509,False,-1,1000000,0.0,0.0557,1000000
stereographic,510,True,36,36,0.1388888888888889,0.4444444444444444,1000000
stereographic,511,False,-1,1000000,0.184176,0.0,1000000
stereographic,512,True,14,14,0.4285714285714285,0.3571428571428571,1000000
stereographic,513,False,-1,1000000,0.150734,0.0,1000000
stereographic,514,True,804,804,0.1840796019900497,0.0111940298507462,1000000
stereographic,515,True,164,164,0.1524390243902439,0.274390243902439,1000000
stereographic,516,True,29,29,0.3103448275862069,0.2413793103448276,1000000
stereographic,517,False,-1,1000000,0.197438,0.0,1000000
stereographic,518,True,54,54,0.4074074074074074,0.3703703703703703,1000000
stereographic,519,False,-1,1000000,0.0,0.0,1000000
stereographic,520,False,-1,1000000,0.181572,0.0,1000000
stereographic,521,False,-1,1000000,0.0,0.0,1000000
stereographic,522,False,-1,1000000,0.143627,0.0,1000000
stereographic,523,False,-1,1000000,0.0,0.0,1000000
stereographic,524,False,-1,1000000,0.0,0.158677,1000000
stereographic,525,False,-1,1000000,0.0,0.0,1000000
stereographic,526,False,-1,1000000,0.194376,0.0,1000000
stereographic,527,False,-1,1000000,0.183722,0.0,1000000
stereographic,528,True,507,507,0.0276134122287968,0.291913214990138,1000000
stereographic,529,True,258,258,0.0620155038759689,0.2170542635658914,1000000
stereographic,530,True,18134,18134,0.2219587515164883,0.0001102900628653,1000000
stereographic,531,False,-1,1000000,0.0,0.193495,1000000
stereographic,532,True,47,47,0.5106382978723404,0.425531914893617,1000000
stereographic,533,True,25038,25038,7.987858455148175e-05,0.1970205287962297,1000000
stereographic,534,False,-1,1000000,0.0,0.181545,1000000
stereographic,535,False,-1,1000000,0.0,0.111808,1000000
stereographic,536,True,77,77,0.3506493506493506,0.3376623376623376,1000000
stereographic,537,False,-1,1000000,0.0,0.137724,1000000
stereographic,538,True,39,39,0.3333333333333333,0.1794871794871795,1000000
stereographic,539,False,-1,1000000,0.0,0.194098,1000000
stereographic,540,False,-1,1000000,0.165049,0.0,1000000
stereographic,541,True,3,3,1.0,1.0,1000000
stereographic,542,True,512,512,0.23046875,0.01953125,1000000
stereographic,543,False,-1,1000000,0.194364,0.0,1000000
stereographic,544,True,103861,103861,0.2126977402489866,3.8513012584126865e-05,1000000
stereographic,545,False,-1,1000000,0.0,0.19603,1000000
stereographic,546,True,22702,22702,0.1603382961853581,0.0003083428772795,1000000
stereographic,547,True,29,29,0.4137931034482758,0.3793103448275862,1000000
stereographic,548,True,29,29,0.3103448275862069,0.3793103448275862,1000000
stereographic,549,False,-1,1000000,0.0,0.159167,1000000
stereographic,550,True,20,20,0.45,0.55,1000000
stereographic,551,False,-1,1000000,0.0,0.196156,1000000
stereographic,552,False,-1,1000000,0.0,0.198145,1000000
stereographic,553,True,28,28,0.3928571428571428,0.3928571428571428,1000000
stereographic,554,True,28,28,0.4642857142857143,0.4285714285714285,1000000
stereographic,555,True,186,186,0.2634408602150537,0.2526881720430107,1000000
stereographic,556,True,530,530,0.1245283018867924,0.0245283018867924,1000000
stereographic,557,True,114,114,0.3245614035087719,0.2894736842105263,1000000
stereographic,558,False,-1,1000000,0.0,0.198897,1000000
stereographic,559,False,-1,1000000,0.0,0.206385,1000000
stereographic,560,False,-1,1000000,0.181591,0.0,1000000
stereographic,561,True,5995,5995,0.0003336113427856,0.1379482902418682,1000000
stereographic,562,False,-1,1000000,0.0,0.212561,1000000
stereographic,563,True,35,35,0.3428571428571428,0.4857142857142857,1000000
stereographic,564,True,28,28,0.3571428571428571,0.3571428571428571,1000000
stereographic,565,False,-1,1000000,0.0,0.0,1000000
stereographic,566,True,166,166,0.2469879518072289,0.072289156626506,1000000
stereographic,567,True,27,27,0.3333333333333333,0.3333333333333333,1000000
stereographic,568,True,52,52,0.4038461538461538,0.4230769230769231,1000000
stereographic,569,False,-1,1000000,0.167878,0.0,1000000
stereographic,570,True,23,23,0.4347826086956521,0.4782608695652174,1000000
stereographic,571,True,24786,24786,0.2573630275155329,0.0027434842249657,1000000
stereographic,572,False,-1,1000000,0.0,0.173483,1000000
stereographic,573,True,3323,3323,0.0634968402046343,0.0616912428528438,1000000
stereographic,574,True,16,16,0.75,0.75,1000000
stereographic,575,True,60,60,0.1333333333333333,0.1333333333333333,1000000
stereographic,576,False,-1,1000000,0.189982,0.0,1000000
stereographic,577,True,104,104,0.1538461538461538,0.2307692307692307,1000000
stereographic,578,False,-1,1000000,0.0,0.186305,1000000
stereographic,579,False,-1,1000000,0.183733,0.0,1000000
stereographic,580,True,237,237,0.050632911392405,0.2995780590717299,1000000
stereographic,581,False,-1,1000000,0.0,0.19063,1000000
stereographic,582,True,108,108,0.2037037037037037,0.2037037037037037,1000000
stereographic,583,False,-1,1000000,0.203943,0.0,1000000
stereographic,584,False,-1,1000000,0.0,0.17873,1000000
stereographic,585,True,45,45,0.1333333333333333,0.4666666666666667,1000000
stereographic,586,False,-1,1000000,0.0,0.0,1000000
stereographic,587,True,13,13,0.4615384615384615,0.3846153846153846,1000000
stereographic,588,True,30,30,0.4333333333333333,0.5,1000000
stereographic,589,False,-1,1000000,0.202948,0.0,1000000
stereographic,590,True,8,8,0.75,0.75,1000000
stereographic,591,False,-1,1000000,0.0,0.116594,1000000
stereographic,592,True,18,18,0.5,0.5,1000000
stereographic,593,False,-1,1000000,0.192399,0.0,1000000
stereographic,594,True,12,12,0.75,0.6666666666666666,1000000
stereographic,595,True,2235,2235,0.2111856823266219,0.0058165548098434,1000000
stereographic,596,True,43,43,0.3488372093023256,0.3488372093023256,1000000
stereographic,597,False,-1,1000000,0.0,0.195772,1000000
stereographic,598,False,-1,1000000,0.0,0.178453,1000000
stereographic,599,False,-1,1000000,0.0,0.164786,1000000
stereographic,600,True,78,78,0.1153846153846153,0.1538461538461538,1000000
stereographic,601,True,12,12,0.5,0.1666666666666666,1000000
stereographic,602,True,172,172,0.2209302325581395,0.2267441860465116,1000000
stereographic,603,False,-1,1000000,0.0,0.17508,1000000
stereographic,604,False,-1,1000000,0.0,0.052531,1000000
stereographic,605,True,118,118,0.3559322033898305,0.3050847457627119,1000000
stereographic,606,True,26,26,0.4230769230769231,0.5,1000000
stereographic,607,False,-1,1000000,0.174251,0.0,1000000
stereographic,608,False,-1,1000000,0.178101,0.0,1000000
stereographic,609,True,114,114,0.2807017543859649,0.3157894736842105,1000000
stereographic,610,False,-1,1000000,0.0,0.198179,1000000
stereographic,611,True,743748,743748,0.1922210210985441,8.067248584197874e-06,1000000
stereographic,612,True,31,31,0.2903225806451613,0.2903225806451613,1000000
stereographic,613,True,2786,2786,0.2121320890165111,0.0053840631730078,1000000
stereographic,614,True,86,86,0.1744186046511628,0.127906976744186,1000000
stereographic,615,False,-1,1000000,0.0,0.0,1000000
stereographic,616,False,-1,1000000,0.17286,0.0,1000000
stereographic,617,True,699,699,0.0271816881258941,0.0715307582260372,1000000
stereographic,618,False,-1,1000000,0.0,0.199525,1000000
stereographic,619,True,60,60,0.3166666666666666,0.2166666666666666,1000000
stereographic,620,True,24584,24584,0.0007728603970061,0.2039944679466319,1000000
stereographic,621,True,48,48,0.125,0.375,1000000
stereographic,622,True,2358,2358,0.1458863443596268,0.006785411365564,1000000
stereographic,623,True,58,58,0.4655172413793103,0.3448275862068966,1000000
stereographic,624,True,4,4,0.5,0.5,1000000
stereographic,625,True,59,59,0.1525423728813559,0.2542372881355932,1000000
stereographic,626,False,-1,1000000,0.0,0.193963,1000000
stereographic,627,True,138398,138398,0.1946776687524386,1.445107588259946e-05,1000000
stereographic,628,False,-1,1000000,0.0,0.184436,1000000
stereographic,629,True,34,34,0.2941176470588235,0.3529411764705882,1000000
stereographic,630,True,1183,1183,0.0033812341504649,0.1834319526627219,1000000
stereographic,631,False,-1,1000000,0.0,0.155819,1000000
stereographic,632,True,68,68,0.25,0.2647058823529412,1000000
stereographic,633,False,-1,1000000,0.199822,0.0,1000000
stereographic,634,True,3,3,0.6666666666666666,0.6666666666666666,1000000
stereographic,635,True,73,73,0.1506849315068493,0.3424657534246575,1000000
stereographic,636,True,208,208,0.1586538461538461,0.1009615384615384,1000000
stereographic,637,True,29,29,0.3793103448275862,0.3793103448275862,1000000
stereographic,638,False,-1,1000000,0.0,0.153573,1000000
stereographic,639,True,126,126,0.3888888888888889,0.373015873015873,1000000
stereographic,640,True,45,45,0.3555555555555555,0.2888888888888888,1000000
stereographic,641,True,1623,1623,0.006777572396796,0.2094886013555144,1000000
stereographic,642,True,195,195,0.2564102564102564,0.2615384615384615,1000000
stereographic,643,False,-1,1000000,0.0,0.196174,1000000
stereographic,644,True,784,784,0.3316326530612244,0.0025510204081632,1000000
stereographic,645,True,98,98,0.2959183673469387,0.2755102040816326,1000000
stereographic,646,True,52,52,0.2692307692307692,0.25,1000000
stereographic,647,False,-1,1000000,0.155743,0.0,1000000
stereographic,648,False,-1,1000000,0.205,0.0,1000000
stereographic,649,True,20126,20126,0.1959157308953592,0.0004471827486832,1000000
stereographic,650,True,76,76,0.3552631578947368,0.3947368421052631,1000000
stereographic,651,False,-1,1000000,0.0,0.0,1000000
stereographic,652,True,43,43,0.3953488372093023,0.3720930232558139,1000000
stereographic,653,True,143,143,0.3216783216783216,0.3216783216783216,1000000
stereographic,654,False,-1,1000000,0.063954,0.0,1000000
stereographic,655,True,67,67,0.2686567164179104,0.3283582089552239,1000000
stereographic,656,True,90,90,0.4,0.3444444444444444,1000000
stereographic,657,True,121,121,0.1074380165289256,0.4297520661157025,1000000
stereographic,658,False,-1,1000000,0.0,0.170724,1000000
stereographic,659,True,688,688,0.0087209302325581,0.2936046511627907,1000000
stereographic,660,False,-1,1000000,0.0,0.185037,1000000
stereographic,661,True,122,122,0.2295081967213114,0.2131147540983606,1000000
stereographic,662,True,65,65,0.0461538461538461,0.2153846153846154,1000000
stereographic,663,False,-1,1000000,0.0,0.0,1000000
stereographic,664,False,-1,1000000,0.0,0.0,1000000
stereographic,665,False,-1,1000000,0.165695,0.0,1000000
stereographic,666,False,-1,1000000,0.19235,0.0,1000000
stereographic,667,False,-1,1000000,0.0,0.094974,1000000
stereographic,668,False,-1,1000000,0.19083,0.0,1000000
stereographic,669,False,-1,1000000,0.175095,0.0,1000000
stereographic,670,False,-1,1000000,0.0,0.15642,1000000
stereographic,671,True,3656,3656,0.236597374179431,0.0008205689277899,1000000
stereographic,672,True,34114,34114,0.000175880870024,0.2093861757636161,1000000
stereographic,673,True,92,92,0.4021739130434782,0.391304347826087,1000000
stereographic,674,False,-1,1000000,0.106798,0.0,1000000
stereographic,675,True,16,16,0.4375,0.5,1000000
stereographic,676,True,275749,275749,0.0002466010756158,0.2033153338724709,1000000
stereographic,677,True,3,3,1.0,0.6666666666666666,1000000
stereographic,678,False,-1,1000000,0.172188,0.0,1000000
stereographic,679,False,-1,1000000,0.0,0.192917,1000000
stereographic,680,True,33,33,0.2727272727272727,0.2727272727272727,1000000
stereographic,681,False,-1,1000000,0.191113,0.0,1000000
stereographic,682,False,-1,1000000,0.173332,0.0,1000000
stereographic,683,False,-1,1000000,0.0,0.0,1000000
stereographic,684,True,4,4,0.5,0.5,1000000
stereographic,685,False,-1,1000000,0.0,0.0,1000000
stereographic,686,True,20,20,0.25,0.25,1000000
stereographic,687,True,68,68,0.2352941176470588,0.2205882352941176,1000000
stereographic,688,False,-1,1000000,0.20184,0.0,1000000
stereographic,689,False,-1,1000000,0.0,0.190095,1000000
stereographic,690,False,-1,1000000,0.0,0.15682,1000000
stereographic,691,True,7,7,0.7142857142857143,0.5714285714285714,1000000
stereographic,692,False,-1,1000000,0.0,0.18313,1000000
stereographic,693,False,-1,1000000,0.0,0.183105,1000000
stereographic,694,True,10,10,0.5,0.2,1000000
stereographic,695,True,77,77,0.1688311688311688,0.1428571428571428,1000000
stereographic,696,False,-1,1000000,0.0,0.0,1000000
stereographic,697,False,-1,1000000,0.0,0.144903,1000000
stereographic,698,True,171,171,0.1578947368421052,0.1461988304093567,1000000
stereographic,699,False,-1,1000000,0.193746,0.0,1000000
stereographic,700,False,-1,1000000,0.0,0.0,1000000
stereographic,701,False,-1,1000000,0.19453,0.0,1000000
stereographic,702,False,-1,1000000,0.0,0.0,1000000
stereographic,703,False,-1,1000000,0.0,0.0,1000000
stereographic,704,True,72,72,0.25,0.3611111111111111,1000000
stereographic,705,True,581,581,0.2030981067125645,0.0154905335628227,1000000
stereographic,706,False,-1,1000000,0.0,0.0,1000000
stereographic,707,False,-1,1000000,0.0,0.0,1000000
stereographic,708,False,-1,1000000,0.0,0.0,1000000
stereographic,709,True,2,2,1.0,1.0,1000000
stereographic,710,False,-1,1000000,0.2049,0.0,1000000
stereographic,711,False,-1,1000000,0.190737,0.0,1000000
stereographic,712,True,15678,15678,0.0124378109452736,0.1814006888633754,1000000
stereographic,713,True,4,4,0.75,0.75,1000000
stereographic,714,False,-1,1000000,0.0,0.0,1000000
stereographic,715,True,8,8,0.5,0.625,1000000
stereographic,716,False,-1,1000000,0.0,0.0,1000000
stereographic,717,False,-1,1000000,0.0,0.0,1000000
stereographic,718,True,110,110,0.1454545454545454,0.2727272727272727,1000000
stereographic,719,True,103,103,0.3203883495145631,0.3398058252427184,1000000
stereographic,720,True,5,5,0.4,0.4,1000000
stereographic,721,True,282375,282375,0.0001912350597609,0.1995360779105799,1000000
stereographic,722,True,66,66,0.1515151515151515,0.1515151515151515,1000000
stereographic,723,False,-1,1000000,0.0,0.169924,1000000
stereographic,724,False,-1,1000000,0.0,0.18774,1000000
stereographic,725,True,72188,72188,0.000443286972904,0.0047099240871058,1000000
stereographic,726,False,-1,1000000,0.0,0.129282,1000000
stereographic,727,True,27,27,0.2962962962962963,0.2222222222222222,1000000
stereographic,728,False,-1,1000000,0.203093,0.0,1000000
stereographic,729,True,57,57,0.3333333333333333,0.2105263157894736,1000000
stereographic,730,True,195,195,0.2205128205128205,0.241025641025641,1000000
stereographic,731,False,-1,1000000,0.0,0.194618,1000000
stereographic,732,False,-1,1000000,0.0,0.0,1000000
stereographic,733,True,1163,1163,0.2450558899398108,0.0103181427343078,1000000
stereographic,734,True,28186,28186,0.2381678847654864,0.0012772298304122,1000000
stereographic,735,False,-1,1000000,0.0,0.177442,1000000
stereographic,736,True,90,90,0.0555555555555555,0.0555555555555555,1000000
stereographic,737,True,7,7,0.4285714285714285,0.2857142857142857,1000000
stereographic,738,True,133,133,0.225563909774436,0.1052631578947368,1000000
stereographic,739,False,-1,1000000,0.0,0.170144,1000000
stereographic,740,True,49,49,0.4081632653061224,0.3877551020408163,1000000
stereographic,741,False,-1,1000000,0.214549,0.0,1000000
stereographic,742,True,310,310,0.3387096774193548,0.0096774193548387,1000000
stereographic,743,False,-1,1000000,0.0,0.0,1000000
stereographic,744,True,33,33,0.4242424242424242,0.4545454545454545,1000000
stereographic,745,True,13,13,0.7692307692307693,0.7692307692307693,1000000
stereographic,746,False,-1,1000000,0.107474,0.0,1000000
stereographic,747,False,-1,1000000,0.0,0.159043,1000000
stereographic,748,False,-1,1000000,0.0,0.193255,1000000
stereographic,749,True,47,47,0.1276595744680851,0.2978723404255319,1000000
stereographic,750,False,-1,1000000,0.199154,0.0,1000000
stereographic,751,True,654962,654962,0.00627059279775,0.1504071991962892,1000000
stereographic,752,True,163,163,0.2822085889570552,0.2085889570552147,1000000
stereographic,753,True,20602,20602,0.12678380739734,0.0015047082807494,1000000
stereographic,754,True,104890,104890,0.1801506339975212,9.533797311469158e-05,1000000
stereographic,755,True,50,50,0.54,0.5,1000000
stereographic,756,False,-1,1000000,0.0,0.199419,1000000
stereographic,757,True,23066,23066,0.0016040926038324,0.1809156333998092,1000000
stereographic,758,True,12,12,0.5,0.5833333333333334,1000000
stereographic,759,True,182248,182248,0.1690553531451648,1.0974057328475484e-05,1000000
stereographic,760,False,-1,1000000,0.164709,0.0,1000000
stereographic,761,False,-1,1000000,0.0,0.196191,1000000
stereographic,762,False,-1,1000000,0.0,0.161975,1000000
stereographic,763,False,-1,1000000,0.0,0.0,1000000
stereographic,764,False,-1,1000000,0.0,0.192496,1000000
stereographic,765,False,-1,1000000,0.0,0.0,1000000
stereographic,766,True,150,150,0.0933333333333333,0.2,1000000
stereographic,767,False,-1,1000000,0.0,0.0,1000000
stereographic,768,True,39,39,0.1282051282051282,0.1025641025641025,1000000
stereographic,769,True,107,107,0.1869158878504672,0.1869158878504672,1000000
stereographic,770,True,15932,15932,0.1629425056490082,0.000439367311072,1000000
stereographic,771,False,-1,1000000,0.0,0.196173,1000000
stereographic,772,False,-1,1000000,0.169233,0.0,1000000
stereographic,773,True,158,158,0.1265822784810126,0.189873417721519,1000000
stereographic,774,True,54,54,0.5,0.4444444444444444,1000000
stereographic,775,False,-1,1000000,0.184501,0.0,1000000
stereographic,776,False,-1,1000000,0.0,0.192658,1000000
stereographic,777,True,7,7,0.5714285714285714,0.5714285714285714,1000000
stereographic,778,False,-1,1000000,0.171636,0.0,1000000
stereographic,779,False,-1,1000000,0.193666,0.0,1000000
stereographic,780,True,11,11,0.6363636363636364,0.5454545454545454,1000000
stereographic,781,True,29,29,0.3448275862068966,0.2758620689655172,1000000
stereographic,782,False,-1,1000000,0.0,0.0,1000000
stereographic,783,True,32,32,0.5,0.40625,1000000
stereographic,784,True,257,257,0.3073929961089494,0.1984435797665369,1000000
stereographic,785,True,81,81,0.1851851851851851,0.1851851851851851,1000000
stereographic,786,False,-1,1000000,0.183071,0.0,1000000
stereographic,787,False,-1,1000000,0.0,0.169037,1000000
stereographic,788,False,-1,1000000,0.0,0.185025,1000000
stereographic,789,False,-1,1000000,0.0,0.164815,1000000
stereographic,790,False,-1,1000000,0.169792,0.0,1000000
stereographic,791,False,-1,1000000,0.0,0.155076,1000000
stereographic,792,True,611,611,0.0180032733224222,0.2585924713584288,1000000
stereographic,793,False,-1,1000000,0.0,0.0,1000000
stereographic,794,True,186,186,0.2043010752688172,0.0913978494623656,1000000
stereographic,795,True,4993,4993,0.1411976767474464,0.0026036451031444,1000000
stereographic,796,True,11,11,0.2727272727272727,0.2727272727272727,1000000
stereographic,797,True,41,41,0.2926829268292683,0.2926829268292683,1000000
stereographic,798,False,-1,1000000,0.177386,0.0,1000000
stereographic,799,True,132,132,0.0909090909090909,0.303030303030303,1000000
stereographic,800,True,302,302,0.0993377483443708,0.2218543046357615,1000000
stereographic,801,False,-1,1000000,0.188513,0.0,1000000
stereographic,802,True,10872,10872,0.0013796909492273,0.2842163355408388,1000000
stereographic,803,True,35,35,0.1428571428571428,0.1714285714285714,1000000
stereographic,804,False,-1,1000000,0.16811,0.0,1000000
stereographic,805,False,-1,1000000,0.189797,0.0,1000000
stereographic,806,True,2565,2565,0.0058479532163742,0.2998050682261208,1000000
stereographic,807,True,195,195,0.0358974358974358,0.2256410256410256,1000000
stereographic,808,True,17,17,0.2941176470588235,0.4117647058823529,1000000
stereographic,809,False,-1,1000000,0.0,0.197971,1000000
stereographic,810,False,-1,1000000,0.0,0.0,1000000
stereographic,811,True,9,9,0.3333333333333333,0.3333333333333333,1000000
stereographic,812,False,-1,1000000,0.172324,0.0,1000000
stereographic,813,False,-1,1000000,0.0,0.182515,1000000
stereographic,814,True,2061,2061,0.0019408054342552,0.2469674915089762,1000000
stereographic,815,True,680,680,0.1602941176470588,0.0426470588235294,1000000
stereographic,816,True,33,33,0.3939393939393939,0.3333333333333333,1000000
stereographic,817,False,-1,1000000,0.0,0.202226,1000000
stereographic,818,True,84,84,0.3928571428571428,0.2619047619047619,1000000
stereographic,819,True,156,156,0.2692307692307692,0.0384615384615384,1000000
stereographic,820,True,42,42,0.2619047619047619,0.2857142857142857,1000000
stereographic,821,True,104,104,0.3365384615384615,0.4519230769230769,1000000
stereographic,822,False,-1,1000000,0.189212,0.0,1000000
stereographic,823,True,43942,43942,0.0001593008966364,0.218856674707569,1000000
stereographic,824,True,12,12,0.4166666666666667,0.5,1000000
stereographic,825,True,165,165,0.0545454545454545,0.0787878787878787,1000000
stereographic,826,True,23,23,0.3043478260869565,0.3478260869565217,1000000
stereographic,827,True,53455,53455,0.0003928538022635,0.1850715555139837,1000000
stereographic,828,False,-1,1000000,0.0,0.178801,1000000
stereographic,829,True,803641,803641,0.1974040647503051,1.1199030412833592e-05,1000000
stereographic,830,True,3,3,0.6666666666666666,0.6666666666666666,1000000
stereographic,831,False,-1,1000000,0.0,0.180426,1000000
stereographic,832,True,87,87,0.367816091954023,0.2413793103448276,1000000
stereographic,833,True,57,57,0.3684210526315789,0.3333333333333333,1000000
stereographic,834,False,-1,1000000,0.0,0.197818,1000000
stereographic,835,False,-1,1000000,0.189142,0.0,1000000
stereographic,836,True,373495,373495,0.0001151287165825,0.0590931605510113,1000000
stereographic,837,True,22,22,0.2727272727272727,0.2272727272727272,1000000
stereographic,838,True,122,122,0.3360655737704918,0.3688524590163934,1000000
stereographic,839,True,352,352,0.1477272727272727,0.1136363636363636,1000000
stereographic,840,False,-1,1000000,0.0,0.0,1000000
stereographic,841,True,4,4,0.5,0.5,1000000
stereographic,842,True,67,67,0.2985074626865671,0.1940298507462686,1000000
stereographic,843,True,2008,2008,0.0009960159362549,0.2828685258964143,1000000
stereographic,844,True,84,84,0.1547619047619047,0.2738095238095238,1000000
stereographic,845,True,34,34,0.2352941176470588,0.2647058823529412,1000000
stereographic,846,True,61,61,0.3770491803278688,0.3278688524590163,1000000
stereographic,847,True,13,13,0.3076923076923077,0.3076923076923077,1000000
stereographic,848,False,-1,1000000,0.0,0.198818,1000000
stereographic,849,False,-1,1000000,0.0,0.187925,1000000
stereographic,850,True,50,50,0.28,0.12,1000000
stereographic,851,False,-1,1000000,0.0,0.204045,1000000
stereographic,852,False,-1,1000000,0.0,0.0,1000000
stereographic,853,True,2048,2048,0.12646484375,0.0205078125,1000000
stereographic,854,False,-1,1000000,0.0,0.202929,1000000
stereographic,855,True,78,78,0.3205128205128205,0.3717948717948718,1000000
stereographic,856,True,1387,1387,0.183129055515501,0.0043258832011535,1000000
stereographic,857,False,-1,1000000,0.0,0.193923,1000000
stereographic,858,True,14,14,0.5,0.5,1000000
stereographic,859,True,25,25,0.48,0.44,1000000
stereographic,860,True,502,502,0.2390438247011952,0.0338645418326693,1000000
stereographic,861,True,5,5,0.4,0.6,1000000
stereographic,862,True,1231,1231,0.2428919577579203,0.0032493907392363,1000000
stereographic,863,True,149,149,0.2483221476510067,0.1543624161073825,1000000
stereographic,864,False,-1,1000000,0.138481,0.0,1000000
stereographic,865,True,6,6,0.6666666666666666,0.6666666666666666,1000000
stereographic,866,False,-1,1000000,0.0,0.0,1000000
stereographic,867,True,72,72,0.2083333333333333,0.2916666666666667,1000000
stereographic,868,True,28251,28251,0.0018052458320059,0.1954975045131145,1000000
stereographic,869,False,-1,1000000,0.0,0.0,1000000
stereographic,870,True,35042,35042,0.0009417270703726,0.2086068146795274,1000000
stereographic,871,True,2,2,1.0,1.0,1000000
stereographic,872,True,329,329,0.3860182370820669,0.0699088145896656,1000000
stereographic,873,False,-1,1000000,0.0,0.193786,1000000
stereographic,874,True,34,34,0.2352941176470588,0.3823529411764705,1000000
stereographic,875,True,207317,207317,5.7882373370249424e-05,0.1816348876358427,1000000
stereographic,876,False,-1,1000000,0.205394,0.0,1000000
stereographic,877,True,96,96,0.25,0.3645833333333333,1000000
stereographic,878,True,28466,28466,0.004356073912738,0.1936345113468699,1000000
stereographic,879,True,393030,393030,0.2027097168155102,7.633005114113427e-06,1000000
stereographic,880,False,-1,1000000,0.17323,0.0,1000000
stereographic,881,True,438110,438110,0.2022528588710598,4.5650635685101914e-05,1000000
stereographic,882,True,60,60,0.5,0.4666666666666667,1000000
stereographic,883,True,1298,1298,0.2403697996918335,0.022342064714946,1000000
stereographic,884,True,679,679,0.3357879234167893,0.0117820324005891,1000000
stereographic,885,True,1880,1880,0.001063829787234,0.2367021276595744,1000000
stereographic,886,True,63,63,0.1428571428571428,0.1428571428571428,1000000
stereographic,887,True,249,249,0.2409638554216867,0.2570281124497992,1000000
stereographic,888,True,98,98,0.2448979591836734,0.173469387755102,1000000
stereographic,889,True,73,73,0.4246575342465753,0.1232876712328767,1000000
stereographic,890,True,202,202,0.1089108910891089,0.2772277227722772,1000000
stereographic,891,True,1682,1682,0.0945303210463733,0.0071343638525564,1000000
stereographic,892,False,-1,1000000,0.0,0.115817,1000000
stereographic,893,False,-1,1000000,0.168445,0.0,1000000
stereographic,894,False,-1,1000000,0.197225,0.0,1000000
stereographic,895,True,64444,64444,0.0002637949227236,0.2268946682390913,1000000
stereographic,896,True,4,4,0.75,0.75,1000000
stereographic,897,True,50,50,0.12,0.18,1000000
stereographic,898,True,94,94,0.4361702127659574,0.3404255319148936,1000000
stereographic,899,True,29,29,0.3793103448275862,0.3793103448275862,1000000
stereographic,900,True,177671,177671,0.1702134844741122,0.0001519662747437,1000000
stereographic,901,True,36180,36180,0.2260364842454394,0.0012714206744057,1000000
stereographic,902,True,46,46,0.3260869565217391,0.4130434782608695,1000000
stereographic,903,True,3632,3632,0.2370594713656387,0.0008259911894273,1000000
stereographic,904,True,2571,2571,0.2077012835472578,0.0011668611435239,1000000
stereographic,905,True,30636,30636,0.0003264133698916,0.0624102363232798,1000000
stereographic,906,False,-1,1000000,0.196115,0.0,1000000
stereographic,907,False,-1,1000000,0.0,0.13857,1000000
stereographic,908,False,-1,1000000,0.0,0.165031,1000000
stereographic,909,False,-1,1000000,0.0,0.180265,1000000
stereographic,910,True,134,134,0.1343283582089552,0.1641791044776119,1000000
stereographic,911,False,-1,1000000,0.183136,0.0,1000000
stereographic,912,False,-1,1000000,0.0,0.187253,1000000
stereographic,913,True,46,46,0.4347826086956521,0.5,1000000
stereographic,914,True,11,11,0.4545454545454545,0.4545454545454545,1000000
stereographic,915,True,31,31,0.4516129032258064,0.4516129032258064,1000000
stereographic,916,True,35,35,0.4285714285714285,0.4571428571428571,1000000
stereographic,917,False,-1,1000000,0.0,0.0,1000000
stereographic,918,False,-1,1000000,0.0,0.201319,1000000
stereographic,919,True,64,64,0.234375,0.265625,1000000
stereographic,920,False,-1,1000000,0.0,0.187799,1000000
stereographic,921,False,-1,1000000,0.0,0.0,1000000
stereographic,922,True,71789,71789,0.0002507347922383,0.1967014445109975,1000000
stereographic,923,True,2287,2287,0.0118058592041976,0.2518583296895496,1000000
stereographic,924,False,-1,1000000,0.17714,0.0,1000000
stereographic,925,True,824,824,0.0060679611650485,0.2645631067961165,1000000
stereographic,926,False,-1,1000000,0.123007,0.0,1000000
stereographic,927,False,-1,1000000,0.19097,0.0,1000000
stereographic,928,False,-1,1000000,0.181068,0.0,1000000
stereographic,929,True,37,37,0.3243243243243243,0.2972972972972973,1000000
stereographic,930,False,-1,1000000,0.0,0.1864,1000000
stereographic,931,False,-1,1000000,0.166747,0.0,1000000
stereographic,932,False,-1,1000000,0.204102,0.0,1000000
stereographic,933,False,-1,1000000,0.0,0.167602,1000000
stereographic,934,False,-1,1000000,0.0,0.0,1000000
stereographic,935,True,485,485,0.334020618556701,0.0412371134020618,1000000
stereographic,936,True,140896,140896,0.21616653418124,0.0001277538042243,1000000
stereographic,937,False,-1,1000000,0.0,0.1794,1000000
stereographic,938,True,4161,4161,0.0067291516462388,0.2047584715212689,1000000
stereographic,939,False,-1,1000000,0.115144,0.0,1000000
stereographic,940,False,-1,1000000,0.184934,0.0,1000000
stereographic,941,True,6,6,0.5,0.6666666666666666,1000000
stereographic,942,True,222,222,0.2522522522522522,0.2657657657657657,1000000
stereographic,943,True,11,11,0.3636363636363636,0.5454545454545454,1000000
stereographic,944,True,535413,535413,0.1802197555905441,9.338585353736274e-06,1000000
stereographic,945,True,1224,1224,0.0032679738562091,0.1772875816993464,1000000
stereographic,946,True,15,15,0.6666666666666666,0.6666666666666666,1000000
stereographic,947,False,-1,1000000,0.0,0.194578,1000000
stereographic,948,False,-1,1000000,0.202514,0.0,1000000
stereographic,949,False,-1,1000000,0.0,0.185589,1000000
stereographic,950,False,-1,1000000,0.0,0.0,1000000
stereographic,951,True,421,421,0.3135391923990498,0.0403800475059382,1000000
stereographic,952,False,-1,1000000,0.0,0.186364,1000000
stereographic,953,True,496,496,0.3205645161290322,0.0524193548387096,1000000
stereographic,954,True,93,93,0.0967741935483871,0.2150537634408602,1000000
stereographic,955,True,198,198,0.2777777777777778,0.0606060606060606,1000000
stereographic,956,True,237,237,0.1645569620253164,0.3206751054852321,1000000
stereographic,957,False,-1,1000000,0.0,0.198294,1000000
stereographic,958,True,13,13,0.4615384615384615,0.4615384615384615,1000000
stereographic,959,True,37,37,0.4594594594594595,0.4324324324324324,1000000
stereographic,960,True,181,181,0.0441988950276243,0.1933701657458563,1000000
stereographic,961,False,-1,1000000,0.0,0.203271,1000000
stereographic,962,True,164,164,0.2865853658536585,0.2865853658536585,1000000
stereographic,963,True,5726,5726,0.0010478519035976,0.0621725462801257,1000000
stereographic,964,True,14441,14441,0.2143203379267363,0.0015926874870161,1000000
stereographic,965,True,18,18,0.5555555555555556,0.5,1000000
stereographic,966,True,63,63,0.2857142857142857,0.1587301587301587,1000000
stereographic,967,True,11,11,0.4545454545454545,0.3636363636363636,1000000
stereographic,968,False,-1,1000000,0.0,0.0,1000000
stereographic,969,False,-1,1000000,0.202928,0.0,1000000
stereographic,970,True,15548,15548,0.2002829945973758,0.0003859017236943,1000000
stereographic,971,False,-1,1000000,0.0,0.0,1000000
stereographic,972,True,834,834,0.2182254196642686,0.0071942446043165,1000000
stereographic,973,True,91,91,0.2857142857142857,0.3076923076923077,1000000
stereographic,974,True,30204,30204,9.932459276916965e-05,0.2243080386703748,1000000
stereographic,975,True,146,146,0.3835616438356164,0.3561643835616438,1000000
stereographic,976,True,6,6,0.8333333333333334,0.5,1000000
stereographic,977,True,2,2,1.0,1.0,1000000
stereographic,978,True,32,32,0.09375,0.3125,1000000
stereographic,979,True,41,41,0.3414634146341463,0.2682926829268293,1000000
stereographic,980,False,-1,1000000,0.0,0.11106,1000000
stereographic,981,True,7,7,0.5714285714285714,0.5714285714285714,1000000
stereographic,982,False,-1,1000000,0.0,0.178703,1000000
stereographic,983,True,177,177,0.288135593220339,0.2768361581920904,1000000
stereographic,984,False,-1,1000000,0.203955,0.0,1000000
stereographic,985,False,-1,1000000,0.0,0.181352,1000000
stereographic,986,True,7229,7229,0.1462166274726795,0.0008299903167796,1000000
stereographic,987,True,1955,1955,0.0020460358056265,0.2593350383631713,1000000
stereographic,988,True,4,4,1.0,0.75,1000000
stereographic,989,True,10,10,0.2,0.3,1000000
stereographic,990,False,-1,1000000,0.0,0.162659,1000000
stereographic,991,True,458791,458791,4.359283420991257e-05,0.1305539995335566,1000000
stereographic,992,False,-1,1000000,0.188355,0.0,1000000
stereographic,993,True,596,596,0.0134228187919463,0.0268456375838926,1000000
stereographic,994,True,87,87,0.0689655172413793,0.0689655172413793,1000000
stereographic,995,True,1908,1908,0.0387840670859538,0.2279874213836478,1000000
stereographic,996,False,-1,1000000,0.0,0.180081,1000000
stereographic,997,True,107,107,0.2429906542056074,0.2897196261682243,1000000
stereographic,998,False,-1,1000000,0.0,0.172783,1000000
stereographic,999,False,-1,1000000,0.0,0.184515,1000000
euclidean,0,True,112691,112691,0.0055461394432563,0.3482709355671704,1000000
euclidean,1,True,3972,3972,0.2832326283987915,0.0858509566968781,1000000
euclidean,2,True,123623,123623,0.7915274665717544,0.2636240828971955,1000000
euclidean,3,True,18113,18113,0.611936178435378,0.44973223651521,1000000
euclidean,4,True,13865,13865,0.2331770645510277,0.0553191489361702,1000000
euclidean,5,True,57988,57988,0.0006208181002966,0.0016037800924329,1000000
euclidean,6,True,11081,11081,0.6733146827903619,0.4746864001443913,1000000
euclidean,7,True,10690,10690,0.5247895229186156,0.2072965388213283,1000000
euclidean,8,True,400792,400792,0.8915148006946246,0.3577741072676101,1000000
euclidean,9,True,43710,43710,0.1803019903912148,0.0209563029055136,1000000
euclidean,10,True,136333,136333,0.6928183198491927,0.2324162161765676,1000000
euclidean,11,True,5632,5632,0.0518465909090909,0.1031605113636363,1000000
euclidean,12,True,9992,9992,0.4023218574859888,0.0808646917534027,1000000
euclidean,13,True,128891,128891,0.2841858624729422,0.0048257830259676,1000000
euclidean,14,True,6572,6572,0.4491783323189288,0.2233718807060255,1000000
euclidean,15,True,3893,3893,0.0131004366812227,0.0156691497559722,1000000
euclidean,16,True,12981,12981,0.0142515984901009,0.0139434558200446,1000000
euclidean,17,True,48871,48871,0.1738249677722985,0.7311084283112684,1000000
euclidean,18,True,6100,6100,0.0555737704918032,0.0963934426229508,1000000
euclidean,19,True,13160,13160,0.4856382978723404,0.1249240121580547,1000000
euclidean,20,True,12518,12518,0.5837993289662885,0.412525962613836,1000000
euclidean,21,True,15470,15470,0.5485455720749839,0.2798965740142211,1000000
euclidean,22,True,4618,4618,0.6132524902555219,0.6403204850584668,1000000
euclidean,23,True,48009,48009,0.2251452852590139,0.5852236039076006,1000000
euclidean,24,True,13712,13712,0.3542152858809801,0.0320886814469078,1000000
euclidean,25,True,32680,32680,0.6165850673194615,0.2798041615667074,1000000
euclidean,26,True,43180,43180,0.0395785085687818,0.1649606299212598,1000000
euclidean,27,True,16981,16981,0.4714681114186443,0.080501737235734,1000000
euclidean,28,True,36512,36512,0.3920628834355828,0.7250766871165644,1000000
euclidean,29,True,4345,4345,0.019102416570771,0.0439585730724971,1000000
euclidean,30,True,100670,100670,0.8305453461805901,0.1030793682328399,1000000
euclidean,31,True,5551,5551,0.3114754098360656,0.1630336876238515,1000000
euclidean,32,True,16115,16115,0.2397145516599441,0.3923053056158858,1000000
euclidean,33,True,8725,8725,0.1381088825214899,0.0626934097421203,1000000
euclidean,34,True,1621,1621,0.0777297964219617,0.0690931523750771,1000000
euclidean,35,False,-1,1000000,0.298072,0.976635,1000000
euclidean,36,True,31472,31472,0.2759278088459583,0.1517857142857142,1000000
euclidean,37,True,22880,22880,0.2359265734265734,0.6795017482517482,1000000
euclidean,38,True,113880,113880,0.7442132068844398,0.2686599929750615,1000000
euclidean,39,True,21662,21662,0.4638537531160557,0.2562551934262764,1000000
euclidean,40,True,19488,19488,0.02498973727422,0.5123152709359606,1000000
euclidean,41,True,18740,18740,0.1586446104589114,0.5336712913553895,1000000
euclidean,42,True,18356,18356,0.1160383525822619,0.0318696883852691,1000000
euclidean,43,True,3832,3832,0.1550104384133611,0.074634655532359,1000000
euclidean,44,True,8851,8851,0.3259518698452152,0.056377810416902,1000000
euclidean,45,True,14853,14853,0.0539958257591059,0.1776072173971588,1000000
euclidean,46,True,27052,27052,0.3982330326778057,0.1993567943220464,1000000
euclidean,47,True,35041,35041,0.2686281784195656,0.0249422105533517,1000000
euclidean,48,True,8320,8320,0.1620192307692307,0.05,1000000
euclidean,49,True,15655,15655,0.4208240178856595,0.7041839667837752,1000000
euclidean,50,True,23185,23185,0.0190640500323485,0.1860254474875997,1000000
euclidean,51,True,5542,5542,0.0710934680620714,0.0680259833994947,1000000
euclidean,52,True,125071,125071,0.3143574449712563,0.8092203628339103,1000000
euclidean,53,True,9399,9399,0.5082455580380891,0.3883391850196829,1000000
euclidean,54,True,15472,15472,0.0047182006204756,0.0043950361944157,1000000
euclidean,55,True,4205,4205,0.0858501783590963,0.1526753864447086,1000000
euclidean,56,True,5622,5622,0.3557452863749555,0.5713269299181786,1000000
euclidean,57,True,1656,1656,0.376207729468599,0.4245169082125604,1000000
euclidean,58,True,10949,10949,0.0539775321947209,0.1275915608731391,1000000
euclidean,59,True,1791,1791,0.1122278056951423,0.083752093802345,1000000
euclidean,60,True,19126,19126,0.343877444316637,0.7154658579943532,1000000
euclidean,61,True,13449,13449,0.0101866309762807,0.0485537958212506,1000000
euclidean,62,True,22396,22396,0.0623325593856045,0.3707804965172352,1000000
euclidean,63,True,89858,89858,0.1406441274010104,0.0041176077811658,1000000
euclidean,64,True,6884,6884,0.1841952353282975,0.0733585124927367,1000000
euclidean,65,True,337,337,0.2729970326409495,0.2729970326409495,1000000
euclidean,66,True,26872,26872,0.0935546293539743,0.0136573384935992,1000000
euclidean,67,True,5918,5918,0.3727610679283542,0.2211895910780669,1000000
euclidean,68,True,8850,8850,0.3372881355932203,0.5776271186440678,1000000
euclidean,69,True,173444,173444,0.2133138073383916,0.8098982957035123,1000000
euclidean,70,True,120739,120739,0.0200680807361333,0.7162225958472408,1000000
euclidean,71,True,44493,44493,0.3955228912413188,0.0447935630323871,1000000
euclidean,72,True,5835,5835,0.3185946872322193,0.099057412167952,1000000
euclidean,73,True,2302,2302,0.0421372719374457,0.130755864465682,1000000
euclidean,74,True,42074,42074,0.2382944336169606,0.4297903693492418,1000000
euclidean,75,True,6023,6023,0.1210360285571974,0.2359289390669101,1000000
euclidean,76,True,45276,45276,0.2274494213269723,0.0033130135170951,1000000
euclidean,77,True,6195,6195,0.3962873284907183,0.2797417271993543,1000000
euclidean,78,True,1851,1851,0.4613722312263641,0.4170718530524041,1000000
euclidean,79,True,388618,388618,0.2450504093994616,0.8942740686226577,1000000
euclidean,80,True,18673,18673,0.4647351791356504,0.1849194023456327,1000000
euclidean,81,True,1789,1789,0.4986025712688653,0.4879821129122415,1000000
euclidean,82,True,2317,2317,0.3392317652136383,0.2973672852826931,1000000
euclidean,83,True,656,656,0.0990853658536585,0.1128048780487804,1000000
euclidean,84,True,5483,5483,0.089184752872515,0.0404887835126755,1000000
euclidean,85,True,10806,10806,0.1068850638534147,0.0279474366092911,1000000
euclidean,86,True,5283,5283,0.5947378383494227,0.4143479083853871,1000000
euclidean,87,True,25631,25631,0.6021224298700792,0.3019780734267098,1000000
euclidean,88,True,3453,3453,0.597161888213148,0.5554590211410367,1000000
euclidean,89,True,26052,26052,0.0324351297405189,0.1941117764471057,1000000
euclidean,90,True,7126,7126,0.1428571428571428,0.3428290766208251,1000000
euclidean,91,True,1475,1475,0.3464406779661017,0.2962711864406779,1000000
euclidean,92,True,213073,213073,0.0009668048039873,0.2654864764658122,1000000
euclidean,93,True,1919,1919,0.1709223553934341,0.1907243355914538,1000000
euclidean,94,True,17721,17721,0.2475593928107894,0.0467242254951752,1000000
euclidean,95,True,134409,134409,0.8265592333846692,0.2044357148702839,1000000
euclidean,96,True,75953,75953,0.1881163351019709,0.7694100298869038,1000000
euclidean,97,True,27243,27243,0.1708328744998715,0.4280365598502367,1000000
euclidean,98,True,4581,4581,0.2944771883868151,0.1462562759222877,1000000
euclidean,99,True,1225,1225,0.0987755102040816,0.1306122448979592,1000000
euclidean,100,True,3964,3964,0.0058022199798183,0.005297679112008,1000000
euclidean,101,True,8876,8876,0.198400180261379,0.4075033799008562,1000000
euclidean,102,True,10201,10201,0.4647583570238212,0.1731202823252622,1000000
euclidean,103,True,20440,20440,0.3616438356164383,0.1090998043052837,1000000
euclidean,104,True,12013,12013,0.2762840256388912,0.200782485640556,1000000
euclidean,105,True,5953,5953,0.6600033596505963,0.7218209306232152,1000000
euclidean,106,True,554,554,0.4133574007220216,0.4007220216606498,1000000
euclidean,107,True,12443,12443,0.5796833561038335,0.3831873342441533,1000000
euclidean,108,True,14255,14255,0.3862504384426517,0.1706068046299544,1000000
euclidean,109,True,767,767,0.4041720990873533,0.3898305084745763,1000000
euclidean,110,True,15809,15809,0.166044658106142,0.5267885381744576,1000000
euclidean,111,False,-1,1000000,0.99457,0.285772,1000000
euclidean,112,True,40869,40869,0.2553279992170104,0.0623210746531601,1000000
euclidean,113,True,1092,1092,0.1675824175824175,0.2335164835164835,1000000
euclidean,114,True,1658,1658,0.3528347406513872,0.2400482509047044,1000000
euclidean,115,True,45386,45386,0.2428061516767285,0.0199400696249944,1000000
euclidean,116,True,15472,15472,0.061013443640124,0.2458634953464322,1000000
euclidean,117,True,14069,14069,0.2929134977610349,0.1500462008671547,1000000
euclidean,118,True,5531,5531,0.0871451817031278,0.0596637136141746,1000000
euclidean,119,True,3654,3654,0.1579091406677613,0.2055281882868089,1000000
euclidean,120,True,680981,680981,0.2802222088428311,0.0008487755164975,1000000
euclidean,121,True,382184,382184,0.27574414418186,0.0012009921922424,1000000
euclidean,122,True,37322,37322,0.0801403997642141,0.4288355393601629,1000000
euclidean,123,True,33981,33981,0.0546187575409787,0.2534945999234866,1000000
euclidean,124,True,14325,14325,0.4962652705061082,0.0770680628272251,1000000
euclidean,125,True,15511,15511,0.2334472309973567,0.1091483463348591,1000000
euclidean,126,True,12517,12517,0.1247103938643444,0.5734600942717903,1000000
euclidean,127,True,7405,7405,0.4528021607022282,0.0830519918973666,1000000
euclidean,128,True,4628,4628,0.0570440795159896,0.0862143474503025,1000000
euclidean,129,True,23217,23217,0.4003531894732308,0.8030322608433476,1000000
euclidean,130,True,1884,1884,0.1464968152866242,0.2489384288747346,1000000
euclidean,131,True,8432,8432,0.0976043643263757,0.2092030360531309,1000000
euclidean,132,True,24806,24806,0.0665564782713859,0.2681206159800048,1000000
euclidean,133,True,35189,35189,0.3494557958452925,0.674102702549092,1000000
euclidean,134,True,7736,7736,0.1177611168562564,0.0681230610134436,1000000
euclidean,135,True,21896,21896,0.0054347826086956,0.0038363171355498,1000000
euclidean,136,True,58731,58731,0.588054008956088,0.1398920501949566,1000000
euclidean,137,True,1443,1443,0.2141372141372141,0.2453222453222453,1000000
euclidean,138,True,17934,17934,0.1699565071930411,0.5944016951042712,1000000
euclidean,139,True,10712,10712,0.1129574309185959,0.4558439133681852,1000000
euclidean,140,True,8068,8068,0.3761774913237481,0.2389687654933069,1000000
euclidean,141,True,6334,6334,0.0618882222923902,0.1537732870224187,1000000
euclidean,142,True,6052,6052,0.1617647058823529,0.0664243225380039,1000000
euclidean,143,True,3432,3432,0.3327505827505827,0.1733682983682983,1000000
euclidean,144,True,588182,588182,0.0371840688766402,0.5503092580187765,1000000
euclidean,145,False,-1,1000000,1.3e-05,0.285803,1000000
euclidean,146,True,1713,1713,0.2025685931115003,0.2440163455925277,1000000
euclidean,147,True,38396,38396,0.2204396291280341,0.0388321700177101,1000000
euclidean,148,True,23035,23035,0.6563924462774039,0.3006294768830041,1000000
euclidean,149,True,1406,1406,0.1863442389758179,0.2283072546230441,1000000
euclidean,150,True,40672,40672,0.6195662863886703,0.1512834382376081,1000000
euclidean,151,True,31787,31787,0.6723188724950452,0.4412181080315852,1000000
euclidean,152,True,15777,15777,0.1829245103631869,0.0238321607403181,1000000
euclidean,153,True,37385,37385,0.2785609201551424,0.028326869065133,1000000
euclidean,154,True,129319,129319,0.8020089855319017,0.2853409011823475,1000000
euclidean,155,True,25977,25977,0.6534626785233091,0.3131616429918774,1000000
euclidean,156,True,8507,8507,0.1043846244269425,0.2211120253908546,1000000
euclidean,157,True,247121,247121,0.8509070455363972,0.403442038515545,1000000
euclidean,158,True,4877,4877,0.1865901168751281,0.1299979495591552,1000000
euclidean,159,True,18690,18690,0.0903156768325307,0.3375066880684858,1000000
euclidean,160,True,631857,631857,0.3044961122532472,0.0004890347024722,1000000
euclidean,161,True,25410,25410,0.2949626131444313,0.0545060999606454,1000000
euclidean,162,True,18322,18322,0.172524833533457,0.4571553323872939,1000000
euclidean,163,True,1753,1753,0.0604677695379349,0.0735881346263548,1000000
euclidean,164,True,606,606,0.2722772277227723,0.2359735973597359,1000000
euclidean,165,True,41944,41944,0.0369301926378027,0.1083587640663742,1000000
euclidean,166,True,7183,7183,0.0691911457608241,0.0332730057079214,1000000
euclidean,167,True,35483,35483,0.0079474678014824,0.2409040949186934,1000000
euclidean,168,True,20745,20745,0.5766690768859967,0.2508556278621354,1000000
euclidean,169,True,3128,3128,0.1950127877237851,0.0716112531969309,1000000
euclidean,170,True,31499,31499,0.1747039588558367,0.0185720181593066,1000000
euclidean,171,True,6169,6169,0.1387583076673691,0.0450640298265521,1000000
euclidean,172,True,17413,17413,0.1315683684603457,0.0331361626371102,1000000
euclidean,173,True,2605,2605,0.1704414587332053,0.0986564299424184,1000000
euclidean,174,True,17789,17789,0.2896733936702456,0.2095677103828208,1000000
euclidean,175,True,30988,30988,0.1511230153607848,0.3363237382212469,1000000
euclidean,176,True,789,789,0.4626108998732572,0.4740177439797212,1000000
euclidean,177,True,188198,188198,0.2416922602790678,0.723541164093136,1000000
euclidean,178,True,4514,4514,0.2899867080194949,0.2361541869738591,1000000
euclidean,179,True,7430,7430,0.5001345895020188,0.6262449528936743,1000000
euclidean,180,True,39480,39480,0.5448581560283688,0.1947315096251266,1000000
euclidean,181,False,-1,1000000,0.276299,0.982602,1000000
euclidean,182,True,25323,25323,0.1900643683607787,0.4480116889783991,1000000
euclidean,183,True,47975,47975,0.0994476289734236,0.228931735278791,1000000
euclidean,184,True,14006,14006,0.3389975724689418,0.6328002284735114,1000000
euclidean,185,True,346,346,0.3815028901734104,0.3699421965317919,1000000
euclidean,186,True,6774,6774,0.0070859167404783,0.0134337171538234,1000000
euclidean,187,True,337541,337541,0.4170189695474031,0.8700780053386107,1000000
euclidean,188,True,4175,4175,0.1837125748502994,0.1111377245508982,1000000
euclidean,189,True,6790,6790,0.2650957290132548,0.1724594992636229,1000000
euclidean,190,True,32249,32249,0.1649663555459084,0.055288536078638,1000000
euclidean,191,True,1164,1164,0.2328178694158075,0.2353951890034364,1000000
euclidean,192,True,16030,16030,0.146849656893325,0.3123518402994386,1000000
euclidean,193,True,38038,38038,0.4815973500184026,0.0468741784531258,1000000
euclidean,194,True,2954,2954,0.0270819228165199,0.0291130670277589,1000000
euclidean,195,True,1962,1962,0.083078491335372,0.119775739041794,1000000
euclidean,196,True,27996,27996,0.007251035862266,0.0607586798114016,1000000
euclidean,197,True,8800,8800,0.17125,0.3125,1000000
euclidean,198,True,133036,133036,0.5204831774857933,0.8214618599476833,1000000
euclidean,199,True,15986,15986,0.0299637182534717,0.1804078568747654,1000000
euclidean,200,True,18633,18633,0.4514034240326303,0.0237750228089947,1000000
euclidean,201,True,22605,22605,0.0348595443485954,0.2787878787878788,1000000
euclidean,202,True,28025,28025,0.4284032114183764,0.231650312221231,1000000
euclidean,203,True,113450,113450,0.6074482150727193,0.07826355222565,1000000
euclidean,204,True,748,748,0.1176470588235294,0.1096256684491978,1000000
euclidean,205,True,13559,13559,0.0802419057452614,0.1724315952503872,1000000
euclidean,206,True,363,363,0.1735537190082644,0.1763085399449036,1000000
euclidean,207,True,32840,32840,0.0207978075517661,0.2845615103532278,1000000
euclidean,208,True,20649,20649,0.5265630296866677,0.2543948859508935,1000000
euclidean,209,True,8109,8109,0.1519299543716857,0.3540510543840177,1000000
euclidean,210,True,24555,24555,0.0127876196294033,0.1222561596416208,1000000
euclidean,211,True,21255,21255,0.5447659374264879,0.2027758174547165,1000000
euclidean,212,True,5184,5184,0.1336805555555555,0.0613425925925925,1000000
euclidean,213,True,11974,11974,0.1683647903791548,0.0802572239853014,1000000
euclidean,214,True,14160,14160,0.070409604519774,0.4767655367231638,1000000
euclidean,215,True,25069,25069,0.5823527065299773,0.0974111452391399,1000000
euclidean,216,True,42791,42791,0.289803930733098,0.0708326517258302,1000000
euclidean,217,True,6626,6626,0.1516752188348928,0.3361002112888621,1000000
euclidean,218,True,6157,6157,0.1677765145363001,0.3477342861783336,1000000
euclidean,219,True,271140,271140,0.246603230803275,0.0012392122150918,1000000
euclidean,220,True,20450,20450,0.3559902200488997,0.1397555012224939,1000000
euclidean,221,True,3947,3947,0.0676463136559412,0.0377501900177349,1000000
euclidean,222,True,5494,5494,0.0364033491081179,0.2732071350564252,1000000
euclidean,223,True,21085,21085,0.383542802940479,0.1244960872658288,1000000
euclidean,224,True,2336,2336,0.0321061643835616,0.0702054794520548,1000000
euclidean,225,True,9497,9497,0.3511635253237865,0.0404338212066968,1000000
euclidean,226,True,46597,46597,0.2689228920316758,0.002532351868146,1000000
euclidean,227,True,4078,4078,0.4857773418342325,0.3479646885728298,1000000
euclidean,228,True,27684,27684,0.5361580696431152,0.2679164860569282,1000000
euclidean,229,True,41753,41753,0.2092544248317486,0.0035207050990347,1000000
euclidean,230,True,8989,8989,0.0169095561241517,0.0815441094671265,1000000
euclidean,231,True,8369,8369,0.3048153901302425,0.1431473294300394,1000000
euclidean,232,True,35620,35620,0.0171532846715328,0.4135597978663672,1000000
euclidean,233,True,104815,104815,0.2585412393264323,0.7782855507322425,1000000
euclidean,234,True,168858,168858,0.8607054448116168,0.2561027608996908,1000000
euclidean,235,True,4397,4397,0.0511712531271321,0.0864225608369342,1000000
euclidean,236,True,21411,21411,0.1013030685161832,0.0177945915650833,1000000
euclidean,237,True,563,563,0.1012433392539964,0.1190053285968028,1000000
euclidean,238,True,15345,15345,0.101010101010101,0.0104920169436298,1000000
euclidean,239,True,5518,5518,0.5761145342515405,0.6203334541500544,1000000
euclidean,240,True,87655,87655,0.2129256745194227,0.02240602361531,1000000
euclidean,241,True,1960,1960,0.1612244897959183,0.1306122448979592,1000000
euclidean,242,True,16551,16551,0.1210802972630052,0.3792520089420579,1000000
euclidean,243,True,21025,21025,0.4122711058263971,0.1361712247324613,1000000
euclidean,244,False,-1,1000000,0.984415,0.221467,1000000
euclidean,245,True,49865,49865,0.1889902737390955,0.0321668504963401,1000000
euclidean,246,True,3012,3012,0.0212483399734395,0.0395086321381142,1000000
euclidean,247,True,6323,6323,0.0959987347777953,0.0438083188359955,1000000
euclidean,248,True,12881,12881,0.512460212716404,0.1370235230183991,1000000
euclidean,249,True,430,430,0.2930232558139535,0.2767441860465116,1000000
euclidean,250,True,28590,28590,0.2349073102483385,0.5945435466946485,1000000
euclidean,251,True,9134,9134,0.5071162688854828,0.1867746879789796,1000000
euclidean,252,True,12858,12858,0.1234251049930004,0.4420594182610048,1000000
euclidean,253,True,12564,12564,0.3170964660936007,0.1038681948424068,1000000
euclidean,254,True,38054,38054,0.0797550848793819,0.3384138329741946,1000000
euclidean,255,True,47421,47421,0.5970350688513528,0.2045296387676345,1000000
euclidean,256,True,1124,1124,0.1023131672597864,0.1236654804270462,1000000
euclidean,257,True,1570,1570,0.0286624203821656,0.051592356687898,1000000
euclidean,258,True,43112,43112,0.0202727778808684,0.1169048060864724,1000000
euclidean,259,True,40762,40762,0.2945144987979,0.5719297384819194,1000000
euclidean,260,True,11462,11462,0.3646833013435701,0.1764090036642819,1000000
euclidean,261,True,30734,30734,0.1038263812064814,0.3040931866987701,1000000
euclidean,262,True,747,747,0.4698795180722891,0.4618473895582329,1000000
euclidean,263,True,14293,14293,0.4493808157839501,0.1766599034492408,1000000
euclidean,264,True,10541,10541,0.0634664642823261,0.3611611801536856,1000000
euclidean,265,True,11588,11588,0.0029340697273041,0.0016396272005522,1000000
euclidean,266,True,39766,39766,0.3488658653120756,0.1372026354171905,1000000
euclidean,267,True,4334,4334,0.2491924319335486,0.2171204430087678,1000000
euclidean,268,True,6937,6937,0.1954735476430733,0.129306616693095,1000000
euclidean,269,True,11225,11225,0.2703786191536748,0.6998663697104677,1000000
euclidean,270,True,1021,1021,0.2477962781586679,0.2125367286973555,1000000
euclidean,271,True,18047,18047,0.0893223250401728,0.0281487227794093,1000000
euclidean,272,True,546332,546332,0.2713734505758403,0.0006113498751674,1000000
euclidean,273,True,38273,38273,0.5389177749327202,0.1686306273351971,1000000
euclidean,274,True,10036,10036,0.1794539657233957,0.4759864487843762,1000000
euclidean,275,True,6439,6439,0.0214318993632551,0.0500077651809287,1000000
euclidean,276,True,1502,1502,0.0286284953395472,0.0272969374167776,1000000
euclidean,277,True,255645,255645,0.4353498014825246,0.0236421600265993,1000000
euclidean,278,True,30537,30537,0.3666371942234011,0.0380849461309231,1000000
euclidean,279,True,7594,7594,0.229786673689755,0.1543323676586779,1000000
euclidean,280,True,18763,18763,0.7285082342908916,0.6082183019772958,1000000
euclidean,281,True,186186,186186,0.0828633731859538,0.7981104916588787,1000000
euclidean,282,True,27085,27085,0.0218201956802658,0.3583533321026398,1000000
euclidean,283,True,24345,24345,0.0395974532758266,0.0792359827479975,1000000
euclidean,284,True,4968,4968,0.2659017713365539,0.2026972624798712,1000000
euclidean,285,True,16926,16926,0.293217535153019,0.1360628618693135,1000000
euclidean,286,True,7348,7348,0.5344311377245509,0.371801850843767,1000000
euclidean,287,True,1038,1038,0.2061657032755298,0.1531791907514451,1000000
euclidean,288,True,46116,46116,0.1786147974672564,0.4939283545840923,1000000
euclidean,289,True,45398,45398,0.392153839376184,0.0650248909643596,1000000
euclidean,290,True,14922,14922,0.3689183755528749,0.0676182817316713,1000000
euclidean,291,True,1596,1596,0.2587719298245614,0.2763157894736842,1000000
euclidean,292,True,7876,7876,0.1846114779075673,0.0538344337227018,1000000
euclidean,293,True,2287,2287,0.1770878880629645,0.094884127678181,1000000
euclidean,294,True,4853,4853,0.0616113744075829,0.153925406964764,1000000
euclidean,295,True,24467,24467,0.6147872644786856,0.3424204029917848,1000000
euclidean,296,True,2626,2626,0.0171363290175171,0.0262757044935262,1000000
euclidean,297,True,5293,5293,0.1779709049688267,0.5225769884753448,1000000
euclidean,298,True,514,514,0.046692607003891,0.0447470817120622,1000000
euclidean,299,True,16383,16383,0.4310565830433986,0.0821583348593053,1000000
euclidean,300,True,97571,97571,0.0082299043773252,0.3559766733968085,1000000
euclidean,301,True,1235,1235,0.0161943319838056,0.0170040485829959,1000000
euclidean,302,True,3469,3469,0.206111271259729,0.1744018449120784,1000000
euclidean,303,True,53174,53174,0.5587693233535186,0.2572121713619438,1000000
euclidean,304,True,17022,17022,0.089707437433909,0.3585360122194806,1000000
euclidean,305,True,23585,23585,0.4489294042823828,0.3857112571549714,1000000
euclidean,306,True,47840,47840,0.2709866220735786,0.7010869565217391,1000000
euclidean,307,True,116942,116942,0.5496057874843939,0.1632518684476065,1000000
euclidean,308,True,116046,116046,0.3318080761077503,0.0513158575047825,1000000
euclidean,309,True,10422,10422,0.1829783151026674,0.0313759355210132,1000000
euclidean,310,True,1689,1689,0.0438129070455891,0.0669034931912374,1000000
euclidean,311,True,11972,11972,0.5396759104577347,0.1434179752756431,1000000
euclidean,312,True,4010,4010,0.2179551122194513,0.3204488778054863,1000000
euclidean,313,True,26140,26140,0.4957918898240245,0.0539785768936495,1000000
euclidean,314,True,176816,176816,0.1498054474708171,0.752233960727536,1000000
euclidean,315,True,34590,34590,0.148597860653368,0.0476438276958658,1000000
euclidean,316,True,46057,46057,0.0368456477842673,0.3726469374905009,1000000
euclidean,317,True,73196,73196,0.0215585551123012,0.3196076288321766,1000000
euclidean,318,True,9127,9127,0.631642379752383,0.2689821409006245,1000000
euclidean,319,True,3704,3704,0.08585313174946,0.1150107991360691,1000000
euclidean,320,True,17241,17241,0.7964155211414651,0.4302534655762426,1000000
euclidean,321,True,8020,8020,0.1708229426433915,0.2255610972568578,1000000
euclidean,322,True,758599,758599,0.2879334140962484,0.0035591926696449,1000000
euclidean,323,True,22255,22255,0.2024713547517412,0.0990788586834419,1000000
euclidean,324,True,24910,24910,0.0314331593737454,0.3146126053793657,1000000
euclidean,325,True,19313,19313,0.0329829648423341,0.1782737016517371,1000000
euclidean,326,False,-1,1000000,5e-06,0.453788,1000000
euclidean,327,True,26376,26376,0.0209660297239915,0.1147634212920837,1000000
euclidean,328,True,38911,38911,0.3571483642157744,0.1083498239572357,1000000
euclidean,329,True,1319,1319,0.0742987111448066,0.1258529188779378,1000000
euclidean,330,True,127950,127950,0.292442360296991,0.0186869871043376,1000000
euclidean,331,True,657021,657021,0.91408037186026,0.3210003942035338,1000000
euclidean,332,True,1381,1381,0.3823316437364228,0.3077480086893555,1000000
euclidean,333,True,15822,15822,0.2776513715080268,0.0722411831626848,1000000
euclidean,334,True,75078,75078,0.2847305468978928,0.0695676496443698,1000000
euclidean,335,True,13433,13433,0.2785677063946996,0.1939254075783518,1000000
euclidean,336,True,13483,13483,0.226284951420307,0.0628940146851591,1000000
euclidean,337,True,35616,35616,0.2216138814016172,0.0913915094339622,1000000
euclidean,338,True,6664,6664,0.1566626650660264,0.4156662665066026,1000000
euclidean,339,True,12526,12526,0.2812549896215871,0.4301452977806163,1000000
euclidean,340,True,57546,57546,0.1152295554860459,0.3792270531400966,1000000
euclidean,341,True,159764,159764,0.8802984401992939,0.4162639893843419,1000000
euclidean,342,True,180558,180558,0.0182102150001661,0.4617242105029963,1000000
euclidean,343,True,18294,18294,0.3639991253963048,0.10008746036952,1000000
euclidean,344,True,94664,94664,0.3839896898504183,0.0026726104960703,1000000
euclidean,345,True,4657,4657,0.1625509984968864,0.1966931500966287,1000000
euclidean,346,True,528895,528895,0.9096474725607162,0.3485020656273929,1000000
euclidean,347,True,3395,3395,0.0103092783505154,0.0114874815905743,1000000
euclidean,348,True,440294,440294,0.2944600653199907,0.932174864976584,1000000
euclidean,349,True,85678,85678,0.020215224445015,0.2411003991689815,1000000
euclidean,350,True,20742,20742,0.3372866647382123,0.7027769742551345,1000000
euclidean,351,True,1279,1279,0.2431587177482408,0.2032838154808444,1000000
euclidean,352,True,78283,78283,0.7650319992846467,0.3631312034541343,1000000
euclidean,353,True,527790,527790,0.9208245703783702,0.2276094658860531,1000000
euclidean,354,True,20638,20638,0.3710146332008915,0.0595018897179959,1000000
euclidean,355,True,21496,21496,0.2355321920357276,0.5995999255675475,1000000
euclidean,356,True,7957,7957,0.0968958150056554,0.0397134598466758,1000000
euclidean,357,True,20686,20686,0.1276708885236391,0.0103451609784395,1000000
euclidean,358,True,891,891,0.2592592592592592,0.2368125701459034,1000000
euclidean,359,True,178304,178304,0.0488659816941852,0.3823582196697774,1000000
euclidean,360,True,1685,1685,0.2635014836795252,0.201780415430267,1000000
euclidean,361,True,4268,4268,0.1183223992502343,0.2619493908153702,1000000
euclidean,362,True,42794,42794,0.1546945833528064,0.5652661588073095,1000000
euclidean,363,True,7611,7611,0.2873472605439495,0.0513730127447116,1000000
euclidean,364,True,62954,62954,0.643866950471773,0.2730247482288655,1000000
euclidean,365,True,18435,18435,0.1951722267426091,0.7051261187957689,1000000
euclidean,366,True,2512,2512,0.0995222929936305,0.0812101910828025,1000000
euclidean,367,True,44692,44692,0.104828604671977,0.4518482054953907,1000000
euclidean,368,True,103527,103527,0.0021443681358486,0.1054797299255266,1000000
euclidean,369,True,496,496,0.0705645161290322,0.064516129032258,1000000
euclidean,370,True,3811,3811,0.1096824980320125,0.0779323012332721,1000000
euclidean,371,True,10757,10757,0.3976015617737287,0.1258715255182671,1000000
euclidean,372,True,42660,42660,0.0065166432255039,0.1184716361931551,1000000
euclidean,373,True,17244,17244,0.0470888424959406,0.1388888888888889,1000000
euclidean,374,True,27173,27173,0.0732712619144003,0.2471203032421889,1000000
euclidean,375,True,17133,17133,0.1796533006478725,0.5210996322885659,1000000
euclidean,376,True,6810,6810,0.2682819383259912,0.0493392070484581,1000000
euclidean,377,True,476,476,0.0504201680672268,0.0567226890756302,1000000
euclidean,378,True,18167,18167,0.1810975945395497,0.3921946386304838,1000000
euclidean,379,True,4802,4802,0.7080383173677635,0.6074552269887546,1000000
euclidean,380,True,5876,5876,0.0966643975493533,0.0964942137508509,1000000
euclidean,381,True,54414,54414,0.0386481420222736,0.7047634799867681,1000000
euclidean,382,True,96745,96745,0.7697245335676263,0.4188330146260788,1000000
euclidean,383,True,6355,6355,0.0885916601101494,0.2986624704956727,1000000
euclidean,384,True,36749,36749,0.3184576451059893,0.6208876432011755,1000000
euclidean,385,True,44737,44737,0.7461608959027204,0.2853342870554574,1000000
euclidean,386,True,14964,14964,0.1407377706495589,0.0643544506816359,1000000
euclidean,387,True,3395,3395,0.1926362297496318,0.1646539027982327,1000000
euclidean,388,True,4273,4273,0.1692019658319681,0.120056166627662,1000000
euclidean,389,True,5522,5522,0.250996015936255,0.3219847881202463,1000000
euclidean,390,True,33334,33334,0.4101517969640607,0.7227755444891102,1000000
euclidean,391,True,51418,51418,0.2383601073554008,0.0623906025127387,1000000
euclidean,392,True,28197,28197,0.2297052877965741,0.0192573678050856,1000000
euclidean,393,False,-1,1000000,0.0,0.219678,1000000
euclidean,394,True,20890,20890,0.3457635232168501,0.1734322642412637,1000000
euclidean,395,True,739,739,0.2936400541271989,0.2692828146143437,1000000
euclidean,396,True,8923,8923,0.4041241734842541,0.2247002129328701,1000000
euclidean,397,True,17895,17895,0.455322715842414,0.1613299804414641,1000000
euclidean,398,True,14279,14279,0.4940121857272918,0.2587716226626514,1000000
euclidean,399,True,13786,13786,0.1207746989699695,0.428913390396054,1000000
euclidean,400,True,698,698,0.4484240687679083,0.4699140401146132,1000000
euclidean,401,True,2604,2604,0.1589861751152073,0.0910138248847926,1000000
euclidean,402,True,7005,7005,0.0165596002855103,0.0294075660242683,1000000
euclidean,403,True,33693,33693,0.0011278307066749,0.0014543080165019,1000000
euclidean,404,True,88155,88155,0.0585899835516987,0.7125630990868357,1000000
euclidean,405,True,23967,23967,0.2491342262277298,0.043601618892644,1000000
euclidean,406,True,51796,51796,0.3319947486292378,0.0601204726233686,1000000
euclidean,407,True,46386,46386,0.4483033673953348,0.0423188030871383,1000000
euclidean,408,True,5163,5163,0.0761185357350377,0.0257602169281425,1000000
euclidean,409,True,25477,25477,0.2655728696471327,0.6509008124975468,1000000
euclidean,410,True,696,696,0.1695402298850574,0.160919540229885,1000000
euclidean,411,True,34945,34945,0.0898554871941622,0.0032050364859064,1000000
euclidean,412,True,69165,69165,0.2313453336224969,0.7952866334128533,1000000
euclidean,413,True,46886,46886,0.0373245744998507,0.2264002047519515,1000000
euclidean,414,True,4131,4131,0.7630113773904623,0.7467925441781651,1000000
euclidean,415,True,5845,5845,0.0579982891360136,0.2147134302822925,1000000
euclidean,416,True,29505,29505,0.1820708354516183,0.6574478901881037,1000000
euclidean,417,True,8335,8335,0.546370725854829,0.2484703059388122,1000000
euclidean,418,True,892,892,0.2825112107623318,0.3150224215246637,1000000
euclidean,419,True,112770,112770,0.8202624811563359,0.1205551121752239,1000000
euclidean,420,False,-1,1000000,0.304714,0.96185,1000000
euclidean,421,True,29018,29018,0.3557791715486939,0.0529671238541594,1000000
euclidean,422,True,12717,12717,0.0696705197766768,0.2691672564284029,1000000
euclidean,423,True,10955,10955,0.2839799178457325,0.065997261524418,1000000
euclidean,424,True,46127,46127,0.0504910356190517,0.2505907602922366,1000000
euclidean,425,True,19738,19738,0.0987435403789644,0.3795723984192927,1000000
euclidean,426,True,89896,89896,0.4744927471745128,0.8278343864020646,1000000
euclidean,427,True,15755,15755,0.4077435734687401,0.0750238019676293,1000000
euclidean,428,True,8789,8789,0.4169985208783707,0.1869382182273296,1000000
euclidean,429,True,10510,10510,0.5529971455756423,0.3206470028544244,1000000
euclidean,430,True,215536,215536,0.9043268873877218,0.2130780936827258,1000000
euclidean,431,True,12433,12433,0.0776964529880157,0.0283117509852811,1000000
euclidean,432,True,11458,11458,0.0981846744632571,0.3921277709897015,1000000
euclidean,433,True,21160,21160,0.1203213610586011,0.3250945179584121,1000000
euclidean,434,True,15916,15916,0.3492083438049761,0.6913797436541844,1000000
euclidean,435,True,22391,22391,0.2480014291456388,0.1454602295565182,1000000
euclidean,436,True,47900,47900,0.0057620041753653,0.2146972860125261,1000000
euclidean,437,True,60291,60291,0.1812708364432502,0.6452538521504039,1000000
euclidean,438,True,4126,4126,0.5024236548715463,0.4163839069316529,1000000
euclidean,439,True,26153,26153,0.5880013765151225,0.1973769739609222,1000000
euclidean,440,True,11993,11993,0.3522888351538397,0.3572083715500709,1000000
euclidean,441,True,36330,36330,0.2452518579686209,0.0355628956785026,1000000
euclidean,442,True,3305,3305,0.0099848714069591,0.0099848714069591,1000000
euclidean,443,True,9964,9964,0.0550983540746688,0.0891208350060216,1000000
euclidean,444,True,82701,82701,0.3041438434843593,0.7357468470756098,1000000
euclidean,445,True,27680,27680,0.1346098265895954,0.3289739884393063,1000000
euclidean,446,False,-1,1000000,0.983504,0.305002,1000000
euclidean,447,True,5266,5266,0.1310292442081276,0.0286745157614887,1000000
euclidean,448,True,782873,782873,0.9472302659562918,0.2470324050005556,1000000
euclidean,449,True,9516,9516,0.0546448087431694,0.0362547288776797,1000000
euclidean,450,True,11029,11029,0.0528606401305648,0.2909601958473116,1000000
euclidean,451,True,30274,30274,0.4870515954284204,0.0602827508753385,1000000
euclidean,452,True,13180,13180,0.1540971168437026,0.3754172989377845,1000000
euclidean,453,True,10240,10240,0.39365234375,0.152734375,1000000
euclidean,454,True,15444,15444,0.4582362082362082,0.1187516187516187,1000000
euclidean,455,True,12789,12789,0.3050277582297286,0.4772851669403393,1000000
euclidean,456,True,11092,11092,0.3755860079336459,0.1056617381896862,1000000
euclidean,457,True,55957,55957,0.2179173293779152,0.0138677913397787,1000000
euclidean,458,True,872847,872847,0.3198716384429344,0.0005510702333856,1000000
euclidean,459,True,2647,2647,0.0328673970532678,0.0302228938420853,1000000
euclidean,460,True,4377,4377,0.437742746173178,0.5407813570939,1000000
euclidean,461,True,41571,41571,0.0076014529359409,0.2532534699670443,1000000
euclidean,462,True,9626,9626,0.5810305422813214,0.688759609391232,1000000
euclidean,463,True,8053,8053,0.4587110393642121,0.2663603625977896,1000000
euclidean,464,True,6704,6704,0.1470763723150357,0.2796837708830549,1000000
euclidean,465,True,15753,15753,0.0636704119850187,0.5265028883387292,1000000
euclidean,466,True,80197,80197,0.2569173410476701,0.0530194396299113,1000000
euclidean,467,True,4256,4256,0.0131578947368421,0.0110432330827067,1000000
euclidean,468,True,1625,1625,0.123076923076923,0.1113846153846153,1000000
euclidean,469,True,33596,33596,0.1522205024407667,0.5904869627336587,1000000
euclidean,470,True,6201,6201,0.1909369456539268,0.2965650701499758,1000000
euclidean,471,True,6309,6309,0.2978284989697258,0.2551909969884292,1000000
euclidean,472,True,9657,9657,0.285388837112975,0.410272341306824,1000000
euclidean,473,True,10059,10059,0.0327070285316631,0.1730788348742419,1000000
euclidean,474,True,6238,6238,0.1777813401731324,0.3209361974991984,1000000
euclidean,475,True,32016,32016,0.037699900049975,0.1948713143428286,1000000
euclidean,476,True,6231,6231,0.1638581287112823,0.0536029529770502,1000000
euclidean,477,True,81466,81466,0.4066113470650332,0.7319126997765939,1000000
euclidean,478,True,105589,105589,0.2768849027834338,0.7379367168928581,1000000
euclidean,479,False,-1,1000000,0.997226,0.308694,1000000
euclidean,480,True,31293,31293,0.3792541462946985,0.6349662863899275,1000000
euclidean,481,True,5097,5097,0.1263488326466549,0.0761232097312144,1000000
euclidean,482,True,26756,26756,0.7825908207504859,0.4212513081178053,1000000
euclidean,483,True,125659,125659,0.2237086082174774,0.0511065661830827,1000000
euclidean,484,True,12910,12910,0.3081332300542215,0.1719597211463981,1000000
euclidean,485,True,4287,4287,0.5572661534872871,0.4774900863074411,1000000
euclidean,486,True,9610,9610,0.4802289281997919,0.227471383975026,1000000
euclidean,487,True,10521,10521,0.0288945917688432,0.2078699743370402,1000000
euclidean,488,True,9273,9273,0.4422516984794565,0.5496603041087027,1000000
euclidean,489,True,6626,6626,0.1961968004829459,0.3573800181104739,1000000
euclidean,490,True,1506,1506,0.646746347941567,0.648074369189907,1000000
euclidean,491,True,33125,33125,0.2494792452830188,0.0199849056603773,1000000
euclidean,492,True,31303,31303,0.0287192920806312,0.4208222854039549,1000000
euclidean,493,True,14863,14863,0.4598667832873578,0.0873309560653973,1000000
euclidean,494,True,71640,71640,0.1898520379676158,0.0275404801786711,1000000
euclidean,495,True,77593,77593,0.0058252677432242,0.3788228319564909,1000000
euclidean,496,True,101793,101793,0.0129183735620327,0.6433644749638974,1000000
euclidean,497,True,2400,2400,0.0125,0.0175,1000000
euclidean,498,True,2101,2101,0.025702046644455,0.025702046644455,1000000
euclidean,499,True,20114,20114,0.0234662424182161,0.3019290046733618,1000000
euclidean,500,True,35821,35821,0.2240305965774266,0.0247899276960442,1000000
euclidean,501,True,241762,241762,0.1664322763709764,0.8761881519841828,1000000
euclidean,502,True,13938,13938,0.10173626058258,0.3963983354857225,1000000
euclidean,503,True,37000,37000,0.4212702702702702,0.1376756756756756,1000000
euclidean,504,True,3064,3064,0.052219321148825,0.0669060052219321,1000000
euclidean,505,True,375460,375460,0.825019975496724,0.960152879134928,1000000
euclidean,506,True,3790,3790,0.1313984168865435,0.166754617414248,1000000
euclidean,507,True,69065,69065,0.56710345326866,0.1374357489321653,1000000
euclidean,508,True,75150,75150,0.1640851630073187,0.4239520958083832,1000000
euclidean,509,True,320098,320098,0.8540165824216334,0.3595648832545033,1000000
euclidean,510,True,18981,18981,0.3701069490543174,0.6410621147463252,1000000
euclidean,511,True,31122,31122,0.0695328063749116,0.0053017158280316,1000000
euclidean,512,True,14546,14546,0.0658600302488656,0.3070259865255053,1000000
euclidean,513,True,19425,19425,0.3410553410553411,0.16,1000000
euclidean,514,True,18092,18092,0.0816935662171125,0.4518019013928808,1000000
euclidean,515,True,4182,4182,0.048780487804878,0.1035389765662362,1000000
euclidean,516,True,32440,32440,0.1242293464858199,0.5181257706535142,1000000
euclidean,517,True,42818,42818,0.249521229389509,0.0412910458218506,1000000
euclidean,518,True,2629,2629,0.2175732217573222,0.1924686192468619,1000000
euclidean,519,True,84423,84423,0.0536346730156473,0.2725086765454911,1000000
euclidean,520,True,49944,49944,0.2518420631106839,0.6265016818837098,1000000
euclidean,521,True,17340,17340,0.3066897347174164,0.0292387543252595,1000000
euclidean,522,True,31549,31549,0.0480522362040001,0.5044216932390884,1000000
euclidean,523,True,13970,13970,0.009663564781675,0.0037938439513242,1000000
euclidean,524,True,414822,414822,0.2422894639146429,0.8955503806451924,1000000
euclidean,525,True,24851,24851,0.0624924550319906,0.199871232545974,1000000
euclidean,526,True,10611,10611,0.2645368014324757,0.5569691829233814,1000000
euclidean,527,True,20958,20958,0.253220727168623,0.0144097719248019,1000000
euclidean,528,True,11060,11060,0.316998191681736,0.263381555153707,1000000
euclidean,529,True,1406,1406,0.0597439544807965,0.0704125177809388,1000000
euclidean,530,True,4908,4908,0.1206193969030154,0.041361043194784,1000000
euclidean,531,True,9767,9767,0.7244803931606429,0.4958533838435548,1000000
euclidean,532,True,3301,3301,0.2653741290518024,0.1999394122993032,1000000
euclidean,533,True,1543,1543,0.1069345430978613,0.1600777705767984,1000000
euclidean,534,True,9709,9709,0.0214234215676176,0.0365640127716551,1000000
euclidean,535,True,15250,15250,0.0631475409836065,0.3491147540983607,1000000
euclidean,536,True,14947,14947,0.0850337860440222,0.0745969090787449,1000000
euclidean,537,True,17018,17018,0.3512163591491362,0.1568339405335527,1000000
euclidean,538,True,18395,18395,0.339657515629247,0.1441152487088882,1000000
euclidean,539,True,4005,4005,0.5720349563046192,0.5061173533083645,1000000
euclidean,540,True,19168,19168,0.3554883138564274,0.5601001669449082,1000000
euclidean,541,True,26018,26018,0.3674763625182566,0.0755630717195787,1000000
euclidean,542,True,74042,74042,0.834539855757543,0.5084141433240593,1000000
euclidean,543,True,11015,11015,0.0039037675896504,0.0025419881979119,1000000
euclidean,544,True,10971,10971,0.2073648710236077,0.3938565308540698,1000000
euclidean,545,True,40933,40933,0.4962988297950309,0.2457186133437568,1000000
euclidean,546,True,4158,4158,0.1166426166426166,0.0293410293410293,1000000
euclidean,547,True,5045,5045,0.0541129831516352,0.0705649157581764,1000000
euclidean,548,True,6320,6320,0.2014240506329113,0.3356012658227848,1000000
euclidean,549,True,72971,72971,0.8364692823176331,0.2013128503103972,1000000
euclidean,550,True,105140,105140,0.1699733688415446,0.7708579037473844,1000000
euclidean,551,True,1191,1191,0.5071368597816961,0.4617968094038623,1000000
euclidean,552,True,75451,75451,0.0045194894699871,0.1928801473804191,1000000
euclidean,553,True,4769,4769,0.3325644789263997,0.4250366953239672,1000000
euclidean,554,True,29432,29432,0.5877616200054363,0.2925047567273716,1000000
euclidean,555,True,374640,374640,0.4107329703181721,0.9295403587443948,1000000
euclidean,556,True,10608,10608,0.4529600301659125,0.1944758672699849,1000000
euclidean,557,True,3512,3512,0.158883826879271,0.1899202733485193,1000000
euclidean,558,True,6146,6146,0.0551578262284412,0.1644972339733159,1000000
euclidean,559,True,5269,5269,0.0094894666919719,0.0449800721199468,1000000
euclidean,560,True,35443,35443,0.188584487769094,0.7495979459977993,1000000
euclidean,561,True,13343,13343,0.0798920782432736,0.1542381773214419,1000000
euclidean,562,True,7629,7629,0.0056363874688687,0.023856337658933,1000000
euclidean,563,True,3897,3897,0.2673851680780087,0.4482935591480626,1000000
euclidean,564,True,50995,50995,0.1624080792234532,0.7579370526522208,1000000
euclidean,565,True,6091,6091,0.0141191922508619,0.0118207190937448,1000000
euclidean,566,True,2938,2938,0.291354663036079,0.1603131381892444,1000000
euclidean,567,True,40754,40754,0.7169602983756196,0.3365804583599155,1000000
euclidean,568,True,20481,20481,0.4224403105317123,0.6515795127191055,1000000
euclidean,569,True,121912,121912,0.8978771572937857,0.3326333748933657,1000000
euclidean,570,True,37911,37911,0.1980164068476168,0.6763736118804569,1000000
euclidean,571,True,8629,8629,0.1754548615135009,0.1467145671572604,1000000
euclidean,572,True,7737,7737,0.2551376502520356,0.1255008401189091,1000000
euclidean,573,True,7678,7678,0.3476165668142745,0.1228184423026829,1000000
euclidean,574,True,2562,2562,0.2931303669008587,0.1565183450429352,1000000
euclidean,575,True,7418,7418,0.2809382582906444,0.149501213265031,1000000
euclidean,576,True,39165,39165,0.2617387973956339,0.006485382356696,1000000
euclidean,577,True,7082,7082,0.0731431798926856,0.0450437729454956,1000000
euclidean,578,True,54306,54306,0.5494972931167826,0.2934850661068758,1000000
euclidean,579,True,21356,21356,0.2816070425173253,0.604467128675782,1000000
euclidean,580,True,3844,3844,0.4752861602497398,0.4235171696149843,1000000
euclidean,581,True,30373,30373,0.4351233002996082,0.2516050439535113,1000000
euclidean,582,True,26600,26600,0.4009774436090225,0.1417293233082706,1000000
euclidean,583,True,22190,22190,0.3067598017124831,0.0580892293826047,1000000
euclidean,584,True,22566,22566,0.1306390144465124,0.3477798457856953,1000000
euclidean,585,True,2098,2098,0.1906577693040991,0.1477597712106768,1000000
euclidean,586,True,74721,74721,0.2841102233642483,0.0117637611916328,1000000
euclidean,587,True,110204,110204,0.7505262966861457,0.2826122463794417,1000000
euclidean,588,True,10375,10375,0.2037590361445783,0.4354698795180723,1000000
euclidean,589,False,-1,1000000,0.288295,0.979907,1000000
euclidean,590,True,5169,5169,0.3927258657380538,0.4201973302379571,1000000
euclidean,591,True,131673,131673,0.8372483348902204,0.3655115323566714,1000000
euclidean,592,True,24424,24424,0.5272273173927284,0.4053390108090403,1000000
euclidean,593,True,7777,7777,0.2727272727272727,0.1118683296901118,1000000
euclidean,594,True,25318,25318,0.0652500197487953,0.54680464491666,1000000
euclidean,595,True,2961,2961,0.1060452549814252,0.1114488348530901,1000000
euclidean,596,True,739,739,0.3978349120433017,0.3978349120433017,1000000
euclidean,597,True,47634,47634,0.5095729940798589,0.1583742704790695,1000000
euclidean,598,True,395424,395424,0.8867494132880149,0.2411841466375333,1000000
euclidean,599,True,24798,24798,0.6608597467537705,0.2398983789015243,1000000
euclidean,600,True,6139,6139,0.1651734810229679,0.1913992506922951,1000000
euclidean,601,True,2652,2652,0.2805429864253393,0.2952488687782805,1000000
euclidean,602,True,655,655,0.2122137404580152,0.2076335877862595,1000000
euclidean,603,True,23547,23547,0.2009173143075551,0.4248099545589672,1000000
euclidean,604,True,17004,17004,0.4950599858856739,0.2295930369324864,1000000
euclidean,605,True,16615,16615,0.3552813722539873,0.1404754739693048,1000000
euclidean,606,True,27585,27585,0.3326808047852093,0.0704005800253761,1000000
euclidean,607,True,13188,13188,0.0917500758265089,0.6103275705186533,1000000
euclidean,608,True,50982,50982,0.3436310854811502,0.045584716174336,1000000
euclidean,609,True,71996,71996,0.2484999166620367,0.031987888216012,1000000
euclidean,610,True,69493,69493,0.0549839552185112,0.2266559221792123,1000000
euclidean,611,True,4287,4287,0.1877770002332633,0.1038021926755306,1000000
euclidean,612,True,1115,1115,0.0511210762331838,0.0511210762331838,1000000
euclidean,613,True,37227,37227,0.564993150132968,0.2882853842641094,1000000
euclidean,614,True,26379,26379,0.6638614049054172,0.3575192387884301,1000000
euclidean,615,True,2948,2948,0.4151967435549525,0.3809362279511533,1000000
euclidean,616,True,22943,22943,0.2513184849409406,0.0536982957764895,1000000
euclidean,617,True,17871,17871,0.081081081081081,0.437692350735829,1000000
euclidean,618,True,17225,17225,0.0664150943396226,0.1115239477503628,1000000
euclidean,619,True,18130,18130,0.2286817429674572,0.0750689464975179,1000000
euclidean,620,True,5396,5396,0.0505930318754633,0.0342846553002223,1000000
euclidean,621,True,4715,4715,0.1493107104984093,0.1698833510074231,1000000
euclidean,622,True,1813,1813,0.205184776613348,0.1020408163265306,1000000
euclidean,623,True,27314,27314,0.1660320714651827,0.3922896683019697,1000000
euclidean,624,True,493315,493315,0.2276537303751153,0.8998915500238185,1000000
euclidean,625,True,3299,3299,0.1548954228554107,0.2837223401030615,1000000
euclidean,626,True,3088,3088,0.6230569948186528,0.2953367875647668,1000000
euclidean,627,True,60552,60552,0.2461850971066191,0.016233980710794,1000000
euclidean,628,True,95896,95896,0.0979394343872528,0.4917514807708351,1000000
euclidean,629,True,23924,23924,0.0488212673465975,0.5938806219695703,1000000
euclidean,630,True,7807,7807,0.0224157807096195,0.0133213782502882,1000000
euclidean,631,True,7040,7040,0.3583806818181818,0.2768465909090909,1000000
euclidean,632,True,11287,11287,0.0217949853814122,0.0544874634535306,1000000
euclidean,633,True,63269,63269,0.3059950370639649,0.0412682356288229,1000000
euclidean,634,True,31083,31083,0.4783322073158961,0.7512788340893736,1000000
euclidean,635,True,28846,28846,0.2049504264022741,0.0163974207862441,1000000
euclidean,636,True,41092,41092,0.78190402024725,0.3244183782731432,1000000
euclidean,637,True,1264,1264,0.178006329113924,0.1906645569620253,1000000
euclidean,638,True,297233,297233,0.0285769076784879,0.3457355004323207,1000000
euclidean,639,True,2651,2651,0.1075066012825348,0.0799698227084119,1000000
euclidean,640,True,37639,37639,0.4733653922792847,0.1250830255851643,1000000
euclidean,641,True,27921,27921,0.1961247806310662,0.0738512230937287,1000000
euclidean,642,True,6358,6358,0.2019502988361119,0.2798049701163888,1000000
euclidean,643,True,41070,41070,0.0098125152179206,0.095690284879474,1000000
euclidean,644,True,2361,2361,0.1363828886065226,0.0787801778907242,1000000
euclidean,645,True,7538,7538,0.0672592199522419,0.1346511010878217,1000000
euclidean,646,True,482,482,0.0954356846473029,0.0975103734439834,1000000
euclidean,647,True,42532,42532,0.1688140694065644,0.0085112385968212,1000000
euclidean,648,True,14670,14670,0.3824130879345603,0.5730743012951602,1000000
euclidean,649,True,17123,17123,0.0400630730596274,0.1874671494481107,1000000
euclidean,650,True,3398,3398,0.1141848145968216,0.0729841082989994,1000000
euclidean,651,True,8717,8717,0.304233107720546,0.4604795227715957,1000000
euclidean,652,True,42825,42825,0.4925861062463514,0.0977466433158202,1000000
euclidean,653,True,100994,100994,0.1566924767807988,0.7375091589599382,1000000
euclidean,654,True,37019,37019,0.0890353602204273,0.5303492800994084,1000000
euclidean,655,True,20931,20931,0.0248435335148822,0.2158998614495246,1000000
euclidean,656,True,325084,325084,0.0279866126908737,0.245370427335704,1000000
euclidean,657,True,2087,2087,0.240536655486344,0.1571633924293244,1000000
euclidean,658,True,6198,6198,0.494353017102291,0.1834462729912875,1000000
euclidean,659,True,27252,27252,0.3895493908703948,0.6453471304858359,1000000
euclidean,660,True,2260,2260,0.063716814159292,0.0942477876106194,1000000
euclidean,661,True,1850,1850,0.0772972972972973,0.0827027027027027,1000000
euclidean,662,True,3111,3111,0.134683381549341,0.2667952426872388,1000000
euclidean,663,True,38720,38720,0.0563533057851239,0.2416838842975206,1000000
euclidean,664,True,9447,9447,0.4486080237112311,0.0768497935852651,1000000
euclidean,665,True,4040,4040,0.5460396039603961,0.5871287128712871,1000000
euclidean,666,True,46328,46328,0.3691935762389915,0.837312208599551,1000000
euclidean,667,True,8436,8436,0.0426742532005689,0.2057847321005215,1000000
euclidean,668,True,56422,56422,0.1523873666300379,0.0088795150827691,1000000
euclidean,669,True,25153,25153,0.2544428100027829,0.065876833777283,1000000
euclidean,670,True,8966,8966,0.429623020298907,0.115324559446799,1000000
euclidean,671,True,17456,17456,0.0450847846012832,0.2325274977085243,1000000
euclidean,672,True,12517,12517,0.1448430135016377,0.0972277702324838,1000000
euclidean,673,True,201444,201444,0.224345227457755,0.0036188717459939,1000000
euclidean,674,True,3756,3756,0.2539936102236422,0.4728434504792332,1000000
euclidean,675,True,25343,25343,0.1314366886319694,0.4301779584106064,1000000
euclidean,676,True,6089,6089,0.41698144194449,0.1719494169814419,1000000
euclidean,677,True,9475,9475,0.2090765171503957,0.1410026385224274,1000000
euclidean,678,True,14242,14242,0.3156157842999578,0.0876983569723353,1000000
euclidean,679,True,10713,10713,0.0975450387379818,0.2902081583123308,1000000
euclidean,680,True,654,654,0.1055045871559633,0.1039755351681957,1000000
euclidean,681,True,87747,87747,0.2412618095205534,0.0225876668148198,1000000
euclidean,682,True,71495,71495,0.450912651234352,0.2089936359185957,1000000
euclidean,683,True,229358,229358,0.025148457869357,0.4649325508593552,1000000
euclidean,684,True,5151,5151,0.1795767812075325,0.2902349058435255,1000000
euclidean,685,True,973989,973989,0.4248518207084474,0.0001047239753221,1000000
euclidean,686,True,3142,3142,0.2371101209420751,0.3290897517504774,1000000
euclidean,687,True,20847,20847,0.3410562670887898,0.1020290689307814,1000000
euclidean,688,False,-1,1000000,0.399763,0.958037,1000000
euclidean,689,True,332242,332242,0.013074806917849,0.2987761932567225,1000000
euclidean,690,True,40045,40045,0.0898988637782494,0.295492570857785,1000000
euclidean,691,True,1143,1143,0.0647419072615923,0.0927384076990376,1000000
euclidean,692,True,10481,10481,0.1222211621028527,0.2669592596126324,1000000
euclidean,693,True,4907,4907,0.0580802934583248,0.0741797432239657,1000000
euclidean,694,True,501,501,0.2574850299401197,0.2934131736526946,1000000
euclidean,695,True,597,597,0.0619765494137353,0.0703517587939698,1000000
euclidean,696,True,35504,35504,0.0921586300135196,0.3242733213159081,1000000
euclidean,697,True,85998,85998,0.0770715598037163,0.3171120258610665,1000000
euclidean,698,True,1818,1818,0.1094609460946094,0.1067106710671067,1000000
euclidean,699,True,22087,22087,0.1282654955403631,0.3903653732965093,1000000
euclidean,700,True,6270,6270,0.714354066985646,0.6639553429027113,1000000
euclidean,701,True,16084,16084,0.1866451131559313,0.0606192489430489,1000000
euclidean,702,True,17235,17235,0.2652741514360313,0.04676530316217,1000000
euclidean,703,True,66034,66034,0.6832389375170367,0.205227610019081,1000000
euclidean,704,True,13758,13758,0.2836894897514173,0.122837621747347,1000000
euclidean,705,True,30260,30260,0.2191011235955056,0.4575677461996034,1000000
euclidean,706,True,439408,439408,0.0013336124968138,0.2388736663875031,1000000
euclidean,707,True,44571,44571,0.7050997285230307,0.3140607121222319,1000000
euclidean,708,True,24622,24622,0.0214848509463081,0.0064982535943465,1000000
euclidean,709,True,1597,1597,0.1008140262993112,0.1421415153412648,1000000
euclidean,710,True,17381,17381,0.3845578505264369,0.1875035958805592,1000000
euclidean,711,True,186001,186001,0.8655974967876516,0.3667184585029113,1000000
euclidean,712,True,18902,18902,0.2509258279547138,0.0946989736535816,1000000
euclidean,713,True,44654,44654,0.1514086084113405,0.5305011869037488,1000000
euclidean,714,True,73494,73494,0.0528478515252945,0.4285792037445233,1000000
euclidean,715,True,17223,17223,0.4349997096905301,0.1864367415665099,1000000
euclidean,716,True,1994,1994,0.0110330992978936,0.0110330992978936,1000000
euclidean,717,True,6926,6926,0.5778226970834537,0.66185388391568,1000000
euclidean,718,True,16233,16233,0.2538039795478347,0.5085320027105279,1000000
euclidean,719,True,162614,162614,0.2921027709791285,0.8252241504421514,1000000
euclidean,720,True,9716,9716,0.0760601070399341,0.222725401399753,1000000
euclidean,721,True,858,858,0.0209790209790209,0.0186480186480186,1000000
euclidean,722,True,8966,8966,0.2762658933749721,0.0934641980816417,1000000
euclidean,723,True,243761,243761,0.8749758985235538,0.2582529608920212,1000000
euclidean,724,True,46491,46491,0.9208233851713234,0.9275343614893206,1000000
euclidean,725,True,12257,12257,0.1965407522232193,0.2433711348617116,1000000
euclidean,726,True,43373,43373,0.0745164042146035,0.4356857953104466,1000000
euclidean,727,True,5438,5438,0.5303420375137918,0.2789628539904377,1000000
euclidean,728,True,111125,111125,0.2786321709786277,0.0279685039370078,1000000
euclidean,729,True,19447,19447,0.145935105671826,0.2453334704581683,1000000
euclidean,730,True,12629,12629,0.6802597196927707,0.4097711616121625,1000000
euclidean,731,True,47886,47886,0.7281042475880215,0.1523618594161132,1000000
euclidean,732,True,68813,68813,0.8656794501039048,0.2997544068707947,1000000
euclidean,733,True,7131,7131,0.3522647595007713,0.2807460384237835,1000000
euclidean,734,True,11148,11148,0.2277538571941155,0.0696088984571223,1000000
euclidean,735,True,6768,6768,0.4784278959810875,0.1122931442080378,1000000
euclidean,736,True,5231,5231,0.2315044924488625,0.1265532402982221,1000000
euclidean,737,True,36858,36858,0.7400835639481252,0.2690596342720712,1000000
euclidean,738,True,2965,2965,0.033052276559865,0.0337268128161888,1000000
euclidean,739,True,34217,34217,0.403366747523161,0.2376888681064967,1000000
euclidean,740,True,86482,86482,0.7354594019564765,0.1627621932887768,1000000
euclidean,741,True,67616,67616,0.3677236157122575,0.0324627307146237,1000000
euclidean,742,True,8294,8294,0.2191945985049433,0.1812153363877501,1000000
euclidean,743,True,303920,303920,0.0019149776256909,0.2090221110818636,1000000
euclidean,744,True,3809,3809,0.2200052507219742,0.1244421107902336,1000000
euclidean,745,True,522,522,0.1819923371647509,0.1839080459770115,1000000
euclidean,746,True,13662,13662,0.1327038500951544,0.0433318694188259,1000000
euclidean,747,True,25114,25114,0.0085609620132197,0.1762363621884208,1000000
euclidean,748,True,15251,15251,0.6452035932070028,0.1840535046882171,1000000
euclidean,749,True,2182,2182,0.036205316223648,0.0320806599450045,1000000
euclidean,750,True,80204,80204,0.7160241384469602,0.2242656226622113,1000000
euclidean,751,True,13727,13727,0.437240474976324,0.3182778465797333,1000000
euclidean,752,True,2289,2289,0.2044560943643512,0.164263870685889,1000000
euclidean,753,True,6928,6928,0.1134526558891454,0.0329099307159353,1000000
euclidean,754,True,3824,3824,0.0402719665271966,0.0203974895397489,1000000
euclidean,755,True,9133,9133,0.3118361984014015,0.2267601007336034,1000000
euclidean,756,True,74100,74100,0.0121997300944669,0.2064372469635627,1000000
euclidean,757,True,1444,1444,0.3801939058171745,0.3760387811634349,1000000
euclidean,758,True,1583,1583,0.1844598862918509,0.2034112444725205,1000000
euclidean,759,True,50007,50007,0.3032375467434559,0.5679204911312417,1000000
euclidean,760,True,13227,13227,0.271112119150223,0.4551296590307704,1000000
euclidean,761,True,6629,6629,0.0046764217830743,0.0039221602051591,1000000
euclidean,762,True,255682,255682,0.0040323526881047,0.2039564771865051,1000000
euclidean,763,True,179641,179641,0.2349630652245311,0.0090625191353866,1000000
euclidean,764,True,54654,54654,0.0090935704614483,0.3876934899549896,1000000
euclidean,765,True,15828,15828,0.0187010361384887,0.0087187263078089,1000000
euclidean,766,True,26752,26752,0.1054500598086124,0.2679799641148325,1000000
euclidean,767,True,24337,24337,0.2425935817890455,0.4392488803057073,1000000
euclidean,768,True,2856,2856,0.328781512605042,0.1754201680672268,1000000
euclidean,769,True,8632,8632,0.0981232622798887,0.338855421686747,1000000
euclidean,770,True,3156,3156,0.3948035487959442,0.4654626108998732,1000000
euclidean,771,True,40209,40209,0.6448556293367157,0.236986744261235,1000000
euclidean,772,True,37165,37165,0.2460917529934077,0.0920220637696757,1000000
euclidean,773,True,2221,2221,0.1629896443043674,0.2062134173795587,1000000
euclidean,774,True,27594,27594,0.704682177284917,0.3580488511995361,1000000
euclidean,775,True,26294,26294,0.2313075226287366,0.0430136152734464,1000000
euclidean,776,True,28105,28105,0.1514677103718199,0.0180039138943248,1000000
euclidean,777,True,21435,21435,0.5726148822020061,0.1558199206904595,1000000
euclidean,778,True,12333,12333,0.1576258817805886,0.1146517473445228,1000000
euclidean,779,True,9339,9339,0.0970125281079344,0.3952243280865189,1000000
euclidean,780,True,7133,7133,0.1481844946025515,0.3294546474134305,1000000
euclidean,781,True,8116,8116,0.2790783637259734,0.092779694430754,1000000
euclidean,782,True,1859,1859,0.0199031737493275,0.0220548682087143,1000000
euclidean,783,True,40960,40960,0.773388671875,0.355615234375,1000000
euclidean,784,True,57579,57579,0.5889126243943105,0.1559770055054794,1000000
euclidean,785,True,35892,35892,0.4897470188342806,0.20971247074557,1000000
euclidean,786,True,41021,41021,0.0920747909607274,0.0069964164696131,1000000
euclidean,787,True,131994,131994,0.0067957634437929,0.222169189508614,1000000
euclidean,788,True,9679,9679,0.5005682405207149,0.3099493749354272,1000000
euclidean,789,True,47076,47076,0.0856699804571331,0.4194494009686464,1000000
euclidean,790,True,27486,27486,0.1799461544058793,0.0570108418831405,1000000
euclidean,791,True,12345,12345,0.3329283110571081,0.0517618469015795,1000000
euclidean,792,True,26433,26433,0.4641168236673855,0.292475314947225,1000000
euclidean,793,True,11669,11669,0.600051418287771,0.1839060759276716,1000000
euclidean,794,True,75643,75643,0.2896104067792129,0.7727747445236175,1000000
euclidean,795,True,7590,7590,0.3039525691699605,0.1064558629776021,1000000
euclidean,796,True,759,759,0.1093544137022397,0.1304347826086956,1000000
euclidean,797,True,23658,23658,0.5702933468594134,0.3203990193592019,1000000
euclidean,798,True,14912,14912,0.2891630901287553,0.05425160944206,1000000
euclidean,799,True,11842,11842,0.2632156730282047,0.4272082418510387,1000000
euclidean,800,True,25978,25978,0.1273770113172684,0.4989221649087689,1000000
euclidean,801,True,33934,33934,0.1245948016738374,0.0105793599339895,1000000
euclidean,802,True,19077,19077,0.2142370393667767,0.6331708339885727,1000000
euclidean,803,True,77786,77786,0.196809194456586,0.7985370118016095,1000000
euclidean,804,True,27951,27951,0.0119494830238631,0.381059711638224,1000000
euclidean,805,True,12671,12671,0.0951779654328782,0.0541393733722673,1000000
euclidean,806,True,19150,19150,0.4456919060052219,0.1802610966057441,1000000
euclidean,807,True,17047,17047,0.1467120314424825,0.355781075849123,1000000
euclidean,808,True,25743,25743,0.5418171930233462,0.2373072291496717,1000000
euclidean,809,True,38058,38058,0.6376057596300384,0.1356613589784014,1000000
euclidean,810,True,29455,29455,0.0562892547954506,0.2351043965370904,1000000
euclidean,811,True,14961,14961,0.5792393556580443,0.3886772274580576,1000000
euclidean,812,True,47598,47598,0.2871129039035253,0.0580276482205134,1000000
euclidean,813,False,-1,1000000,0.994057,0.346255,1000000
euclidean,814,True,4570,4570,0.2273522975929978,0.1056892778993435,1000000
euclidean,815,True,3265,3265,0.177947932618683,0.1586523736600306,1000000
euclidean,816,True,10266,10266,0.3892460549386324,0.1648158971361776,1000000
euclidean,817,True,6498,6498,0.391812865497076,0.2157586949830717,1000000
euclidean,818,True,9660,9660,0.1977225672877846,0.031055900621118,1000000
euclidean,819,True,749,749,0.253671562082777,0.260347129506008,1000000
euclidean,820,True,17067,17067,0.258100427726021,0.5379387121345286,1000000
euclidean,821,True,4934,4934,0.1560599918929874,0.2462505066882853,1000000
euclidean,822,True,10233,10233,0.2863285449037427,0.0674289064790384,1000000
euclidean,823,True,4636,4636,0.4482312338222605,0.3019844693701466,1000000
euclidean,824,True,14387,14387,0.0523389170779175,0.1792590533120178,1000000
euclidean,825,True,29176,29176,0.200987112695366,0.0288593364409103,1000000
euclidean,826,True,8285,8285,0.2770066385033192,0.1174411587205793,1000000
euclidean,827,True,5295,5295,0.0713881019830028,0.1592067988668555,1000000
euclidean,828,True,42741,42741,0.1962284457546618,0.6921223181488501,1000000
euclidean,829,True,9121,9121,0.1068961736651682,0.4895296568358732,1000000
euclidean,830,True,4050,4050,0.2518518518518518,0.2318518518518518,1000000
euclidean,831,True,56397,56397,0.1002712910261184,0.3268258949944146,1000000
euclidean,832,True,12321,12321,0.5613992370749128,0.3164515867218569,1000000
euclidean,833,True,33202,33202,0.0442443226311667,0.2375459309680139,1000000
euclidean,834,True,15754,15754,0.014345563031611,0.1092420972451441,1000000
euclidean,835,True,5948,5948,0.101210490921318,0.374915938130464,1000000
euclidean,836,True,7289,7289,0.0447249279736589,0.0458224722184113,1000000
euclidean,837,True,2338,2338,0.3832335329341317,0.2946963216424294,1000000
euclidean,838,True,2307,2307,0.3550065019505852,0.4026874729085392,1000000
euclidean,839,True,1164,1164,0.1675257731958762,0.1168384879725085,1000000
euclidean,840,True,7743,7743,0.8415342890352576,0.8164794007490637,1000000
euclidean,841,True,17665,17665,0.4219077271440702,0.0697424285309935,1000000
euclidean,842,True,54607,54607,0.5343820389327376,0.123647151464098,1000000
euclidean,843,True,13002,13002,0.0822950315336102,0.2418858637132749,1000000
euclidean,844,True,2358,2358,0.104325699745547,0.0729431721798134,1000000
euclidean,845,True,5452,5452,0.363536316947909,0.2551357300073367,1000000
euclidean,846,True,9270,9270,0.2362459546925566,0.1696871628910463,1000000
euclidean,847,True,4204,4204,0.3313510941960038,0.4500475737392959,1000000
euclidean,848,True,45542,45542,0.4783935707698388,0.0645557946510913,1000000
euclidean,849,True,65153,65153,0.0807023467837244,0.4336561631851181,1000000
euclidean,850,True,3061,3061,0.089186540346292,0.0829794184906893,1000000
euclidean,851,True,13941,13941,0.3627429883078689,0.0841403055734882,1000000
euclidean,852,True,18189,18189,0.0961570179778987,0.0169333113420199,1000000
euclidean,853,True,24341,24341,0.3666652972351177,0.6086438519370609,1000000
euclidean,854,True,260745,260745,0.0428694701720071,0.250121766476826,1000000
euclidean,855,True,9417,9417,0.314856111288096,0.5633428905171498,1000000
euclidean,856,True,6551,6551,0.4266524194779423,0.300259502366051,1000000
euclidean,857,True,21836,21836,0.5215240886609269,0.0872412529767356,1000000
euclidean,858,True,6108,6108,0.1137851997380484,0.1065815324165029,1000000
euclidean,859,True,37477,37477,0.5381967606798836,0.1528937748485738,1000000
euclidean,860,True,5351,5351,0.1609045038310596,0.2911605307419174,1000000
euclidean,861,True,81443,81443,0.1849637169554166,0.713726164311236,1000000
euclidean,862,True,5700,5700,0.1242105263157894,0.0701754385964912,1000000
euclidean,863,True,14049,14049,0.2737561392269912,0.4284290696846751,1000000
euclidean,864,True,63670,63670,0.7817810585833203,0.2310036123763153,1000000
euclidean,865,True,1384,1384,0.0447976878612716,0.0440751445086705,1000000
euclidean,866,True,496570,496570,0.0006121996898725,0.4640876412187606,1000000
euclidean,867,True,201330,201330,0.7158893359161576,0.2322952366761039,1000000
euclidean,868,True,2332,2332,0.0222984562607204,0.038164665523156,1000000
euclidean,869,True,60362,60362,0.2696729730625228,0.8266790364799046,1000000
euclidean,870,True,3040,3040,0.1006578947368421,0.20625,1000000
euclidean,871,True,9474,9474,0.1162127929069031,0.4335022165927802,1000000
euclidean,872,True,706,706,0.0594900849858356,0.065155807365439,1000000
euclidean,873,True,99500,99500,0.811356783919598,0.3978291457286432,1000000
euclidean,874,True,1393,1393,0.100502512562814,0.1048097631012204,1000000
euclidean,875,True,3856,3856,0.4188278008298755,0.3428423236514523,1000000
euclidean,876,True,36268,36268,0.2116466306385794,0.2589886401235248,1000000
euclidean,877,True,28350,28350,0.1908289241622575,0.0063139329805996,1000000
euclidean,878,True,27539,27539,0.1432513889393224,0.3507752641708123,1000000
euclidean,879,True,31353,31353,0.1080598347845501,0.3121870315440309,1000000
euclidean,880,True,8426,8426,0.0434369807737953,0.2964633277949204,1000000
euclidean,881,True,5792,5792,0.1348411602209945,0.0631906077348066,1000000
euclidean,882,True,73186,73186,0.265296641434154,0.6522695597518651,1000000
euclidean,883,True,2761,2761,0.2140528793915248,0.2082578775805867,1000000
euclidean,884,True,977,977,0.3316274309109518,0.3265097236438076,1000000
euclidean,885,True,20586,20586,0.4675993393568444,0.1815797143689886,1000000
euclidean,886,True,3793,3793,0.3759557078829422,0.1713683100448194,1000000
euclidean,887,True,1360,1360,0.0867647058823529,0.1102941176470588,1000000
euclidean,888,True,4617,4617,0.2698722113926792,0.1171756551873511,1000000
euclidean,889,True,1393,1393,0.0631730078966259,0.0638908829863603,1000000
euclidean,890,True,8136,8136,0.1517944936086529,0.0447394296951819,1000000
euclidean,891,True,814,814,0.1732186732186732,0.1363636363636363,1000000
euclidean,892,True,2165,2165,0.0997690531177829,0.1122401847575057,1000000
euclidean,893,True,4994,4994,0.144973968762515,0.3356027232679215,1000000
euclidean,894,True,83549,83549,0.4304898921590923,0.8145639086045314,1000000
euclidean,895,True,559454,559454,0.3263306724055954,0.921257154296868,1000000
euclidean,896,True,7341,7341,0.084320937202016,0.2325296281160604,1000000
euclidean,897,True,30509,30509,0.2020059654528172,0.5685207643646137,1000000
euclidean,898,True,42848,42848,0.1232496265870052,0.0351008215085885,1000000
euclidean,899,True,1920,1920,0.3526041666666666,0.3520833333333333,1000000
euclidean,900,True,8536,8536,0.0994611059044048,0.0535379568884723,1000000
euclidean,901,True,15875,15875,0.2011338582677165,0.4653858267716535,1000000
euclidean,902,True,2658,2658,0.5237020316027088,0.4706546275395034,1000000
euclidean,903,True,1020,1020,0.0470588235294117,0.046078431372549,1000000
euclidean,904,True,1540,1540,0.1032467532467532,0.0857142857142857,1000000
euclidean,905,True,29091,29091,0.1329964593860644,0.3293458457942319,1000000
euclidean,906,True,52893,52893,0.1531393568147013,0.0216285708883973,1000000
euclidean,907,True,115128,115128,0.8737405322771177,0.4040806754221388,1000000
euclidean,908,True,28222,28222,0.642229466373751,0.1662532775848628,1000000
euclidean,909,True,51387,51387,0.5844863486874112,0.2176231342557456,1000000
euclidean,910,True,1721,1721,0.2504357931435212,0.3102847181871005,1000000
euclidean,911,True,93484,93484,0.2001732916862778,0.6707137050190407,1000000
euclidean,912,True,6762,6762,0.6199349304939367,0.458592132505176,1000000
euclidean,913,True,7405,7405,0.1330182309250506,0.3708305199189736,1000000
euclidean,914,True,2683,2683,0.0864703689899366,0.1613865076407007,1000000
euclidean,915,True,67908,67908,0.2710431760617305,0.8129822701301761,1000000
euclidean,916,True,1668,1668,0.250599520383693,0.263189448441247,1000000
euclidean,917,True,61943,61943,0.0960076199086256,0.3974460391004633,1000000
euclidean,918,True,4944,4944,0.174757281553398,0.4108009708737864,1000000
euclidean,919,True,9651,9651,0.1735571443373743,0.2224639933685628,1000000
euclidean,920,True,10667,10667,0.3951439017530702,0.1153088965969813,1000000
euclidean,921,True,47304,47304,0.4170471841704718,0.062045492981566,1000000
euclidean,922,True,13480,13480,0.3255192878338279,0.1923590504451038,1000000
euclidean,923,True,1058,1058,0.0567107750472589,0.0784499054820415,1000000
euclidean,924,True,15719,15719,0.3581016604109676,0.0637445130097334,1000000
euclidean,925,True,2150,2150,0.1013953488372093,0.1176744186046511,1000000
euclidean,926,True,340023,340023,0.2167676892445511,0.7605367872173353,1000000
euclidean,927,True,76034,76034,0.3212115632480206,0.6069653049951338,1000000
euclidean,928,True,13625,13625,0.0943853211009174,0.5615412844036697,1000000
euclidean,929,True,20319,20319,0.6703085781780599,0.1713667011171809,1000000
euclidean,930,True,101039,101039,0.0135888122408179,0.2786349825314977,1000000
euclidean,931,True,43429,43429,0.3300329273066384,0.720140919661977,1000000
euclidean,932,True,21385,21385,0.3075987841945288,0.0323123684825812,1000000
euclidean,933,True,176425,176425,0.0011676349723678,0.237608048745926,1000000
euclidean,934,True,8983,8983,0.1392630524323722,0.5068462651675387,1000000
euclidean,935,True,9648,9648,0.3134328358208955,0.052549751243781,1000000
euclidean,936,True,12067,12067,0.1059086765558962,0.3575868069942819,1000000
euclidean,937,True,88388,88388,0.0437842241028193,0.6709621215549623,1000000
euclidean,938,True,2912,2912,0.1466346153846154,0.2640796703296703,1000000
euclidean,939,True,137191,137191,0.2140738095064545,0.0037247341297898,1000000
euclidean,940,True,40811,40811,0.5708509960549851,0.0961505476464678,1000000
euclidean,941,True,303,303,0.1749174917491749,0.1914191419141914,1000000
euclidean,942,True,11973,11973,0.1870876137977115,0.1180155349536457,1000000
euclidean,943,True,3949,3949,0.3000759685996454,0.4312484173208407,1000000
euclidean,944,True,10641,10641,0.1497979513203646,0.1761112677379945,1000000
euclidean,945,True,804,804,0.0696517412935323,0.0796019900497512,1000000
euclidean,946,True,30493,30493,0.3199422818351753,0.0839536942904929,1000000
euclidean,947,True,31301,31301,0.7081882367975464,0.4789303856106833,1000000
euclidean,948,True,72963,72963,0.485478941381248,0.9093239038964956,1000000
euclidean,949,True,6613,6613,0.1475880840768184,0.3164978073491607,1000000
euclidean,950,True,4830,4830,0.6289855072463768,0.537888198757764,1000000
euclidean,951,True,43861,43861,0.2835548665101114,0.0656391783133079,1000000
euclidean,952,True,12664,12664,0.5998104864181933,0.1617182564750473,1000000
euclidean,953,True,5193,5193,0.0816483728095513,0.1363373772385904,1000000
euclidean,954,True,1615,1615,0.0489164086687306,0.079876160990712,1000000
euclidean,955,True,3331,3331,0.2092464725307715,0.214950465325728,1000000
euclidean,956,True,4719,4719,0.0853994490358126,0.1411315956770502,1000000
euclidean,957,True,118671,118671,0.0009353591020552,0.240353582593894,1000000
euclidean,958,True,107878,107878,0.0322493928326442,0.3315319156825302,1000000
euclidean,959,True,38422,38422,0.5657696111602728,0.2451199833428765,1000000
euclidean,960,True,2400,2400,0.4154166666666666,0.4616666666666666,1000000
euclidean,961,True,48099,48099,0.0501465726938189,0.2896318010769454,1000000
euclidean,962,True,3385,3385,0.3066469719350074,0.3323485967503692,1000000
euclidean,963,True,37838,37838,0.1591257466039431,0.5960410169670701,1000000
euclidean,964,True,8098,8098,0.2757470980489009,0.0975549518399604,1000000
euclidean,965,True,12989,12989,0.287397028254677,0.5786434675494649,1000000
euclidean,966,True,234212,234212,0.2813177804723925,0.8751174149915462,1000000
euclidean,967,True,35332,35332,0.2121872523491452,0.0709272048001811,1000000
euclidean,968,True,2434,2434,0.0127362366474938,0.0258833196384552,1000000
euclidean,969,True,563600,563600,0.7062615330021291,0.9354471256210078,1000000
euclidean,970,True,8097,8097,0.3117203902680004,0.1720390268000494,1000000
euclidean,971,True,46522,46522,0.0130475903873436,0.2074502385967929,1000000
euclidean,972,True,3584,3584,0.146484375,0.3967633928571428,1000000
euclidean,973,True,27006,27006,0.4033918388506258,0.1574464933718433,1000000
euclidean,974,True,8196,8196,0.2938018545632015,0.2942898975109809,1000000
euclidean,975,True,5177,5177,0.1218852617345953,0.1987637627969866,1000000
euclidean,976,True,17509,17509,0.170026843337712,0.3473070992061225,1000000
euclidean,977,True,3975,3975,0.1111949685534591,0.2379874213836478,1000000
euclidean,978,True,7621,7621,0.1259677207715523,0.2910379215326072,1000000
euclidean,979,True,14964,14964,0.4864341085271317,0.1945335471798984,1000000
euclidean,980,True,54741,54741,0.2343946950183592,0.4676385159204252,1000000
euclidean,981,True,3735,3735,0.2714859437751004,0.3287817938420348,1000000
euclidean,982,True,13122,13122,0.4911598841639994,0.1870903825636335,1000000
euclidean,983,True,62379,62379,0.2582439603071546,0.757498517129162,1000000
euclidean,984,True,84598,84598,0.451346367526419,0.0173999385328258,1000000
euclidean,985,True,23740,23740,0.025358045492839,0.2716512215669756,1000000
euclidean,986,True,12380,12380,0.3815831987075929,0.2734248788368336,1000000
euclidean,987,True,2278,2278,0.0768217734855136,0.1110623353819139,1000000
euclidean,988,True,4573,4573,0.0844084845834244,0.138858517384649,1000000
euclidean,989,True,5818,5818,0.1650051564111378,0.1033001031282227,1000000
euclidean,990,True,17171,17171,0.3764486634441791,0.157358336730534,1000000
euclidean,991,True,4418,4418,0.1016296966953372,0.3318243549117247,1000000
euclidean,992,True,90230,90230,0.1439875872769588,0.8509364956222986,1000000
euclidean,993,True,5127,5127,0.2603861907548274,0.0940120928418178,1000000
euclidean,994,True,9043,9043,0.2427291827933208,0.3507685502598695,1000000
euclidean,995,True,4116,4116,0.0289115646258503,0.021622934888241,1000000
euclidean,996,True,277109,277109,0.8850452349075635,0.1516262553724346,1000000
euclidean,997,True,575,575,0.3495652173913043,0.3739130434782609,1000000
euclidean,998,True,15356,15356,0.2598984110445428,0.0703959364417817,1000000
euclidean,999,True,7904,7904,0.0454200404858299,0.3502024291497975,1000000
scs,0,True,9,9,0.6666666666666666,0.6666666666666666,1000000
scs,1,True,27,27,0.5555555555555556,0.5925925925925926,1000000
scs,2,True,23,23,0.2608695652173913,0.2608695652173913,1000000
scs,3,True,62,62,0.2419354838709677,0.2741935483870967,1000000
scs,4,True,34,34,0.4705882352941176,0.5588235294117647,1000000
scs,5,True,76,76,0.2763157894736842,0.2763157894736842,1000000
scs,6,True,35,35,0.5142857142857142,0.4,1000000
scs,7,True,30,30,0.3333333333333333,0.4,1000000
scs,8,True,43,43,0.3720930232558139,0.4418604651162791,1000000
scs,9,True,83,83,0.2409638554216867,0.2409638554216867,1000000
scs,10,True,17,17,0.5294117647058824,0.5882352941176471,1000000
scs,11,True,11,11,0.7272727272727273,0.8181818181818182,1000000
scs,12,True,34,34,0.5588235294117647,0.6176470588235294,1000000
scs,13,True,39,39,0.3076923076923077,0.4358974358974359,1000000
scs,14,True,21,21,0.4761904761904761,0.4761904761904761,1000000
scs,15,True,21,21,0.3809523809523809,0.3809523809523809,1000000
scs,16,True,22,22,0.5454545454545454,0.5454545454545454,1000000
scs,17,True,20,20,0.35,0.35,1000000
scs,18,True,85,85,0.4117647058823529,0.4235294117647059,1000000
scs,19,True,27,27,0.2962962962962963,0.4814814814814814,1000000
scs,20,True,31,31,0.5806451612903226,0.5483870967741935,1000000
scs,21,True,55,55,0.4363636363636363,0.4181818181818181,1000000
scs,22,True,81,81,0.3703703703703703,0.3209876543209876,1000000
scs,23,True,59,59,0.2203389830508474,0.2203389830508474,1000000
scs,24,True,22,22,0.4090909090909091,0.4545454545454545,1000000
scs,25,True,26,26,0.4230769230769231,0.4615384615384615,1000000
scs,26,True,87,87,0.4022988505747126,0.367816091954023,1000000
scs,27,True,62,62,0.4516129032258064,0.4354838709677419,1000000
scs,28,True,19,19,0.4210526315789473,0.4210526315789473,1000000
scs,29,True,15,15,0.5333333333333333,0.4,1000000
scs,30,True,23,23,0.6521739130434783,0.5652173913043478,1000000
scs,31,True,42,42,0.3571428571428571,0.3809523809523809,1000000
scs,32,True,58,58,0.4137931034482758,0.4655172413793103,1000000
scs,33,True,7,7,0.7142857142857143,0.7142857142857143,1000000
scs,34,True,57,57,0.4385964912280701,0.2807017543859649,1000000
scs,35,True,47,47,0.3829787234042553,0.5106382978723404,1000000
scs,36,True,55,55,0.4181818181818181,0.3636363636363636,1000000
scs,37,True,26,26,0.4615384615384615,0.4615384615384615,1000000
scs,38,True,15,15,0.5333333333333333,0.5333333333333333,1000000
scs,39,True,17,17,0.5882352941176471,0.5294117647058824,1000000
scs,40,True,70,70,0.3857142857142857,0.3714285714285714,1000000
scs,41,True,26,26,0.4615384615384615,0.4615384615384615,1000000
scs,42,True,31,31,0.3548387096774194,0.3548387096774194,1000000
scs,43,True,41,41,0.2439024390243902,0.2682926829268293,1000000
scs,44,True,79,79,0.2911392405063291,0.3291139240506329,1000000
scs,45,True,42,42,0.3809523809523809,0.4285714285714285,1000000
scs,46,True,39,39,0.4358974358974359,0.5128205128205128,1000000
scs,47,True,45,45,0.4444444444444444,0.4444444444444444,1000000
scs,48,True,39,39,0.282051282051282,0.2564102564102564,1000000
scs,49,True,35,35,0.2857142857142857,0.5142857142857142,1000000
scs,50,True,43,43,0.3953488372093023,0.3720930232558139,1000000
scs,51,True,23,23,0.5652173913043478,0.5652173913043478,1000000
scs,52,True,59,59,0.423728813559322,0.3559322033898305,1000000
scs,53,True,16,16,0.5625,0.625,1000000
scs,54,True,43,43,0.5348837209302325,0.4883720930232558,1000000
scs,55,True,71,71,0.2816901408450704,0.323943661971831,1000000
scs,56,True,28,28,0.5714285714285714,0.6785714285714286,1000000
scs,57,True,47,47,0.4468085106382978,0.4042553191489361,1000000
scs,58,True,54,54,0.2592592592592592,0.2407407407407407,1000000
scs,59,True,16,16,0.375,0.375,1000000
scs,60,True,23,23,0.4782608695652174,0.4782608695652174,1000000
scs,61,True,13,13,0.5384615384615384,0.6153846153846154,1000000
scs,62,True,15,15,0.5333333333333333,0.6,1000000
scs,63,True,40,40,0.45,0.425,1000000
scs,64,True,30,30,0.3333333333333333,0.4666666666666667,1000000
scs,65,True,17,17,0.5294117647058824,0.5294117647058824,1000000
scs,66,True,24,24,0.3333333333333333,0.3333333333333333,1000000
scs,67,True,103,103,0.2815533980582524,0.4174757281553398,1000000
scs,68,True,17,17,0.4117647058823529,0.5882352941176471,1000000
scs,69,True,51,51,0.3137254901960784,0.3529411764705882,1000000
scs,70,True,22,22,0.5909090909090909,0.5454545454545454,1000000
scs,71,True,22,22,0.3636363636363636,0.4090909090909091,1000000
scs,72,True,28,28,0.4642857142857143,0.5,1000000
scs,73,True,38,38,0.6578947368421053,0.5,1000000
scs,74,True,29,29,0.4137931034482758,0.3793103448275862,1000000
scs,75,True,40,40,0.575,0.425,1000000
scs,76,True,29,29,0.3103448275862069,0.3448275862068966,1000000
scs,77,True,13,13,0.6923076923076923,0.6923076923076923,1000000
scs,78,True,21,21,0.3809523809523809,0.3809523809523809,1000000
scs,79,True,16,16,0.625,0.5625,1000000
scs,80,True,41,41,0.3170731707317073,0.5365853658536586,1000000
scs,81,True,12,12,0.6666666666666666,0.6666666666666666,1000000
scs,82,True,26,26,0.5,0.5769230769230769,1000000
scs,83,True,20,20,0.5,0.5,1000000
scs,84,True,62,62,0.4838709677419355,0.4032258064516129,1000000
scs,85,True,70,70,0.3571428571428571,0.3857142857142857,1000000
scs,86,True,58,58,0.2586206896551724,0.2758620689655172,1000000
scs,87,True,35,35,0.5714285714285714,0.4857142857142857,1000000
scs,88,True,64,64,0.296875,0.4375,1000000
scs,89,True,20,20,0.5,0.45,1000000
scs,90,True,59,59,0.4745762711864407,0.423728813559322,1000000
scs,91,True,115,115,0.391304347826087,0.408695652173913,1000000
scs,92,True,22,22,0.3636363636363636,0.4090909090909091,1000000
scs,93,True,26,26,0.3461538461538461,0.3461538461538461,1000000
scs,94,True,71,71,0.4647887323943662,0.3943661971830985,1000000
scs,95,True,32,32,0.375,0.53125,1000000
scs,96,True,38,38,0.3157894736842105,0.5,1000000
scs,97,True,20,20,0.65,0.65,1000000
scs,98,True,89,89,0.348314606741573,0.3932584269662921,1000000
scs,99,True,60,60,0.4,0.35,1000000
scs,100,True,23,23,0.6521739130434783,0.5217391304347826,1000000
scs,101,True,22,22,0.4545454545454545,0.4545454545454545,1000000
scs,102,True,59,59,0.5254237288135594,0.4915254237288136,1000000
scs,103,True,90,90,0.3222222222222222,0.4333333333333333,1000000
scs,104,True,38,38,0.4473684210526316,0.4736842105263157,1000000
scs,105,True,67,67,0.2537313432835821,0.2835820895522388,1000000
scs,106,True,42,42,0.4285714285714285,0.5952380952380952,1000000
scs,107,True,40,40,0.475,0.425,1000000
scs,108,True,55,55,0.3272727272727272,0.3454545454545454,1000000
scs,109,True,29,29,0.5862068965517241,0.5862068965517241,1000000
scs,110,True,38,38,0.4210526315789473,0.4210526315789473,1000000
scs,111,True,59,59,0.3898305084745763,0.4576271186440678,1000000
scs,112,True,21,21,0.5714285714285714,0.6190476190476191,1000000
scs,113,True,37,37,0.3783783783783784,0.3783783783783784,1000000
scs,114,True,16,16,0.5,0.5,1000000
scs,115,True,24,24,0.4583333333333333,0.4166666666666667,1000000
scs,116,True,23,23,0.391304347826087,0.3478260869565217,1000000
scs,117,True,38,38,0.4210526315789473,0.3947368421052631,1000000
scs,118,True,20,20,0.4,0.5,1000000
scs,119,True,78,78,0.4358974358974359,0.3717948717948718,1000000
scs,120,True,44,44,0.25,0.25,1000000
scs,121,True,25,25,0.48,0.56,1000000
scs,122,True,22,22,0.4090909090909091,0.3636363636363636,1000000
scs,123,True,48,48,0.375,0.4166666666666667,1000000
scs,124,True,38,38,0.4210526315789473,0.5526315789473685,1000000
scs,125,True,33,33,0.3333333333333333,0.2424242424242424,1000000
scs,126,True,35,35,0.3142857142857143,0.3714285714285714,1000000
scs,127,True,26,26,0.3846153846153846,0.3846153846153846,1000000
scs,128,True,55,55,0.4181818181818181,0.3090909090909091,1000000
scs,129,True,54,54,0.3703703703703703,0.3518518518518518,1000000
scs,130,True,64,64,0.515625,0.375,1000000
scs,131,True,37,37,0.3243243243243243,0.3243243243243243,1000000
scs,132,True,24,24,0.3333333333333333,0.3333333333333333,1000000
scs,133,True,41,41,0.3902439024390244,0.3170731707317073,1000000
scs,134,True,17,17,0.4705882352941176,0.4705882352941176,1000000
scs,135,True,46,46,0.391304347826087,0.4130434782608695,1000000
scs,136,True,36,36,0.25,0.3333333333333333,1000000
scs,137,True,21,21,0.5238095238095238,0.4761904761904761,1000000
scs,138,True,10,10,0.6,0.7,1000000
scs,139,True,29,29,0.4482758620689655,0.4137931034482758,1000000
scs,140,True,47,47,0.3404255319148936,0.4680851063829787,1000000
scs,141,True,42,42,0.4047619047619047,0.3333333333333333,1000000
scs,142,True,31,31,0.4193548387096774,0.4516129032258064,1000000
scs,143,True,87,87,0.3908045977011494,0.3448275862068966,1000000
scs,144,True,13,13,0.7692307692307693,0.5384615384615384,1000000
scs,145,True,26,26,0.7692307692307693,0.5,1000000
scs,146,True,47,47,0.2340425531914893,0.2340425531914893,1000000
scs,147,True,101,101,0.4059405940594059,0.4554455445544554,1000000
scs,148,True,26,26,0.3846153846153846,0.3461538461538461,1000000
scs,149,True,55,55,0.3454545454545454,0.4363636363636363,1000000
scs,150,True,53,53,0.490566037735849,0.3584905660377358,1000000
scs,151,True,19,19,0.7368421052631579,0.8421052631578947,1000000
scs,152,True,186,186,0.2903225806451613,0.3333333333333333,1000000
scs,153,True,10,10,0.6,0.8,1000000
scs,154,True,26,26,0.5,0.3846153846153846,1000000
scs,155,True,24,24,0.4166666666666667,0.4583333333333333,1000000
scs,156,True,12,12,0.5,0.5,1000000
scs,157,True,50,50,0.48,0.46,1000000
scs,158,True,20,20,0.4,0.35,1000000
scs,159,True,14,14,0.4285714285714285,0.4285714285714285,1000000
scs,160,True,43,43,0.5348837209302325,0.5581395348837209,1000000
scs,161,True,31,31,0.4193548387096774,0.5161290322580645,1000000
scs,162,True,18,18,0.5,0.5,1000000
scs,163,True,52,52,0.3846153846153846,0.3846153846153846,1000000
scs,164,True,25,25,0.32,0.32,1000000
scs,165,True,15,15,0.4,0.4,1000000
scs,166,True,30,30,0.4333333333333333,0.4,1000000
scs,167,True,26,26,0.6538461538461539,0.5769230769230769,1000000
scs,168,True,13,13,0.5384615384615384,0.6153846153846154,1000000
scs,169,True,43,43,0.4883720930232558,0.4651162790697674,1000000
scs,170,True,54,54,0.3333333333333333,0.3333333333333333,1000000
scs,171,True,103,103,0.3398058252427184,0.5145631067961165,1000000
scs,172,True,46,46,0.3695652173913043,0.3695652173913043,1000000
scs,173,True,28,28,0.3214285714285714,0.3214285714285714,1000000
scs,174,True,40,40,0.35,0.375,1000000
scs,175,True,54,54,0.5370370370370371,0.4259259259259259,1000000
scs,176,True,41,41,0.3170731707317073,0.3170731707317073,1000000
scs,177,True,24,24,0.4166666666666667,0.375,1000000
scs,178,True,34,34,0.2941176470588235,0.2941176470588235,1000000
scs,179,True,18,18,0.3888888888888889,0.2777777777777778,1000000
scs,180,True,35,35,0.4285714285714285,0.4857142857142857,1000000
scs,181,True,14,14,0.6428571428571429,0.5714285714285714,1000000
scs,182,True,21,21,0.3333333333333333,0.3333333333333333,1000000
scs,183,True,31,31,0.2903225806451613,0.4838709677419355,1000000
scs,184,True,48,48,0.3125,0.5208333333333334,1000000
scs,185,True,12,12,0.5833333333333334,0.5833333333333334,1000000
scs,186,True,26,26,0.5769230769230769,0.4230769230769231,1000000
scs,187,True,38,38,0.4736842105263157,0.3684210526315789,1000000
scs,188,True,18,18,0.6111111111111112,0.6666666666666666,1000000
scs,189,True,99,99,0.3939393939393939,0.4545454545454545,1000000
scs,190,True,117,117,0.2564102564102564,0.2991452991452991,1000000
scs,191,True,12,12,0.5833333333333334,0.6666666666666666,1000000
scs,192,True,54,54,0.3888888888888889,0.3703703703703703,1000000
scs,193,True,38,38,0.3421052631578947,0.3157894736842105,1000000
scs,194,True,51,51,0.3725490196078431,0.3137254901960784,1000000
scs,195,True,30,30,0.4333333333333333,0.4333333333333333,1000000
scs,196,True,18,18,0.6111111111111112,0.6666666666666666,1000000
scs,197,True,20,20,0.65,0.55,1000000
scs,198,True,36,36,0.4166666666666667,0.4722222222222222,1000000
scs,199,True,46,46,0.4130434782608695,0.391304347826087,1000000
scs,200,True,31,31,0.2903225806451613,0.3225806451612903,1000000
scs,201,True,19,19,0.631578947368421,0.5789473684210527,1000000
scs,202,True,11,11,0.6363636363636364,0.6363636363636364,1000000
scs,203,True,31,31,0.4838709677419355,0.4838709677419355,1000000
scs,204,True,26,26,0.3846153846153846,0.3846153846153846,1000000
scs,205,True,23,23,0.391304347826087,0.4347826086956521,1000000
scs,206,True,23,23,0.6086956521739131,0.5217391304347826,1000000
scs,207,True,30,30,0.4333333333333333,0.4333333333333333,1000000
scs,208,True,48,48,0.4791666666666667,0.3958333333333333,1000000
scs,209,True,52,52,0.3269230769230769,0.3846153846153846,1000000
scs,210,True,155,155,0.3612903225806451,0.3032258064516129,1000000
scs,211,True,45,45,0.2666666666666666,0.3333333333333333,1000000
scs,212,True,17,17,0.7058823529411765,0.7058823529411765,1000000
scs,213,True,15,15,0.5333333333333333,0.6,1000000
scs,214,True,47,47,0.3829787234042553,0.2978723404255319,1000000
scs,215,True,42,42,0.5714285714285714,0.5238095238095238,1000000
scs,216,True,15,15,0.6666666666666666,0.4666666666666667,1000000
scs,217,True,82,82,0.4390243902439024,0.3658536585365853,1000000
scs,218,True,20,20,0.5,0.4,1000000
scs,219,True,17,17,0.5294117647058824,0.4705882352941176,1000000
scs,220,True,51,51,0.3137254901960784,0.3137254901960784,1000000
scs,221,True,22,22,0.4545454545454545,0.4545454545454545,1000000
scs,222,True,32,32,0.46875,0.53125,1000000
scs,223,True,62,62,0.3870967741935484,0.3870967741935484,1000000
scs,224,True,42,42,0.4761904761904761,0.3333333333333333,1000000
scs,225,True,35,35,0.4857142857142857,0.4,1000000
scs,226,True,27,27,0.4444444444444444,0.5185185185185185,1000000
scs,227,True,45,45,0.3333333333333333,0.3111111111111111,1000000
scs,228,True,18,18,0.5555555555555556,0.6111111111111112,1000000
scs,229,True,52,52,0.3653846153846153,0.4807692307692308,1000000
scs,230,True,24,24,0.5,0.4583333333333333,1000000
scs,231,True,51,51,0.2549019607843137,0.2156862745098039,1000000
scs,232,True,38,38,0.4473684210526316,0.3947368421052631,1000000
scs,233,True,23,23,0.6086956521739131,0.6521739130434783,1000000
scs,234,True,43,43,0.4883720930232558,0.5116279069767442,1000000
scs,235,True,70,70,0.4,0.3285714285714285,1000000
scs,236,True,17,17,0.4705882352941176,0.5882352941176471,1000000
scs,237,True,38,38,0.4210526315789473,0.5526315789473685,1000000
scs,238,True,15,15,0.4666666666666667,0.4666666666666667,1000000
scs,239,True,54,54,0.3333333333333333,0.4444444444444444,1000000
scs,240,True,16,16,0.625,0.5625,1000000
scs,241,True,16,16,0.625,0.6875,1000000
scs,242,True,35,35,0.3428571428571428,0.3428571428571428,1000000
scs,243,True,64,64,0.453125,0.46875,1000000
scs,244,True,43,43,0.4883720930232558,0.5116279069767442,1000000
scs,245,True,30,30,0.5,0.5666666666666667,1000000
scs,246,True,24,24,0.4583333333333333,0.4583333333333333,1000000
scs,247,True,27,27,0.4074074074074074,0.4074074074074074,1000000
scs,248,True,51,51,0.4117647058823529,0.4313725490196078,1000000
scs,249,True,74,74,0.3513513513513513,0.4324324324324324,1000000
scs,250,True,22,22,0.7272727272727273,0.5909090909090909,1000000
scs,251,True,16,16,0.625,0.6875,1000000
scs,252,True,73,73,0.2054794520547945,0.2602739726027397,1000000
scs,253,True,43,43,0.4418604651162791,0.3488372093023256,1000000
scs,254,True,30,30,0.3666666666666666,0.3,1000000
scs,255,True,24,24,0.5416666666666666,0.4583333333333333,1000000
scs,256,True,62,62,0.3870967741935484,0.3548387096774194,1000000
scs,257,True,64,64,0.359375,0.28125,1000000
scs,258,True,13,13,0.6153846153846154,0.6923076923076923,1000000
scs,259,True,63,63,0.3809523809523809,0.3968253968253968,1000000
scs,260,True,69,69,0.3333333333333333,0.3333333333333333,1000000
scs,261,True,55,55,0.2727272727272727,0.2181818181818181,1000000
scs,262,True,43,43,0.4418604651162791,0.4651162790697674,1000000
scs,263,True,85,85,0.3176470588235294,0.4117647058823529,1000000
scs,264,True,68,68,0.4852941176470588,0.3970588235294117,1000000
scs,265,True,45,45,0.4444444444444444,0.5333333333333333,1000000
scs,266,True,22,22,0.3636363636363636,0.4090909090909091,1000000
scs,267,True,42,42,0.6428571428571429,0.5,1000000
scs,268,True,27,27,0.4074074074074074,0.3333333333333333,1000000
scs,269,True,30,30,0.4666666666666667,0.4,1000000
scs,270,True,20,20,0.45,0.55,1000000
scs,271,True,18,18,0.3333333333333333,0.3333333333333333,1000000
scs,272,True,50,50,0.42,0.54,1000000
scs,273,True,33,33,0.4545454545454545,0.3333333333333333,1000000
scs,274,True,20,20,0.4,0.45,1000000
scs,275,True,29,29,0.3793103448275862,0.4827586206896552,1000000
scs,276,True,44,44,0.5,0.6136363636363636,1000000
scs,277,True,23,23,0.391304347826087,0.6086956521739131,1000000
scs,278,True,28,28,0.4285714285714285,0.4285714285714285,1000000
scs,279,True,63,63,0.3333333333333333,0.3492063492063492,1000000
scs,280,True,46,46,0.4565217391304347,0.5217391304347826,1000000
scs,281,True,15,15,0.5333333333333333,0.4666666666666667,1000000
scs,282,True,19,19,0.6842105263157895,0.5263157894736842,1000000
scs,283,True,14,14,0.5714285714285714,0.3571428571428571,1000000
scs,284,True,16,16,0.5625,0.6875,1000000
scs,285,True,20,20,0.3,0.4,1000000
scs,286,True,36,36,0.1944444444444444,0.2222222222222222,1000000
scs,287,True,21,21,0.4761904761904761,0.3809523809523809,1000000
scs,288,True,55,55,0.4909090909090909,0.4545454545454545,1000000
scs,289,True,28,28,0.5,0.5714285714285714,1000000
scs,290,True,124,124,0.2661290322580645,0.3306451612903225,1000000
scs,291,True,59,59,0.4067796610169492,0.423728813559322,1000000
scs,292,True,30,30,0.5333333333333333,0.3666666666666666,1000000
scs,293,True,73,73,0.3972602739726027,0.3561643835616438,1000000
scs,294,True,15,15,0.7333333333333333,0.7333333333333333,1000000
scs,295,True,64,64,0.296875,0.359375,1000000
scs,296,True,115,115,0.1565217391304348,0.217391304347826,1000000
scs,297,True,44,44,0.4090909090909091,0.4545454545454545,1000000
scs,298,True,33,33,0.4242424242424242,0.3636363636363636,1000000
scs,299,True,110,110,0.3545454545454545,0.3636363636363636,1000000
scs,300,True,29,29,0.5172413793103449,0.3448275862068966,1000000
scs,301,True,59,59,0.3898305084745763,0.4067796610169492,1000000
scs,302,True,8,8,1.0,1.0,1000000
scs,303,True,116,116,0.4482758620689655,0.4396551724137931,1000000
scs,304,True,38,38,0.3421052631578947,0.3157894736842105,1000000
scs,305,True,101,101,0.3465346534653465,0.4455445544554455,1000000
scs,306,True,79,79,0.4683544303797468,0.4683544303797468,1000000
scs,307,True,95,95,0.4526315789473684,0.3789473684210526,1000000
scs,308,True,59,59,0.3728813559322034,0.3559322033898305,1000000
scs,309,True,50,50,0.54,0.48,1000000
scs,310,True,27,27,0.3333333333333333,0.4444444444444444,1000000
scs,311,True,41,41,0.4146341463414634,0.4146341463414634,1000000
scs,312,True,12,12,0.8333333333333334,0.8333333333333334,1000000
scs,313,True,38,38,0.3684210526315789,0.5,1000000
scs,314,True,28,28,0.5357142857142857,0.4642857142857143,1000000
scs,315,True,28,28,0.4642857142857143,0.6428571428571429,1000000
scs,316,True,71,71,0.4084507042253521,0.4225352112676056,1000000
scs,317,True,70,70,0.4857142857142857,0.3857142857142857,1000000
scs,318,True,142,142,0.4225352112676056,0.352112676056338,1000000
scs,319,True,21,21,0.3809523809523809,0.3333333333333333,1000000
scs,320,True,47,47,0.4468085106382978,0.5319148936170213,1000000
scs,321,True,36,36,0.3055555555555556,0.2222222222222222,1000000
scs,322,True,42,42,0.3809523809523809,0.4285714285714285,1000000
scs,323,True,29,29,0.4137931034482758,0.4137931034482758,1000000
scs,324,True,27,27,0.5185185185185185,0.4814814814814814,1000000
scs,325,True,23,23,0.3478260869565217,0.3478260869565217,1000000
scs,326,True,68,68,0.4117647058823529,0.4264705882352941,1000000
scs,327,True,26,26,0.4615384615384615,0.3846153846153846,1000000
scs,328,True,23,23,0.4782608695652174,0.6086956521739131,1000000
scs,329,True,29,29,0.5172413793103449,0.5517241379310345,1000000
scs,330,True,21,21,0.4761904761904761,0.4285714285714285,1000000
scs,331,True,18,18,0.5555555555555556,0.4444444444444444,1000000
scs,332,True,41,41,0.2682926829268293,0.2682926829268293,1000000
scs,333,True,178,178,0.4550561797752809,0.3539325842696629,1000000
scs,334,True,55,55,0.3272727272727272,0.4363636363636363,1000000
scs,335,True,29,29,0.3103448275862069,0.2068965517241379,1000000
scs,336,True,15,15,0.6666666666666666,0.6666666666666666,1000000
scs,337,True,22,22,0.5,0.4545454545454545,1000000
scs,338,True,18,18,0.4444444444444444,0.3888888888888889,1000000
scs,339,True,19,19,0.5263157894736842,0.5789473684210527,1000000
scs,340,True,41,41,0.3658536585365853,0.3902439024390244,1000000
scs,341,True,16,16,0.4375,0.5,1000000
scs,342,True,25,25,0.32,0.4,1000000
scs,343,True,15,15,0.6,0.6666666666666666,1000000
scs,344,True,22,22,0.3636363636363636,0.3636363636363636,1000000
scs,345,True,59,59,0.3728813559322034,0.3728813559322034,1000000
scs,346,True,39,39,0.3846153846153846,0.4358974358974359,1000000
scs,347,True,34,34,0.4117647058823529,0.4117647058823529,1000000
scs,348,True,43,43,0.2790697674418604,0.3488372093023256,1000000
scs,349,True,29,29,0.6896551724137931,0.6206896551724138,1000000
scs,350,True,70,70,0.4142857142857143,0.3428571428571428,1000000
scs,351,True,81,81,0.2839506172839506,0.3580246913580246,1000000
scs,352,True,12,12,0.6666666666666666,0.5833333333333334,1000000
scs,353,True,20,20,0.45,0.45,1000000
scs,354,True,25,25,0.64,0.6,1000000
scs,355,True,18,18,0.6666666666666666,0.4444444444444444,1000000
scs,356,True,48,48,0.3541666666666667,0.375,1000000
scs,357,True,9,9,0.7777777777777778,0.5555555555555556,1000000
scs,358,True,16,16,0.5,0.4375,1000000
scs,359,True,75,75,0.4,0.4,1000000
scs,360,True,24,24,0.3333333333333333,0.375,1000000
scs,361,True,25,25,0.36,0.32,1000000
scs,362,True,50,50,0.36,0.34,1000000
scs,363,True,57,57,0.3508771929824561,0.2982456140350877,1000000
scs,364,True,33,33,0.4242424242424242,0.5151515151515151,1000000
scs,365,True,37,37,0.3783783783783784,0.4054054054054054,1000000
scs,366,True,38,38,0.5263157894736842,0.5263157894736842,1000000
scs,367,True,32,32,0.5,0.40625,1000000
scs,368,True,29,29,0.5517241379310345,0.5862068965517241,1000000
scs,369,True,73,73,0.3698630136986301,0.3287671232876712,1000000
scs,370,True,19,19,0.4210526315789473,0.5789473684210527,1000000
scs,371,True,33,33,0.3333333333333333,0.3636363636363636,1000000
scs,372,True,30,30,0.4333333333333333,0.3666666666666666,1000000
scs,373,True,31,31,0.4838709677419355,0.5483870967741935,1000000
scs,374,True,74,74,0.4729729729729729,0.3783783783783784,1000000
scs,375,True,36,36,0.3888888888888889,0.3611111111111111,1000000
scs,376,True,19,19,0.5263157894736842,0.5263157894736842,1000000
scs,377,True,14,14,0.5714285714285714,0.5714285714285714,1000000
scs,378,True,32,32,0.53125,0.4375,1000000
scs,379,True,23,23,0.5652173913043478,0.5217391304347826,1000000
scs,380,True,20,20,0.7,0.6,1000000
scs,381,True,31,31,0.4838709677419355,0.4838709677419355,1000000
scs,382,True,23,23,0.5217391304347826,0.5217391304347826,1000000
scs,383,True,27,27,0.5185185185185185,0.4814814814814814,1000000
scs,384,True,28,28,0.5714285714285714,0.4285714285714285,1000000
scs,385,True,25,25,0.68,0.6,1000000
scs,386,True,97,97,0.2783505154639175,0.268041237113402,1000000
scs,387,True,34,34,0.4117647058823529,0.5,1000000
scs,388,True,30,30,0.5,0.5333333333333333,1000000
scs,389,True,70,70,0.2142857142857142,0.2285714285714285,1000000
scs,390,True,24,24,0.5,0.4583333333333333,1000000
scs,391,True,25,25,0.32,0.36,1000000
scs,392,True,54,54,0.3703703703703703,0.4074074074074074,1000000
scs,393,True,53,53,0.4150943396226415,0.4528301886792453,1000000
scs,394,True,39,39,0.3846153846153846,0.358974358974359,1000000
scs,395,True,26,26,0.6153846153846154,0.5384615384615384,1000000
scs,396,True,46,46,0.4130434782608695,0.4130434782608695,1000000
scs,397,True,60,60,0.4833333333333333,0.4833333333333333,1000000
scs,398,True,22,22,0.4545454545454545,0.6363636363636364,1000000
scs,399,True,51,51,0.3333333333333333,0.3333333333333333,1000000
scs,400,True,78,78,0.3205128205128205,0.3333333333333333,1000000
scs,401,True,18,18,0.5,0.5,1000000
scs,402,True,51,51,0.4117647058823529,0.392156862745098,1000000
scs,403,True,28,28,0.5714285714285714,0.5357142857142857,1000000
scs,404,True,61,61,0.3442622950819672,0.3114754098360656,1000000
scs,405,True,36,36,0.3888888888888889,0.3055555555555556,1000000
scs,406,True,36,36,0.1944444444444444,0.25,1000000
scs,407,True,16,16,0.375,0.375,1000000
scs,408,True,24,24,0.4583333333333333,0.5,1000000
scs,409,True,26,26,0.4230769230769231,0.3461538461538461,1000000
scs,410,True,104,104,0.3942307692307692,0.3846153846153846,1000000
scs,411,True,15,15,0.5333333333333333,0.5333333333333333,1000000
scs,412,True,44,44,0.3863636363636363,0.3863636363636363,1000000
scs,413,True,30,30,0.4666666666666667,0.4,1000000
scs,414,True,82,82,0.1951219512195122,0.2195121951219512,1000000
scs,415,True,12,12,0.5833333333333334,0.6666666666666666,1000000
scs,416,True,48,48,0.4791666666666667,0.4791666666666667,1000000
scs,417,True,22,22,0.5454545454545454,0.4545454545454545,1000000
scs,418,True,45,45,0.3111111111111111,0.3777777777777777,1000000
scs,419,True,75,75,0.44,0.3733333333333333,1000000
scs,420,True,30,30,0.4333333333333333,0.5666666666666667,1000000
scs,421,True,61,61,0.3278688524590163,0.4098360655737705,1000000
scs,422,True,37,37,0.4594594594594595,0.3783783783783784,1000000
scs,423,True,14,14,0.8571428571428571,0.7142857142857143,1000000
scs,424,True,82,82,0.3292682926829268,0.4878048780487805,1000000
scs,425,True,7,7,0.8571428571428571,0.8571428571428571,1000000
scs,426,True,174,174,0.3850574712643678,0.396551724137931,1000000
scs,427,True,29,29,0.4482758620689655,0.5517241379310345,1000000
scs,428,True,19,19,0.4210526315789473,0.4210526315789473,1000000
scs,429,True,34,34,0.5588235294117647,0.4705882352941176,1000000
scs,430,True,41,41,0.4878048780487805,0.3658536585365853,1000000
scs,431,True,53,53,0.3018867924528302,0.3018867924528302,1000000
scs,432,True,128,128,0.3984375,0.515625,1000000
scs,433,True,16,16,0.5,0.5,1000000
scs,434,True,49,49,0.4897959183673469,0.4489795918367347,1000000
scs,435,True,10,10,0.6,0.6,1000000
scs,436,True,27,27,0.7777777777777778,0.7037037037037037,1000000
scs,437,True,53,53,0.3584905660377358,0.3396226415094339,1000000
scs,438,True,117,117,0.3931623931623931,0.376068376068376,1000000
scs,439,True,21,21,0.6666666666666666,0.5238095238095238,1000000
scs,440,True,29,29,0.5172413793103449,0.5172413793103449,1000000
scs,441,True,66,66,0.2878787878787879,0.3181818181818182,1000000
scs,442,True,25,25,0.4,0.44,1000000
scs,443,True,29,29,0.4137931034482758,0.3793103448275862,1000000
scs,444,True,65,65,0.2769230769230769,0.2615384615384615,1000000
scs,445,True,43,43,0.3023255813953488,0.2790697674418604,1000000
scs,446,True,24,24,0.2916666666666667,0.4166666666666667,1000000
scs,447,True,16,16,0.375,0.375,1000000
scs,448,True,45,45,0.2,0.1555555555555555,1000000
scs,449,True,81,81,0.3580246913580246,0.3703703703703703,1000000
scs,450,True,29,29,0.5517241379310345,0.6206896551724138,1000000
scs,451,True,16,16,0.375,0.4375,1000000
scs,452,True,19,19,0.4736842105263157,0.4736842105263157,1000000
scs,453,True,32,32,0.40625,0.53125,1000000
scs,454,True,50,50,0.32,0.32,1000000
scs,455,True,62,62,0.4032258064516129,0.4354838709677419,1000000
scs,456,True,37,37,0.4594594594594595,0.3783783783783784,1000000
scs,457,True,37,37,0.4054054054054054,0.4054054054054054,1000000
scs,458,True,69,69,0.3043478260869565,0.3188405797101449,1000000
scs,459,True,29,29,0.4482758620689655,0.3103448275862069,1000000
scs,460,True,24,24,0.625,0.5833333333333334,1000000
scs,461,True,80,80,0.275,0.325,1000000
scs,462,True,40,40,0.4,0.525,1000000
scs,463,True,23,23,0.3478260869565217,0.3478260869565217,1000000
scs,464,True,49,49,0.3877551020408163,0.3265306122448979,1000000
scs,465,True,50,50,0.46,0.38,1000000
scs,466,True,42,42,0.3809523809523809,0.4285714285714285,1000000
scs,467,True,14,14,0.6428571428571429,0.6428571428571429,1000000
scs,468,True,20,20,0.3,0.4,1000000
scs,469,True,82,82,0.4024390243902439,0.3902439024390244,1000000
scs,470,True,22,22,0.4090909090909091,0.4545454545454545,1000000
scs,471,True,149,149,0.3221476510067114,0.3087248322147651,1000000
scs,472,True,73,73,0.3150684931506849,0.3561643835616438,1000000
scs,473,True,13,13,0.4615384615384615,0.4615384615384615,1000000
scs,474,True,48,48,0.2916666666666667,0.3125,1000000
scs,475,True,102,102,0.3137254901960784,0.3235294117647059,1000000
scs,476,True,64,64,0.359375,0.40625,1000000
scs,477,True,18,18,0.6666666666666666,0.5,1000000
scs,478,True,30,30,0.4333333333333333,0.4666666666666667,1000000
scs,479,True,101,101,0.3168316831683168,0.3663366336633663,1000000
scs,480,True,27,27,0.4814814814814814,0.4444444444444444,1000000
scs,481,True,52,52,0.25,0.1923076923076923,1000000
scs,482,True,79,79,0.3544303797468354,0.3164556962025316,1000000
scs,483,True,37,37,0.4054054054054054,0.4324324324324324,1000000
scs,484,True,19,19,0.5789473684210527,0.631578947368421,1000000
scs,485,True,28,28,0.3214285714285714,0.3571428571428571,1000000
scs,486,True,128,128,0.390625,0.3671875,1000000
scs,487,True,40,40,0.525,0.525,1000000
scs,488,True,77,77,0.3896103896103896,0.4545454545454545,1000000
scs,489,True,55,55,0.3454545454545454,0.4363636363636363,1000000
scs,490,True,32,32,0.375,0.34375,1000000
scs,491,True,26,26,0.3461538461538461,0.3846153846153846,1000000
scs,492,True,72,72,0.375,0.4305555555555556,1000000
scs,493,True,52,52,0.4038461538461538,0.4615384615384615,1000000
scs,494,True,54,54,0.5185185185185185,0.5740740740740741,1000000
scs,495,True,55,55,0.4,0.509090909090909,1000000
scs,496,True,21,21,0.5238095238095238,0.6666666666666666,1000000
scs,497,True,36,36,0.4722222222222222,0.4444444444444444,1000000
scs,498,True,23,23,0.4782608695652174,0.4782608695652174,1000000
scs,499,True,72,72,0.4583333333333333,0.3055555555555556,1000000
scs,500,True,32,32,0.40625,0.5,1000000
scs,501,True,39,39,0.358974358974359,0.2051282051282051,1000000
scs,502,True,57,57,0.5789473684210527,0.543859649122807,1000000
scs,503,True,33,33,0.303030303030303,0.3333333333333333,1000000
scs,504,True,38,38,0.4736842105263157,0.5263157894736842,1000000
scs,505,True,22,22,0.6818181818181818,0.4545454545454545,1000000
scs,506,True,18,18,0.6666666666666666,0.6111111111111112,1000000
scs,507,True,150,150,0.3933333333333333,0.4333333333333333,1000000
scs,508,True,48,48,0.5208333333333334,0.4166666666666667,1000000
scs,509,True,157,157,0.4394904458598726,0.3821656050955414,1000000
scs,510,True,73,73,0.3287671232876712,0.3287671232876712,1000000
scs,511,True,36,36,0.3611111111111111,0.2777777777777778,1000000
scs,512,True,12,12,0.4166666666666667,0.4166666666666667,1000000
scs,513,True,47,47,0.2978723404255319,0.4042553191489361,1000000
scs,514,True,27,27,0.4444444444444444,0.5185185185185185,1000000
scs,515,True,14,14,0.4285714285714285,0.4285714285714285,1000000
scs,516,True,13,13,0.4615384615384615,0.4615384615384615,1000000
scs,517,True,23,23,0.5217391304347826,0.4782608695652174,1000000
scs,518,True,21,21,0.3333333333333333,0.3333333333333333,1000000
scs,519,True,19,19,0.4736842105263157,0.4736842105263157,1000000
scs,520,True,18,18,0.5,0.5555555555555556,1000000
scs,521,True,20,20,0.3,0.3,1000000
scs,522,True,64,64,0.25,0.265625,1000000
scs,523,True,52,52,0.5769230769230769,0.6346153846153846,1000000
scs,524,True,44,44,0.3409090909090909,0.5,1000000
scs,525,True,10,10,0.7,0.6,1000000
scs,526,True,27,27,0.4074074074074074,0.2962962962962963,1000000
scs,527,True,52,52,0.3076923076923077,0.3269230769230769,1000000
scs,528,True,22,22,0.6363636363636364,0.5454545454545454,1000000
scs,529,True,15,15,0.5333333333333333,0.6,1000000
scs,530,True,14,14,0.7142857142857143,0.8571428571428571,1000000
scs,531,True,28,28,0.5357142857142857,0.5,1000000
scs,532,True,29,29,0.2758620689655172,0.3793103448275862,1000000
scs,533,True,45,45,0.3777777777777777,0.4,1000000
scs,534,True,61,61,0.2950819672131147,0.4098360655737705,1000000
scs,535,True,10,10,0.7,0.8,1000000
scs,536,True,27,27,0.2962962962962963,0.2962962962962963,1000000
scs,537,True,16,16,0.4375,0.5,1000000
scs,538,True,21,21,0.5238095238095238,0.4285714285714285,1000000
scs,539,True,45,45,0.3555555555555555,0.4222222222222222,1000000
scs,540,True,69,69,0.3623188405797101,0.3043478260869565,1000000
scs,541,True,35,35,0.4285714285714285,0.4,1000000
scs,542,True,29,29,0.5862068965517241,0.5517241379310345,1000000
scs,543,True,18,18,0.6111111111111112,0.7222222222222222,1000000
scs,544,True,65,65,0.4461538461538462,0.4153846153846154,1000000
scs,545,True,20,20,0.55,0.4,1000000
scs,546,True,15,15,0.6,0.6666666666666666,1000000
scs,547,True,30,30,0.5666666666666667,0.3333333333333333,1000000
scs,548,True,42,42,0.5238095238095238,0.4523809523809524,1000000
scs,549,True,43,43,0.4651162790697674,0.4418604651162791,1000000
scs,550,True,68,68,0.4705882352941176,0.3529411764705882,1000000
scs,551,True,11,11,0.5454545454545454,0.7272727272727273,1000000
scs,552,True,69,69,0.391304347826087,0.3768115942028985,1000000
scs,553,True,44,44,0.4772727272727273,0.3409090909090909,1000000
scs,554,True,32,32,0.4375,0.46875,1000000
scs,555,True,81,81,0.3703703703703703,0.3333333333333333,1000000
scs,556,True,37,37,0.3243243243243243,0.3513513513513513,1000000
scs,557,True,30,30,0.4,0.4,1000000
scs,558,True,34,34,0.5294117647058824,0.4411764705882353,1000000
scs,559,True,42,42,0.238095238095238,0.238095238095238,1000000
scs,560,True,86,86,0.4069767441860465,0.3488372093023256,1000000
scs,561,True,34,34,0.5588235294117647,0.3235294117647059,1000000
scs,562,True,22,22,0.6818181818181818,0.5909090909090909,1000000
scs,563,True,52,52,0.5192307692307693,0.3461538461538461,1000000
scs,564,True,30,30,0.4333333333333333,0.4666666666666667,1000000
scs,565,True,69,69,0.3043478260869565,0.3623188405797101,1000000
scs,566,True,48,48,0.3125,0.4166666666666667,1000000
scs,567,True,46,46,0.3695652173913043,0.3478260869565217,1000000
scs,568,True,38,38,0.2368421052631578,0.3421052631578947,1000000
scs,569,True,81,81,0.2716049382716049,0.2345679012345679,1000000
scs,570,True,19,19,0.4210526315789473,0.4210526315789473,1000000
scs,571,True,39,39,0.4871794871794871,0.4871794871794871,1000000
scs,572,True,21,21,0.4285714285714285,0.6190476190476191,1000000
scs,573,True,25,25,0.52,0.48,1000000
scs,574,True,46,46,0.4347826086956521,0.3478260869565217,1000000
scs,575,True,45,45,0.2666666666666666,0.2444444444444444,1000000
scs,576,True,49,49,0.4897959183673469,0.5306122448979592,1000000
scs,577,True,42,42,0.4047619047619047,0.4523809523809524,1000000
scs,578,True,21,21,0.5238095238095238,0.6666666666666666,1000000
scs,579,True,62,62,0.4193548387096774,0.4193548387096774,1000000
scs,580,True,130,130,0.3538461538461538,0.3384615384615385,1000000
scs,581,True,43,43,0.3488372093023256,0.4186046511627907,1000000
scs,582,True,20,20,0.55,0.55,1000000
scs,583,True,7,7,0.8571428571428571,0.8571428571428571,1000000
scs,584,True,6,6,1.0,1.0,1000000
scs,585,True,68,68,0.3823529411764705,0.3970588235294117,1000000
scs,586,True,19,19,0.3684210526315789,0.4736842105263157,1000000
scs,587,True,24,24,0.3333333333333333,0.3333333333333333,1000000
scs,588,True,35,35,0.4285714285714285,0.3714285714285714,1000000
scs,589,True,69,69,0.463768115942029,0.4492753623188406,1000000
scs,590,True,51,51,0.3333333333333333,0.392156862745098,1000000
scs,591,True,86,86,0.3953488372093023,0.4302325581395348,1000000
scs,592,True,21,21,0.3333333333333333,0.3333333333333333,1000000
scs,593,True,33,33,0.3636363636363636,0.4242424242424242,1000000
scs,594,True,77,77,0.4675324675324675,0.5584415584415584,1000000
scs,595,True,30,30,0.2666666666666666,0.3,1000000
scs,596,True,28,28,0.5714285714285714,0.5714285714285714,1000000
scs,597,True,21,21,0.4761904761904761,0.5238095238095238,1000000
scs,598,True,16,16,0.4375,0.5,1000000
scs,599,True,28,28,0.3928571428571428,0.3928571428571428,1000000
scs,600,True,71,71,0.4084507042253521,0.352112676056338,1000000
scs,601,True,17,17,0.4117647058823529,0.4117647058823529,1000000
scs,602,True,26,26,0.5384615384615384,0.5384615384615384,1000000
scs,603,True,32,32,0.59375,0.5,1000000
scs,604,True,89,89,0.3595505617977528,0.2696629213483146,1000000
scs,605,True,27,27,0.6666666666666666,0.3703703703703703,1000000
scs,606,True,23,23,0.4347826086956521,0.4347826086956521,1000000
scs,607,True,19,19,0.5789473684210527,0.4210526315789473,1000000
scs,608,True,38,38,0.3947368421052631,0.3684210526315789,1000000
scs,609,True,43,43,0.4883720930232558,0.5581395348837209,1000000
scs,610,True,31,31,0.4838709677419355,0.4193548387096774,1000000
scs,611,True,28,28,0.3571428571428571,0.5,1000000
scs,612,True,67,67,0.5522388059701493,0.5373134328358209,1000000
scs,613,True,37,37,0.3513513513513513,0.4594594594594595,1000000
scs,614,True,22,22,0.5454545454545454,0.5454545454545454,1000000
scs,615,True,27,27,0.4074074074074074,0.4074074074074074,1000000
scs,616,True,24,24,0.625,0.625,1000000
scs,617,True,26,26,0.4230769230769231,0.5,1000000
scs,618,True,47,47,0.5319148936170213,0.4680851063829787,1000000
scs,619,True,40,40,0.425,0.5,1000000
scs,620,True,25,25,0.4,0.44,1000000
scs,621,True,26,26,0.4615384615384615,0.5,1000000
scs,622,True,16,16,0.5625,0.625,1000000
scs,623,True,22,22,0.6363636363636364,0.5909090909090909,1000000
scs,624,True,82,82,0.3658536585365853,0.3414634146341463,1000000
scs,625,True,11,11,0.8181818181818182,0.8181818181818182,1000000
scs,626,True,74,74,0.527027027027027,0.527027027027027,1000000
scs,627,True,62,62,0.3709677419354839,0.3548387096774194,1000000
scs,628,True,7,7,0.5714285714285714,0.5714285714285714,1000000
scs,629,True,43,43,0.4418604651162791,0.4418604651162791,1000000
scs,630,True,35,35,0.4,0.5142857142857142,1000000
scs,631,True,27,27,0.4074074074074074,0.2962962962962963,1000000
scs,632,True,45,45,0.3111111111111111,0.3111111111111111,1000000
scs,633,True,35,35,0.3428571428571428,0.3428571428571428,1000000
scs,634,True,29,29,0.4482758620689655,0.5172413793103449,1000000
scs,635,True,15,15,0.3333333333333333,0.3333333333333333,1000000
scs,636,True,43,43,0.5348837209302325,0.4651162790697674,1000000
scs,637,True,45,45,0.4444444444444444,0.4,1000000
scs,638,True,103,103,0.3203883495145631,0.3689320388349514,1000000
scs,639,True,24,24,0.4583333333333333,0.5416666666666666,1000000
scs,640,True,21,21,0.5238095238095238,0.5238095238095238,1000000
scs,641,True,16,16,0.5625,0.625,1000000
scs,642,True,42,42,0.5714285714285714,0.5238095238095238,1000000
scs,643,True,64,64,0.359375,0.40625,1000000
scs,644,True,18,18,0.3888888888888889,0.3333333333333333,1000000
scs,645,True,105,105,0.3904761904761905,0.3428571428571428,1000000
scs,646,True,31,31,0.2903225806451613,0.2903225806451613,1000000
scs,647,True,8,8,0.75,0.75,1000000
scs,648,True,33,33,0.303030303030303,0.3333333333333333,1000000
scs,649,True,39,39,0.3333333333333333,0.2307692307692307,1000000
scs,650,True,38,38,0.3421052631578947,0.3421052631578947,1000000
scs,651,True,23,23,0.4347826086956521,0.4782608695652174,1000000
scs,652,True,131,131,0.3969465648854962,0.4045801526717557,1000000
scs,653,True,53,53,0.3584905660377358,0.3396226415094339,1000000
scs,654,True,130,130,0.3538461538461538,0.3538461538461538,1000000
scs,655,True,50,50,0.58,0.6,1000000
scs,656,True,48,48,0.4166666666666667,0.4166666666666667,1000000
scs,657,True,9,9,0.6666666666666666,0.6666666666666666,1000000
scs,658,True,142,142,0.1901408450704225,0.2112676056338028,1000000
scs,659,True,34,34,0.3235294117647059,0.4411764705882353,1000000
scs,660,True,18,18,0.6111111111111112,0.6111111111111112,1000000
scs,661,True,46,46,0.3043478260869565,0.2826086956521739,1000000
scs,662,True,24,24,0.4166666666666667,0.5,1000000
scs,663,True,30,30,0.4,0.4,1000000
scs,664,True,60,60,0.3666666666666666,0.4333333333333333,1000000
scs,665,True,39,39,0.5128205128205128,0.4102564102564102,1000000
scs,666,True,66,66,0.2424242424242424,0.3939393939393939,1000000
scs,667,True,30,30,0.5333333333333333,0.6333333333333333,1000000
scs,668,True,39,39,0.5128205128205128,0.6410256410256411,1000000
scs,669,True,11,11,0.6363636363636364,0.7272727272727273,1000000
scs,670,True,24,24,0.5,0.5416666666666666,1000000
scs,671,True,75,75,0.32,0.32,1000000
scs,672,True,66,66,0.5757575757575758,0.5,1000000
scs,673,True,34,34,0.3529411764705882,0.3235294117647059,1000000
scs,674,True,25,25,0.6,0.4,1000000
scs,675,True,42,42,0.4761904761904761,0.4285714285714285,1000000
scs,676,True,21,21,0.5238095238095238,0.4761904761904761,1000000
scs,677,True,57,57,0.4210526315789473,0.4035087719298245,1000000
scs,678,True,40,40,0.35,0.375,1000000
scs,679,True,67,67,0.2835820895522388,0.3134328358208955,1000000
scs,680,True,17,17,0.5882352941176471,0.5882352941176471,1000000
scs,681,True,31,31,0.3870967741935484,0.4193548387096774,1000000
scs,682,True,10,10,0.5,0.5,1000000
scs,683,True,34,34,0.4411764705882353,0.4117647058823529,1000000
scs,684,True,41,41,0.3170731707317073,0.3170731707317073,1000000
scs,685,True,89,89,0.4943820224719101,0.4606741573033708,1000000
scs,686,True,15,15,0.6666666666666666,0.6666666666666666,1000000
scs,687,True,61,61,0.2459016393442623,0.2950819672131147,1000000
scs,688,True,15,15,0.6666666666666666,0.6666666666666666,1000000
scs,689,True,27,27,0.5925925925925926,0.5555555555555556,1000000
scs,690,True,90,90,0.3777777777777777,0.3666666666666666,1000000
scs,691,True,33,33,0.2727272727272727,0.303030303030303,1000000
scs,692,True,21,21,0.4761904761904761,0.5238095238095238,1000000
scs,693,True,19,19,0.4736842105263157,0.5263157894736842,1000000
scs,694,True,160,160,0.39375,0.3375,1000000
scs,695,True,28,28,0.3214285714285714,0.3214285714285714,1000000
scs,696,True,34,34,0.4705882352941176,0.4117647058823529,1000000
scs,697,True,44,44,0.2954545454545454,0.3636363636363636,1000000
scs,698,True,49,49,0.3673469387755102,0.2244897959183673,1000000
scs,699,True,51,51,0.3333333333333333,0.2941176470588235,1000000
scs,700,True,34,34,0.2941176470588235,0.3529411764705882,1000000
scs,701,True,26,26,0.4615384615384615,0.5,1000000
scs,702,True,47,47,0.3617021276595745,0.3829787234042553,1000000
scs,703,True,14,14,0.5714285714285714,0.3571428571428571,1000000
scs,704,True,24,24,0.625,0.5,1000000
scs,705,True,10,10,0.7,0.6,1000000
scs,706,True,21,21,0.3809523809523809,0.4285714285714285,1000000
scs,707,True,19,19,0.3684210526315789,0.4210526315789473,1000000
scs,708,True,46,46,0.3260869565217391,0.3478260869565217,1000000
scs,709,True,23,23,0.5652173913043478,0.5652173913043478,1000000
scs,710,True,27,27,0.4814814814814814,0.5555555555555556,1000000
scs,711,True,78,78,0.2564102564102564,0.3205128205128205,1000000
scs,712,True,18,18,0.3333333333333333,0.3333333333333333,1000000
scs,713,True,72,72,0.2638888888888889,0.2916666666666667,1000000
scs,714,True,22,22,0.4545454545454545,0.4090909090909091,1000000
scs,715,True,10,10,0.6,0.6,1000000
scs,716,True,41,41,0.2926829268292683,0.2195121951219512,1000000
scs,717,True,34,34,0.2941176470588235,0.4117647058823529,1000000
scs,718,True,24,24,0.2916666666666667,0.625,1000000
scs,719,True,19,19,0.5789473684210527,0.4736842105263157,1000000
scs,720,True,154,154,0.3246753246753247,0.3181818181818182,1000000
scs,721,True,21,21,0.2857142857142857,0.3809523809523809,1000000
scs,722,True,41,41,0.3414634146341463,0.3414634146341463,1000000
scs,723,True,33,33,0.5151515151515151,0.4848484848484848,1000000
scs,724,True,48,48,0.3333333333333333,0.3541666666666667,1000000
scs,725,True,19,19,0.5789473684210527,0.5789473684210527,1000000
scs,726,True,32,32,0.46875,0.53125,1000000
scs,727,True,16,16,0.625,0.625,1000000
scs,728,True,24,24,0.6666666666666666,0.75,1000000
scs,729,True,23,23,0.3478260869565217,0.391304347826087,1000000
scs,730,True,34,34,0.4117647058823529,0.4117647058823529,1000000
scs,731,True,18,18,0.3333333333333333,0.3888888888888889,1000000
scs,732,True,30,30,0.2666666666666666,0.2,1000000
scs,733,True,37,37,0.6756756756756757,0.6756756756756757,1000000
scs,734,True,33,33,0.3636363636363636,0.3939393939393939,1000000
scs,735,True,16,16,0.5625,0.5625,1000000
scs,736,True,35,35,0.4285714285714285,0.4857142857142857,1000000
scs,737,True,52,52,0.173076923076923,0.3076923076923077,1000000
scs,738,True,42,42,0.4047619047619047,0.3571428571428571,1000000
scs,739,True,8,8,0.875,1.0,1000000
scs,740,True,56,56,0.3571428571428571,0.4464285714285714,1000000
scs,741,True,37,37,0.5405405405405406,0.6756756756756757,1000000
scs,742,True,54,54,0.4074074074074074,0.3888888888888889,1000000
scs,743,True,18,18,0.3888888888888889,0.3888888888888889,1000000
scs,744,True,25,25,0.52,0.44,1000000
scs,745,True,46,46,0.3260869565217391,0.3260869565217391,1000000
scs,746,True,42,42,0.5714285714285714,0.5714285714285714,1000000
scs,747,True,44,44,0.3409090909090909,0.4545454545454545,1000000
scs,748,True,53,53,0.4339622641509434,0.3018867924528302,1000000
scs,749,True,13,13,0.6923076923076923,0.6923076923076923,1000000
scs,750,True,70,70,0.4285714285714285,0.4,1000000
scs,751,True,45,45,0.2888888888888888,0.2444444444444444,1000000
scs,752,True,48,48,0.3333333333333333,0.4166666666666667,1000000
scs,753,True,47,47,0.3404255319148936,0.3404255319148936,1000000
scs,754,True,51,51,0.3725490196078431,0.3529411764705882,1000000
scs,755,True,47,47,0.3829787234042553,0.3617021276595745,1000000
scs,756,True,33,33,0.3636363636363636,0.303030303030303,1000000
scs,757,True,153,153,0.2810457516339869,0.392156862745098,1000000
scs,758,True,55,55,0.2181818181818181,0.3636363636363636,1000000
scs,759,True,36,36,0.4722222222222222,0.4444444444444444,1000000
scs,760,True,48,48,0.4166666666666667,0.3541666666666667,1000000
scs,761,True,20,20,0.45,0.5,1000000
scs,762,True,18,18,0.6111111111111112,0.6666666666666666,1000000
scs,763,True,56,56,0.3571428571428571,0.375,1000000
scs,764,True,64,64,0.421875,0.390625,1000000
scs,765,True,60,60,0.4833333333333333,0.4,1000000
scs,766,True,20,20,0.35,0.35,1000000
scs,767,True,31,31,0.3548387096774194,0.3548387096774194,1000000
scs,768,True,23,23,0.4782608695652174,0.391304347826087,1000000
scs,769,True,80,80,0.2,0.2125,1000000
scs,770,True,72,72,0.25,0.2916666666666667,1000000
scs,771,True,50,50,0.42,0.36,1000000
scs,772,True,38,38,0.3421052631578947,0.4210526315789473,1000000
scs,773,True,42,42,0.3333333333333333,0.238095238095238,1000000
scs,774,True,12,12,0.5833333333333334,0.5833333333333334,1000000
scs,775,True,54,54,0.4814814814814814,0.5555555555555556,1000000
scs,776,True,78,78,0.4615384615384615,0.3974358974358974,1000000
scs,777,True,21,21,0.5238095238095238,0.5238095238095238,1000000
scs,778,True,38,38,0.2631578947368421,0.2894736842105263,1000000
scs,779,True,23,23,0.4782608695652174,0.4782608695652174,1000000
scs,780,True,109,109,0.3853211009174312,0.4770642201834862,1000000
scs,781,True,28,28,0.5357142857142857,0.5,1000000
scs,782,True,33,33,0.4242424242424242,0.4242424242424242,1000000
scs,783,True,33,33,0.5454545454545454,0.5454545454545454,1000000
scs,784,True,35,35,0.5142857142857142,0.4285714285714285,1000000
scs,785,True,43,43,0.4418604651162791,0.4186046511627907,1000000
scs,786,True,46,46,0.5434782608695652,0.5434782608695652,1000000
scs,787,True,25,25,0.52,0.6,1000000
scs,788,True,31,31,0.4193548387096774,0.4838709677419355,1000000
scs,789,True,18,18,0.6111111111111112,0.7777777777777778,1000000
scs,790,True,100,100,0.36,0.45,1000000
scs,791,True,33,33,0.4242424242424242,0.303030303030303,1000000
scs,792,True,46,46,0.4347826086956521,0.5,1000000
scs,793,True,8,8,0.5,0.5,1000000
scs,794,True,37,37,0.3243243243243243,0.3243243243243243,1000000
scs,795,True,37,37,0.6216216216216216,0.4324324324324324,1000000
scs,796,True,11,11,0.7272727272727273,0.7272727272727273,1000000
scs,797,True,38,38,0.2894736842105263,0.4736842105263157,1000000
scs,798,True,189,189,0.3492063492063492,0.3439153439153439,1000000
scs,799,True,32,32,0.28125,0.3125,1000000
scs,800,True,85,85,0.4470588235294118,0.3764705882352941,1000000
scs,801,True,48,48,0.3333333333333333,0.3125,1000000
scs,802,True,9,9,0.5555555555555556,0.6666666666666666,1000000
scs,803,True,65,65,0.4153846153846154,0.4,1000000
scs,804,True,20,20,0.5,0.5,1000000
scs,805,True,43,43,0.3023255813953488,0.2558139534883721,1000000
scs,806,True,20,20,0.55,0.55,1000000
scs,807,True,28,28,0.5,0.4642857142857143,1000000
scs,808,True,54,54,0.4814814814814814,0.4259259259259259,1000000
scs,809,True,30,30,0.5,0.4,1000000
scs,810,True,21,21,0.3333333333333333,0.3333333333333333,1000000
scs,811,True,44,44,0.3636363636363636,0.4318181818181818,1000000
scs,812,True,65,65,0.5076923076923077,0.5076923076923077,1000000
scs,813,True,34,34,0.3529411764705882,0.3529411764705882,1000000
scs,814,True,81,81,0.2839506172839506,0.3950617283950617,1000000
scs,815,True,16,16,0.625,0.5,1000000
scs,816,True,54,54,0.4074074074074074,0.3703703703703703,1000000
scs,817,True,27,27,0.5555555555555556,0.7037037037037037,1000000
scs,818,True,70,70,0.3857142857142857,0.3857142857142857,1000000
scs,819,True,93,93,0.3978494623655914,0.3225806451612903,1000000
scs,820,True,45,45,0.2888888888888888,0.2666666666666666,1000000
scs,821,True,16,16,0.5,0.625,1000000
scs,822,True,36,36,0.3611111111111111,0.3611111111111111,1000000
scs,823,True,29,29,0.2758620689655172,0.3103448275862069,1000000
scs,824,True,8,8,0.75,0.875,1000000
scs,825,True,30,30,0.3666666666666666,0.3666666666666666,1000000
scs,826,True,32,32,0.3125,0.28125,1000000
scs,827,True,81,81,0.4814814814814814,0.4074074074074074,1000000
scs,828,True,28,28,0.2857142857142857,0.3571428571428571,1000000
scs,829,True,48,48,0.6041666666666666,0.5625,1000000
scs,830,True,14,14,0.5714285714285714,0.7142857142857143,1000000
scs,831,True,26,26,0.3461538461538461,0.3846153846153846,1000000
scs,832,True,18,18,0.5,0.5555555555555556,1000000
scs,833,True,33,33,0.3939393939393939,0.3636363636363636,1000000
scs,834,True,51,51,0.2549019607843137,0.2156862745098039,1000000
scs,835,True,44,44,0.5681818181818182,0.5681818181818182,1000000
scs,836,True,20,20,0.45,0.45,1000000
scs,837,True,20,20,0.35,0.35,1000000
scs,838,True,28,28,0.5714285714285714,0.6785714285714286,1000000
scs,839,True,38,38,0.3947368421052631,0.4736842105263157,1000000
scs,840,True,29,29,0.5172413793103449,0.4137931034482758,1000000
scs,841,True,70,70,0.3,0.3571428571428571,1000000
scs,842,True,22,22,0.5,0.5454545454545454,1000000
scs,843,True,19,19,0.631578947368421,0.4736842105263157,1000000
scs,844,True,30,30,0.3,0.3,1000000
scs,845,True,10,10,0.7,0.8,1000000
scs,846,True,33,33,0.3333333333333333,0.303030303030303,1000000
scs,847,True,42,42,0.3571428571428571,0.3809523809523809,1000000
scs,848,True,25,25,0.4,0.56,1000000
scs,849,True,31,31,0.4838709677419355,0.3870967741935484,1000000
scs,850,True,43,43,0.2325581395348837,0.2093023255813953,1000000
scs,851,True,21,21,0.4761904761904761,0.3809523809523809,1000000
scs,852,True,18,18,0.5,0.4444444444444444,1000000
scs,853,True,35,35,0.2857142857142857,0.2285714285714285,1000000
scs,854,True,80,80,0.375,0.25,1000000
scs,855,True,11,11,0.9090909090909092,0.8181818181818182,1000000
scs,856,True,21,21,0.4761904761904761,0.5238095238095238,1000000
scs,857,True,62,62,0.3709677419354839,0.4354838709677419,1000000
scs,858,True,39,39,0.4615384615384615,0.4358974358974359,1000000
scs,859,True,77,77,0.3246753246753247,0.3246753246753247,1000000
scs,860,True,31,31,0.4193548387096774,0.3225806451612903,1000000
scs,861,True,35,35,0.4857142857142857,0.3142857142857143,1000000
scs,862,True,63,63,0.3174603174603174,0.3809523809523809,1000000
scs,863,True,46,46,0.2826086956521739,0.217391304347826,1000000
scs,864,True,28,28,0.5357142857142857,0.4285714285714285,1000000
scs,865,True,44,44,0.4545454545454545,0.3636363636363636,1000000
scs,866,True,71,71,0.3943661971830985,0.3098591549295774,1000000
scs,867,True,73,73,0.4383561643835616,0.4246575342465753,1000000
scs,868,True,15,15,0.7333333333333333,0.7333333333333333,1000000
scs,869,True,18,18,0.3888888888888889,0.3888888888888889,1000000
scs,870,True,56,56,0.4285714285714285,0.4821428571428571,1000000
scs,871,True,23,23,0.6086956521739131,0.6086956521739131,1000000
scs,872,True,14,14,0.5,0.4285714285714285,1000000
scs,873,True,33,33,0.3636363636363636,0.3636363636363636,1000000
scs,874,True,63,63,0.3809523809523809,0.365079365079365,1000000
scs,875,True,38,38,0.3421052631578947,0.3157894736842105,1000000
scs,876,True,55,55,0.3636363636363636,0.3636363636363636,1000000
scs,877,True,88,88,0.3863636363636363,0.4204545454545454,1000000
scs,878,True,12,12,0.8333333333333334,0.8333333333333334,1000000
scs,879,True,25,25,0.44,0.4,1000000
scs,880,True,9,9,0.7777777777777778,0.5555555555555556,1000000
scs,881,True,24,24,0.4166666666666667,0.3333333333333333,1000000
scs,882,True,37,37,0.3513513513513513,0.2702702702702703,1000000
scs,883,True,27,27,0.5555555555555556,0.4814814814814814,1000000
scs,884,True,27,27,0.6296296296296297,0.7777777777777778,1000000
scs,885,True,30,30,0.2333333333333333,0.3666666666666666,1000000
scs,886,True,65,65,0.3384615384615385,0.3230769230769231,1000000
scs,887,True,13,13,0.7692307692307693,0.6153846153846154,1000000
scs,888,True,49,49,0.3673469387755102,0.3469387755102041,1000000
scs,889,True,11,11,0.6363636363636364,0.6363636363636364,1000000
scs,890,True,12,12,0.4166666666666667,0.6666666666666666,1000000
scs,891,True,64,64,0.296875,0.3125,1000000
scs,892,True,84,84,0.369047619047619,0.369047619047619,1000000
scs,893,True,32,32,0.40625,0.40625,1000000
scs,894,True,47,47,0.3829787234042553,0.2765957446808511,1000000
scs,895,True,38,38,0.4210526315789473,0.4210526315789473,1000000
scs,896,True,13,13,0.5384615384615384,0.5384615384615384,1000000
scs,897,True,11,11,0.7272727272727273,0.7272727272727273,1000000
scs,898,True,109,109,0.2935779816513761,0.2568807339449541,1000000
scs,899,True,18,18,0.3333333333333333,0.3333333333333333,1000000
scs,900,True,51,51,0.3137254901960784,0.392156862745098,1000000
scs,901,True,24,24,0.3333333333333333,0.375,1000000
scs,902,True,12,12,0.5833333333333334,0.5833333333333334,1000000
scs,903,True,34,34,0.4117647058823529,0.4117647058823529,1000000
scs,904,True,66,66,0.4090909090909091,0.4545454545454545,1000000
scs,905,True,53,53,0.4150943396226415,0.4150943396226415,1000000
scs,906,True,34,34,0.3823529411764705,0.3823529411764705,1000000
scs,907,True,41,41,0.4878048780487805,0.5121951219512195,1000000
scs,908,True,19,19,0.3157894736842105,0.4736842105263157,1000000
scs,909,True,41,41,0.4146341463414634,0.4146341463414634,1000000
scs,910,True,66,66,0.5151515151515151,0.5606060606060606,1000000
scs,911,True,20,20,0.45,0.4,1000000
scs,912,True,81,81,0.2839506172839506,0.3209876543209876,1000000
scs,913,True,72,72,0.4722222222222222,0.4583333333333333,1000000
scs,914,True,29,29,0.3448275862068966,0.3448275862068966,1000000
scs,915,True,46,46,0.5217391304347826,0.4347826086956521,1000000
scs,916,True,55,55,0.4545454545454545,0.3272727272727272,1000000
scs,917,True,91,91,0.3296703296703296,0.3076923076923077,1000000
scs,918,True,40,40,0.3,0.325,1000000
scs,919,True,98,98,0.4081632653061224,0.3163265306122449,1000000
scs,920,True,37,37,0.3513513513513513,0.2162162162162162,1000000
scs,921,True,10,10,0.6,0.6,1000000
scs,922,True,61,61,0.3278688524590163,0.360655737704918,1000000
scs,923,True,63,63,0.5555555555555556,0.5555555555555556,1000000
scs,924,True,18,18,0.3333333333333333,0.4444444444444444,1000000
scs,925,True,26,26,0.2307692307692307,0.2307692307692307,1000000
scs,926,True,28,28,0.5357142857142857,0.4642857142857143,1000000
scs,927,True,22,22,0.4090909090909091,0.5,1000000
scs,928,True,38,38,0.3947368421052631,0.3157894736842105,1000000
scs,929,True,17,17,0.4705882352941176,0.4705882352941176,1000000
scs,930,True,50,50,0.54,0.44,1000000
scs,931,True,43,43,0.3953488372093023,0.3720930232558139,1000000
scs,932,True,66,66,0.3333333333333333,0.3181818181818182,1000000
scs,933,True,47,47,0.6808510638297872,0.2553191489361702,1000000
scs,934,True,66,66,0.3333333333333333,0.2878787878787879,1000000
scs,935,True,29,29,0.4482758620689655,0.6551724137931034,1000000
scs,936,True,42,42,0.2619047619047619,0.4285714285714285,1000000
scs,937,True,23,23,0.6521739130434783,0.6086956521739131,1000000
scs,938,True,27,27,0.4074074074074074,0.3703703703703703,1000000
scs,939,True,52,52,0.3461538461538461,0.2884615384615384,1000000
scs,940,True,11,11,0.8181818181818182,0.7272727272727273,1000000
scs,941,True,47,47,0.2978723404255319,0.2765957446808511,1000000
scs,942,True,26,26,0.5769230769230769,0.5384615384615384,1000000
scs,943,True,24,24,0.4583333333333333,0.5416666666666666,1000000
scs,944,True,59,59,0.4576271186440678,0.4067796610169492,1000000
scs,945,True,24,24,0.375,0.375,1000000
scs,946,True,47,47,0.4680851063829787,0.3617021276595745,1000000
scs,947,True,24,24,0.5833333333333334,0.4583333333333333,1000000
scs,948,True,99,99,0.2525252525252525,0.4242424242424242,1000000
scs,949,True,69,69,0.3043478260869565,0.463768115942029,1000000
scs,950,True,76,76,0.4210526315789473,0.3552631578947368,1000000
scs,951,True,32,32,0.40625,0.53125,1000000
scs,952,True,46,46,0.2826086956521739,0.2608695652173913,1000000
scs,953,True,51,51,0.5490196078431373,0.4509803921568627,1000000
scs,954,True,13,13,0.4615384615384615,0.4615384615384615,1000000
scs,955,True,32,32,0.46875,0.4375,1000000
scs,956,True,26,26,0.4615384615384615,0.5,1000000
scs,957,True,17,17,0.5294117647058824,0.5294117647058824,1000000
scs,958,True,49,49,0.4081632653061224,0.3061224489795918,1000000
scs,959,True,57,57,0.3684210526315789,0.4210526315789473,1000000
scs,960,True,28,28,0.3571428571428571,0.3571428571428571,1000000
scs,961,True,15,15,0.4666666666666667,0.4666666666666667,1000000
scs,962,True,22,22,0.6363636363636364,0.5909090909090909,1000000
scs,963,True,55,55,0.4363636363636363,0.509090909090909,1000000
scs,964,True,76,76,0.2763157894736842,0.4342105263157895,1000000
scs,965,True,48,48,0.5,0.5416666666666666,1000000
scs,966,True,20,20,0.45,0.35,1000000
scs,967,True,65,65,0.3384615384615385,0.4,1000000
scs,968,True,59,59,0.4406779661016949,0.3898305084745763,1000000
scs,969,True,53,53,0.4339622641509434,0.3773584905660377,1000000
scs,970,True,45,45,0.5333333333333333,0.5555555555555556,1000000
scs,971,True,81,81,0.3086419753086419,0.382716049382716,1000000
scs,972,True,44,44,0.3181818181818182,0.4318181818181818,1000000
scs,973,True,20,20,0.4,0.6,1000000
scs,974,True,32,32,0.4375,0.3125,1000000
scs,975,True,18,18,0.6666666666666666,0.6111111111111112,1000000
scs,976,True,30,30,0.4333333333333333,0.3333333333333333,1000000
scs,977,True,30,30,0.3,0.2666666666666666,1000000
scs,978,True,65,65,0.3076923076923077,0.3076923076923077,1000000
scs,979,True,82,82,0.2317073170731707,0.2560975609756097,1000000
scs,980,True,28,28,0.25,0.2857142857142857,1000000
scs,981,True,83,83,0.4819277108433735,0.3734939759036144,1000000
scs,982,True,25,25,0.36,0.4,1000000
scs,983,True,33,33,0.4848484848484848,0.4848484848484848,1000000
scs,984,True,17,17,0.5882352941176471,0.5294117647058824,1000000
scs,985,True,21,21,0.2857142857142857,0.3333333333333333,1000000
scs,986,True,31,31,0.4516129032258064,0.4516129032258064,1000000
scs,987,True,32,32,0.5625,0.65625,1000000
scs,988,True,25,25,0.32,0.32,1000000
scs,989,True,37,37,0.3783783783783784,0.4594594594594595,1000000
scs,990,True,9,9,0.7777777777777778,0.7777777777777778,1000000
scs,991,True,30,30,0.4666666666666667,0.4333333333333333,1000000
scs,992,True,31,31,0.3870967741935484,0.4516129032258064,1000000
scs,993,True,28,28,0.3571428571428571,0.3928571428571428,1000000
scs,994,True,35,35,0.2857142857142857,0.3142857142857143,1000000
scs,995,True,10,10,0.6,0.7,1000000
scs,996,True,40,40,0.45,0.325,1000000
scs,997,True,47,47,0.4680851063829787,0.3829787234042553,1000000
scs,998,True,102,102,0.3137254901960784,0.2254901960784313,1000000
scs,999,True,18,18,0.7222222222222222,0.7777777777777778,1000000
dcs_bw,0,True,858,858,0.3962703962703963,0.3997668997668998,1000000
dcs_bw,1,True,458,458,0.4388646288209607,0.408296943231441,1000000
dcs_bw,2,True,1273,1273,0.4045561665357423,0.4092694422623723,1000000
dcs_bw,3,True,420,420,0.3904761904761905,0.3857142857142857,1000000
dcs_bw,4,True,897,897,0.4347826086956521,0.4303232998885172,1000000
dcs_bw,5,True,3423,3423,0.4098743791995325,0.4037394098743792,1000000
dcs_bw,6,True,1271,1271,0.3996852871754524,0.3870967741935484,1000000
dcs_bw,7,True,481,481,0.4095634095634096,0.4158004158004158,1000000
dcs_bw,8,True,1235,1235,0.3862348178137652,0.3862348178137652,1000000
dcs_bw,9,True,1866,1866,0.3692390139335477,0.3756698821007502,1000000
dcs_bw,10,True,2406,2406,0.415211970074813,0.4251870324189526,1000000
dcs_bw,11,True,1686,1686,0.3973902728351127,0.4027283511269276,1000000
dcs_bw,12,True,470,470,0.4191489361702127,0.4276595744680851,1000000
dcs_bw,13,True,752,752,0.3882978723404255,0.4082446808510638,1000000
dcs_bw,14,True,982,982,0.3991853360488798,0.395112016293279,1000000
dcs_bw,15,True,555,555,0.3927927927927928,0.3963963963963964,1000000
dcs_bw,16,True,853,853,0.4396248534583822,0.4419695193434935,1000000
dcs_bw,17,True,795,795,0.3987421383647799,0.4113207547169811,1000000
dcs_bw,18,True,667,667,0.3973013493253373,0.3958020989505247,1000000
dcs_bw,19,True,1317,1317,0.3917995444191344,0.3788914198936978,1000000
dcs_bw,20,True,2664,2664,0.3982732732732733,0.3948948948948949,1000000
dcs_bw,21,True,4286,4286,0.3964069062062529,0.3968735417638824,1000000
dcs_bw,22,True,3251,3251,0.4066441095047677,0.4072593048292833,1000000
dcs_bw,23,True,1866,1866,0.3703108252947481,0.3703108252947481,1000000
dcs_bw,24,True,420,420,0.4666666666666667,0.45,1000000
dcs_bw,25,True,2535,2535,0.3810650887573965,0.3790927021696252,1000000
dcs_bw,26,True,2477,2477,0.4376261606782398,0.4432781590633831,1000000
dcs_bw,27,True,1036,1036,0.3986486486486486,0.388030888030888,1000000
dcs_bw,28,True,3646,3646,0.3952276467361492,0.3872737246297312,1000000
dcs_bw,29,True,1524,1524,0.3772965879265091,0.3884514435695538,1000000
dcs_bw,30,True,903,903,0.3864894795127353,0.3875968992248062,1000000
dcs_bw,31,True,406,406,0.3694581280788177,0.3743842364532019,1000000
dcs_bw,32,True,1444,1444,0.3801939058171745,0.3725761772853185,1000000
dcs_bw,33,True,1172,1172,0.4343003412969283,0.4291808873720136,1000000
dcs_bw,34,True,1486,1486,0.3997308209959623,0.4098250336473755,1000000
dcs_bw,35,True,636,636,0.4481132075471698,0.449685534591195,1000000
dcs_bw,36,True,2301,2301,0.4037375054324207,0.4046066927422859,1000000
dcs_bw,37,True,1198,1198,0.4081803005008347,0.3931552587646076,1000000
dcs_bw,38,True,868,868,0.4423963133640553,0.4423963133640553,1000000
dcs_bw,39,True,455,455,0.4175824175824176,0.4131868131868131,1000000
dcs_bw,40,True,2891,2891,0.3773780698720166,0.3770321687997233,1000000
dcs_bw,41,True,777,777,0.3925353925353925,0.3925353925353925,1000000
dcs_bw,42,True,1333,1333,0.3848462115528882,0.3893473368342086,1000000
dcs_bw,43,True,2034,2034,0.3992133726647001,0.395771878072763,1000000
dcs_bw,44,True,1631,1631,0.4114040465971796,0.4114040465971796,1000000
dcs_bw,45,True,960,960,0.4041666666666667,0.4083333333333333,1000000
dcs_bw,46,True,384,384,0.3671875,0.3515625,1000000
dcs_bw,47,True,859,859,0.420256111757858,0.4155995343422584,1000000
dcs_bw,48,True,736,736,0.3736413043478261,0.3804347826086957,1000000
dcs_bw,49,True,3896,3896,0.4109342915811088,0.4106776180698152,1000000
dcs_bw,50,True,968,968,0.4152892561983471,0.4163223140495867,1000000
dcs_bw,51,True,932,932,0.4248927038626609,0.4098712446351931,1000000
dcs_bw,52,True,1971,1971,0.4028411973617453,0.402333840690005,1000000
dcs_bw,53,True,1418,1418,0.3808180535966149,0.3787023977433004,1000000
dcs_bw,54,True,1920,1920,0.3963541666666667,0.3958333333333333,1000000
dcs_bw,55,True,1133,1133,0.4148278905560459,0.4165931156222418,1000000
dcs_bw,56,True,3755,3755,0.3765645805592543,0.3789613848202396,1000000
dcs_bw,57,True,1564,1564,0.4111253196930946,0.4136828644501278,1000000
dcs_bw,58,True,920,920,0.3782608695652174,0.3782608695652174,1000000
dcs_bw,59,True,3450,3450,0.3831884057971014,0.3782608695652174,1000000
dcs_bw,60,True,2108,2108,0.3757115749525617,0.3776091081593928,1000000
dcs_bw,61,True,1669,1669,0.4014379868184541,0.4038346315158778,1000000
dcs_bw,62,True,1285,1285,0.4046692607003891,0.3961089494163424,1000000
dcs_bw,63,True,2172,2172,0.4180478821362799,0.4244935543278085,1000000
dcs_bw,64,True,2206,2206,0.3943789664551224,0.3925657298277425,1000000
dcs_bw,65,True,255,255,0.4901960784313725,0.4823529411764706,1000000
dcs_bw,66,True,3706,3706,0.3858607663248786,0.3826227738801943,1000000
dcs_bw,67,True,1917,1917,0.4047991653625456,0.4047991653625456,1000000
dcs_bw,68,True,1313,1313,0.4067022086824067,0.4074638233054075,1000000
dcs_bw,69,True,1417,1417,0.3952011291460833,0.397318278052223,1000000
dcs_bw,70,True,1762,1762,0.4160045402951192,0.4029511918274688,1000000
dcs_bw,71,True,1054,1054,0.4022770398481973,0.3975332068311195,1000000
dcs_bw,72,True,3641,3641,0.4031859379291403,0.4034605877506179,1000000
dcs_bw,73,True,3794,3794,0.3813916710595677,0.3871903004744333,1000000
dcs_bw,74,True,1277,1277,0.3711824588880188,0.3586530931871574,1000000
dcs_bw,75,True,606,606,0.4389438943894389,0.4207920792079208,1000000
dcs_bw,76,True,496,496,0.3931451612903225,0.3991935483870967,1000000
dcs_bw,77,True,1572,1572,0.3893129770992366,0.393765903307888,1000000
dcs_bw,78,True,2152,2152,0.3949814126394052,0.3996282527881041,1000000
dcs_bw,79,True,1804,1804,0.4190687361419069,0.4246119733924612,1000000
dcs_bw,80,True,1338,1338,0.3953662182361734,0.414050822122571,1000000
dcs_bw,81,True,2868,2868,0.3622733612273361,0.3650627615062761,1000000
dcs_bw,82,True,2058,2058,0.3965014577259475,0.401846452866861,1000000
dcs_bw,83,True,3487,3487,0.4009176942930886,0.398623458560367,1000000
dcs_bw,84,True,934,934,0.3779443254817987,0.3747323340471092,1000000
dcs_bw,85,True,3629,3629,0.4108569853954257,0.4081014053458253,1000000
dcs_bw,86,True,1728,1728,0.3871527777777778,0.3848379629629629,1000000
dcs_bw,87,True,2925,2925,0.3972649572649572,0.3986324786324786,1000000
dcs_bw,88,True,1226,1226,0.398858075040783,0.3882544861337683,1000000
dcs_bw,89,True,3495,3495,0.3934191702432045,0.3911301859799714,1000000
dcs_bw,90,True,461,461,0.3882863340563991,0.4099783080260303,1000000
dcs_bw,91,True,2120,2120,0.3872641509433962,0.3938679245283019,1000000
dcs_bw,92,True,555,555,0.4036036036036036,0.3819819819819819,1000000
dcs_bw,93,True,1343,1343,0.3484735666418466,0.3566641846612062,1000000
dcs_bw,94,True,1766,1766,0.4054360135900339,0.4037372593431483,1000000
dcs_bw,95,True,1442,1442,0.3723994452149792,0.3730929264909847,1000000
dcs_bw,96,True,943,943,0.3563096500530223,0.35949098621421,1000000
dcs_bw,97,True,878,878,0.3610478359908883,0.3530751708428246,1000000
dcs_bw,98,True,1707,1707,0.424721734036321,0.4253075571177504,1000000
dcs_bw,99,True,2514,2514,0.3882259347653142,0.383054892601432,1000000
dcs_bw,100,True,726,726,0.4159779614325068,0.4132231404958678,1000000
dcs_bw,101,True,1046,1046,0.4464627151051625,0.4493307839388145,1000000
dcs_bw,102,True,1403,1403,0.4069850320741269,0.3934426229508196,1000000
dcs_bw,103,True,2001,2001,0.392303848075962,0.3943028485757121,1000000
dcs_bw,104,True,1015,1015,0.3822660098522167,0.3862068965517241,1000000
dcs_bw,105,True,808,808,0.3626237623762376,0.370049504950495,1000000
dcs_bw,106,True,5587,5587,0.4011097189905137,0.4016466797923751,1000000
dcs_bw,107,True,1304,1304,0.4118098159509202,0.4095092024539877,1000000
dcs_bw,108,True,2116,2116,0.4258034026465028,0.4243856332703213,1000000
dcs_bw,109,True,2232,2232,0.382168458781362,0.3853046594982078,1000000
dcs_bw,110,True,527,527,0.396584440227704,0.3870967741935484,1000000
dcs_bw,111,True,747,747,0.3708165997322624,0.3547523427041499,1000000
dcs_bw,112,True,435,435,0.4,0.4137931034482758,1000000
dcs_bw,113,True,1704,1704,0.3896713615023474,0.3873239436619718,1000000
dcs_bw,114,True,2934,2934,0.3953646898432174,0.3977505112474437,1000000
dcs_bw,115,True,1227,1227,0.4009779951100244,0.4017929910350448,1000000
dcs_bw,116,True,1386,1386,0.3636363636363636,0.3578643578643579,1000000
dcs_bw,117,True,877,877,0.4047890535917902,0.4104903078677309,1000000
dcs_bw,118,True,6668,6668,0.402369526094781,0.4059688062387522,1000000
dcs_bw,119,True,818,818,0.3777506112469437,0.3753056234718826,1000000
dcs_bw,120,True,2829,2829,0.3761046306115235,0.3725698126546483,1000000
dcs_bw,121,True,3892,3892,0.3933710174717369,0.395169578622816,1000000
dcs_bw,122,True,1995,1995,0.3894736842105263,0.3914786967418546,1000000
dcs_bw,123,True,3886,3886,0.3939783839423572,0.3924343798250129,1000000
dcs_bw,124,True,1457,1457,0.4042553191489361,0.4083733699382292,1000000
dcs_bw,125,True,1576,1576,0.4092639593908629,0.4048223350253807,1000000
dcs_bw,126,True,1617,1617,0.4434137291280148,0.4415584415584415,1000000
dcs_bw,127,True,2328,2328,0.4063573883161512,0.4140893470790378,1000000
dcs_bw,128,True,711,711,0.3684950773558368,0.3713080168776371,1000000
dcs_bw,129,True,1041,1041,0.4082612872238232,0.4005763688760806,1000000
dcs_bw,130,True,3234,3234,0.3905380333951762,0.3794063079777365,1000000
dcs_bw,131,True,898,898,0.4031180400890868,0.3942093541202672,1000000
dcs_bw,132,True,1378,1378,0.4042089985486212,0.4100145137880986,1000000
dcs_bw,133,True,541,541,0.3345656192236599,0.3271719038817005,1000000
dcs_bw,134,True,1234,1234,0.3987034035656402,0.4027552674230146,1000000
dcs_bw,135,True,2506,2506,0.3946528332003192,0.3994413407821229,1000000
dcs_bw,136,True,642,642,0.35202492211838,0.3395638629283489,1000000
dcs_bw,137,True,1024,1024,0.404296875,0.40234375,1000000
dcs_bw,138,True,461,461,0.3427331887201735,0.3427331887201735,1000000
dcs_bw,139,True,1506,1506,0.3771580345285524,0.3811420982735723,1000000
dcs_bw,140,True,3691,3691,0.405852072609049,0.4069357897588729,1000000
dcs_bw,141,True,1471,1471,0.3915703602991162,0.3949694085656016,1000000
dcs_bw,142,True,2581,2581,0.3769856644711352,0.3897714064316157,1000000
dcs_bw,143,True,2619,2619,0.3978617793050782,0.3986254295532646,1000000
dcs_bw,144,True,2059,2059,0.3929091792132103,0.3880524526469159,1000000
dcs_bw,145,True,2024,2024,0.3967391304347826,0.3873517786561264,1000000
dcs_bw,146,True,288,288,0.4965277777777778,0.5,1000000
dcs_bw,147,True,2942,2942,0.3956492182188987,0.4075458871515975,1000000
dcs_bw,148,True,919,919,0.383025027203482,0.3949945593035908,1000000
dcs_bw,149,True,1310,1310,0.3732824427480916,0.3618320610687023,1000000
dcs_bw,150,True,1003,1003,0.3599202392821535,0.3599202392821535,1000000
dcs_bw,151,True,1091,1091,0.3932172318973418,0.3913840513290559,1000000
dcs_bw,152,True,941,941,0.3804463336875664,0.3804463336875664,1000000
dcs_bw,153,True,3146,3146,0.3976478067387158,0.3874761602034329,1000000
dcs_bw,154,True,721,721,0.3952843273231622,0.3952843273231622,1000000
dcs_bw,155,True,2884,2884,0.3942441054091539,0.4015256588072122,1000000
dcs_bw,156,True,1057,1057,0.4096499526963103,0.4162724692526017,1000000
dcs_bw,157,True,3503,3503,0.3688267199543248,0.3708250071367399,1000000
dcs_bw,158,True,1721,1721,0.4026728646135967,0.4038349796629866,1000000
dcs_bw,159,True,2158,2158,0.3962001853568118,0.3924930491195551,1000000
dcs_bw,160,True,874,874,0.4450800915331808,0.4393592677345537,1000000
dcs_bw,161,True,971,971,0.427394438722966,0.427394438722966,1000000
dcs_bw,162,True,4277,4277,0.4075286415711948,0.4068272153378536,1000000
dcs_bw,163,True,1572,1572,0.388676844783715,0.3861323155216285,1000000
dcs_bw,164,True,721,721,0.3980582524271844,0.3966712898751733,1000000
dcs_bw,165,True,224,224,0.4285714285714285,0.4196428571428571,1000000
dcs_bw,166,True,463,463,0.3844492440604751,0.3887688984881209,1000000
dcs_bw,167,True,1835,1835,0.4070844686648501,0.3994550408719346,1000000
dcs_bw,168,True,1897,1897,0.3816552451238798,0.3827095413811281,1000000
dcs_bw,169,True,1931,1931,0.3562920766442258,0.3676851372345934,1000000
dcs_bw,170,True,576,576,0.4201388888888889,0.4236111111111111,1000000
dcs_bw,171,True,3805,3805,0.3844940867279895,0.3821287779237844,1000000
dcs_bw,172,True,1757,1757,0.4188958451906659,0.4285714285714285,1000000
dcs_bw,173,True,4999,4999,0.3770754150830166,0.376875375075015,1000000
dcs_bw,174,True,752,752,0.4242021276595745,0.4242021276595745,1000000
dcs_bw,175,True,1344,1344,0.3839285714285714,0.3779761904761904,1000000
dcs_bw,176,True,1158,1158,0.3825561312607944,0.385146804835924,1000000
dcs_bw,177,True,1399,1399,0.4474624731951394,0.4403145103645461,1000000
dcs_bw,178,True,1471,1471,0.4187627464309993,0.4187627464309993,1000000
dcs_bw,179,True,734,734,0.4005449591280653,0.3964577656675749,1000000
dcs_bw,180,True,869,869,0.4108170310701956,0.4165707710011507,1000000
dcs_bw,181,True,2733,2733,0.4196853274789608,0.4226125137211855,1000000
dcs_bw,182,True,1242,1242,0.3888888888888889,0.3896940418679549,1000000
dcs_bw,183,True,1276,1276,0.3761755485893417,0.3746081504702194,1000000
dcs_bw,184,True,1672,1672,0.3815789473684211,0.3815789473684211,1000000
dcs_bw,185,True,4701,4701,0.3803446075303127,0.3837481386938949,1000000
dcs_bw,186,True,1736,1736,0.4003456221198156,0.3928571428571428,1000000
dcs_bw,187,True,1173,1173,0.3537936913895993,0.3623188405797101,1000000
dcs_bw,188,True,876,876,0.4063926940639269,0.4212328767123288,1000000
dcs_bw,189,True,1108,1108,0.3745487364620938,0.3962093862815884,1000000
dcs_bw,190,True,605,605,0.4231404958677686,0.4380165289256198,1000000
dcs_bw,191,True,757,757,0.3778071334214002,0.3725231175693527,1000000
dcs_bw,192,True,1057,1057,0.3424787133396405,0.3330179754020814,1000000
dcs_bw,193,True,5654,5654,0.3841528121683764,0.3807923593915812,1000000
dcs_bw,194,True,1033,1033,0.4007744433688286,0.4143272023233301,1000000
dcs_bw,195,True,410,410,0.4146341463414634,0.4097560975609756,1000000
dcs_bw,196,True,750,750,0.4466666666666666,0.4186666666666667,1000000
dcs_bw,197,True,1214,1214,0.4225700164744645,0.4275123558484349,1000000
dcs_bw,198,True,260,260,0.473076923076923,0.4615384615384615,1000000
dcs_bw,199,True,1303,1303,0.375287797390637,0.3691481197237145,1000000
dcs_bw,200,True,783,783,0.4303959131545338,0.4444444444444444,1000000
dcs_bw,201,True,597,597,0.3919597989949748,0.3802345058626465,1000000
dcs_bw,202,True,2070,2070,0.4289855072463768,0.4285024154589372,1000000
dcs_bw,203,True,2805,2805,0.4035650623885918,0.4024955436720142,1000000
dcs_bw,204,True,1064,1064,0.4285714285714285,0.4154135338345864,1000000
dcs_bw,205,True,2621,2621,0.3933613124761541,0.3925982449446776,1000000
dcs_bw,206,True,1970,1970,0.3898477157360406,0.3761421319796954,1000000
dcs_bw,207,True,646,646,0.4411764705882353,0.4380804953560371,1000000
dcs_bw,208,True,2110,2110,0.3848341232227488,0.3933649289099526,1000000
dcs_bw,209,True,1950,1950,0.3953846153846154,0.3938461538461538,1000000
dcs_bw,210,True,1079,1079,0.4244670991658943,0.4170528266913809,1000000
dcs_bw,211,True,3493,3493,0.3701689092470656,0.3718866304036645,1000000
dcs_bw,212,True,2402,2402,0.4171523730224812,0.4208992506244796,1000000
dcs_bw,213,True,1305,1305,0.3793103448275862,0.378544061302682,1000000
dcs_bw,214,True,3681,3681,0.3873947296930182,0.3857647378429774,1000000
dcs_bw,215,True,1748,1748,0.3947368421052631,0.3987414187643021,1000000
dcs_bw,216,True,1346,1346,0.3573551263001486,0.3543833580980683,1000000
dcs_bw,217,True,1192,1192,0.3859060402684564,0.3825503355704698,1000000
dcs_bw,218,True,1666,1666,0.4195678271308523,0.421968787515006,1000000
dcs_bw,219,True,1140,1140,0.3991228070175439,0.4061403508771929,1000000
dcs_bw,220,True,1023,1023,0.3958944281524926,0.4056695992179863,1000000
dcs_bw,221,True,1083,1083,0.384118190212373,0.3850415512465374,1000000
dcs_bw,222,True,1907,1907,0.3759832197168327,0.3780807551127425,1000000
dcs_bw,223,True,3118,3118,0.3883899935856318,0.3880692751763951,1000000
dcs_bw,224,True,755,755,0.3655629139072848,0.3629139072847682,1000000
dcs_bw,225,True,3183,3183,0.3804586867734841,0.3763744894753377,1000000
dcs_bw,226,True,768,768,0.375,0.38671875,1000000
dcs_bw,227,True,2034,2034,0.3751229105211406,0.380039331366765,1000000
dcs_bw,228,True,497,497,0.4124748490945674,0.4185110663983903,1000000
dcs_bw,229,True,886,886,0.373589164785553,0.3871331828442438,1000000
dcs_bw,230,True,447,447,0.4138702460850111,0.4183445190156599,1000000
dcs_bw,231,True,1431,1431,0.3759608665269042,0.3759608665269042,1000000
dcs_bw,232,True,648,648,0.3950617283950617,0.3765432098765432,1000000
dcs_bw,233,True,1819,1819,0.3820780648708081,0.3749312809235844,1000000
dcs_bw,234,True,8512,8512,0.3934445488721804,0.3970864661654135,1000000
dcs_bw,235,True,4120,4120,0.3851941747572815,0.3861650485436893,1000000
dcs_bw,236,True,622,622,0.3794212218649517,0.3890675241157556,1000000
dcs_bw,237,True,3129,3129,0.3841482901885586,0.3911792905081496,1000000
dcs_bw,238,True,1578,1578,0.3916349809885932,0.3871989860583016,1000000
dcs_bw,239,True,1016,1016,0.4340551181102362,0.4350393700787401,1000000
dcs_bw,240,True,1341,1341,0.3982102908277405,0.3914988814317673,1000000
dcs_bw,241,True,907,907,0.4090407938257993,0.4035281146637265,1000000
dcs_bw,242,True,624,624,0.4230769230769231,0.4230769230769231,1000000
dcs_bw,243,True,665,665,0.3819548872180451,0.3729323308270676,1000000
dcs_bw,244,True,2632,2632,0.3909574468085106,0.3886778115501519,1000000
dcs_bw,245,True,2073,2073,0.4124457308248914,0.4211287988422576,1000000
dcs_bw,246,True,1099,1099,0.3767060964513193,0.3876251137397634,1000000
dcs_bw,247,True,2980,2980,0.3822147651006711,0.3825503355704698,1000000
dcs_bw,248,True,570,570,0.4122807017543859,0.4263157894736842,1000000
dcs_bw,249,True,944,944,0.3622881355932203,0.3802966101694915,1000000
dcs_bw,250,True,1018,1018,0.3968565815324165,0.3840864440078585,1000000
dcs_bw,251,True,3019,3019,0.396488903610467,0.4011262007287181,1000000
dcs_bw,252,True,4554,4554,0.3917435221783047,0.3970136144049188,1000000
dcs_bw,253,True,1098,1098,0.4143897996357013,0.418943533697632,1000000
dcs_bw,254,True,1096,1096,0.395985401459854,0.3987226277372263,1000000
dcs_bw,255,True,638,638,0.3714733542319749,0.4043887147335423,1000000
dcs_bw,256,True,891,891,0.3714927048260381,0.3771043771043771,1000000
dcs_bw,257,True,3125,3125,0.3744,0.37184,1000000
dcs_bw,258,True,1806,1806,0.4058693244739756,0.4036544850498338,1000000
dcs_bw,259,True,796,796,0.4082914572864322,0.4183417085427136,1000000
dcs_bw,260,True,1515,1515,0.4138613861386138,0.4191419141914191,1000000
dcs_bw,261,True,3592,3592,0.405902004454343,0.4020044543429844,1000000
dcs_bw,262,True,591,591,0.3705583756345177,0.3705583756345177,1000000
dcs_bw,263,True,535,535,0.3738317757009345,0.3850467289719626,1000000
dcs_bw,264,True,3079,3079,0.3910360506658006,0.39298473530367,1000000
dcs_bw,265,True,2736,2736,0.4265350877192982,0.4247076023391813,1000000
dcs_bw,266,True,614,614,0.4071661237785016,0.4201954397394137,1000000
dcs_bw,267,True,2773,2773,0.420122610890732,0.4125495852866931,1000000
dcs_bw,268,True,3346,3346,0.3670053795576808,0.3670053795576808,1000000
dcs_bw,269,True,1076,1076,0.3754646840148699,0.3652416356877323,1000000
dcs_bw,270,True,2903,2903,0.3899414398897692,0.3868411987599035,1000000
dcs_bw,271,True,827,827,0.3688029020556227,0.3712212817412333,1000000
dcs_bw,272,True,1587,1587,0.3919344675488342,0.4026465028355387,1000000
dcs_bw,273,True,530,530,0.3886792452830189,0.3867924528301887,1000000
dcs_bw,274,True,2646,2646,0.3862433862433862,0.3873771730914588,1000000
dcs_bw,275,True,1226,1226,0.3890701468189233,0.3833605220228385,1000000
dcs_bw,276,True,1670,1670,0.4,0.4035928143712575,1000000
dcs_bw,277,True,3185,3185,0.4232339089481947,0.4235478806907378,1000000
dcs_bw,278,True,2174,2174,0.3983440662373505,0.4043238270469181,1000000
dcs_bw,279,True,960,960,0.3947916666666666,0.4041666666666667,1000000
dcs_bw,280,True,1462,1462,0.4165526675786594,0.405608755129959,1000000
dcs_bw,281,True,5536,5536,0.3914378612716763,0.3887283236994219,1000000
dcs_bw,282,True,406,406,0.438423645320197,0.3916256157635468,1000000
dcs_bw,283,True,2672,2672,0.3869760479041916,0.3794910179640718,1000000
dcs_bw,284,True,1707,1707,0.3854715875805506,0.3895723491505565,1000000
dcs_bw,285,True,636,636,0.4088050314465409,0.410377358490566,1000000
dcs_bw,286,True,2184,2184,0.3914835164835165,0.3882783882783883,1000000
dcs_bw,287,True,806,806,0.3982630272952853,0.401985111662531,1000000
dcs_bw,288,True,409,409,0.4156479217603912,0.4205378973105134,1000000
dcs_bw,289,True,836,836,0.388755980861244,0.3851674641148325,1000000
dcs_bw,290,True,778,778,0.3984575835475578,0.4151670951156812,1000000
dcs_bw,291,True,2841,2841,0.3945793734600493,0.3952833509327701,1000000
dcs_bw,292,True,532,532,0.4304511278195488,0.4473684210526316,1000000
dcs_bw,293,True,777,777,0.398970398970399,0.3963963963963964,1000000
dcs_bw,294,True,3756,3756,0.3852502662406816,0.3844515441959531,1000000
dcs_bw,295,True,2487,2487,0.3984720546843586,0.3988741455568959,1000000
dcs_bw,296,True,763,763,0.401048492791612,0.3931847968545216,1000000
dcs_bw,297,True,1443,1443,0.3957033957033957,0.3977823977823977,1000000
dcs_bw,298,True,1682,1682,0.375743162901308,0.3810939357907253,1000000
dcs_bw,299,True,1522,1522,0.3791064388961892,0.3797634691195795,1000000
dcs_bw,300,True,1973,1973,0.4196654840344653,0.4105423213380638,1000000
dcs_bw,301,True,3722,3722,0.4196668457818377,0.4169801182160129,1000000
dcs_bw,302,True,958,958,0.4081419624217119,0.4133611691022965,1000000
dcs_bw,303,True,545,545,0.436697247706422,0.4458715596330275,1000000
dcs_bw,304,True,533,533,0.3902439024390244,0.3921200750469043,1000000
dcs_bw,305,True,1052,1052,0.3973384030418251,0.3935361216730038,1000000
dcs_bw,306,True,1541,1541,0.3971447112264763,0.3900064892926671,1000000
dcs_bw,307,True,1105,1105,0.3647058823529411,0.3719457013574661,1000000
dcs_bw,308,True,553,553,0.3905967450271247,0.403254972875226,1000000
dcs_bw,309,True,3019,3019,0.4110632659821133,0.4117257369990063,1000000
dcs_bw,310,True,7416,7416,0.3922599784250269,0.3906418554476807,1000000
dcs_bw,311,True,4293,4293,0.4022827859305847,0.40041928721174,1000000
dcs_bw,312,True,1737,1737,0.4018422567645365,0.3989637305699481,1000000
dcs_bw,313,True,635,635,0.3590551181102362,0.3559055118110236,1000000
dcs_bw,314,True,1197,1197,0.4001670843776106,0.404344193817878,1000000
dcs_bw,315,True,1996,1996,0.3832665330661323,0.3802605210420842,1000000
dcs_bw,316,True,652,652,0.4493865030674847,0.450920245398773,1000000
dcs_bw,317,True,469,469,0.394456289978678,0.3795309168443497,1000000
dcs_bw,318,True,2807,2807,0.4004275026718917,0.4054150338439615,1000000
dcs_bw,319,True,5130,5130,0.394541910331384,0.3964912280701754,1000000
dcs_bw,320,True,1272,1272,0.3844339622641509,0.4080188679245283,1000000
dcs_bw,321,True,852,852,0.3767605633802817,0.3873239436619718,1000000
dcs_bw,322,True,3542,3542,0.3907396950875211,0.3958215697346132,1000000
dcs_bw,323,True,1379,1379,0.4082668600435098,0.4198694706308919,1000000
dcs_bw,324,True,515,515,0.4330097087378641,0.4368932038834951,1000000
dcs_bw,325,True,1000,1000,0.423,0.428,1000000
dcs_bw,326,True,416,416,0.4350961538461538,0.4254807692307692,1000000
dcs_bw,327,True,3238,3238,0.413218035824583,0.4122915379864114,1000000
dcs_bw,328,True,1474,1474,0.4477611940298507,0.4470827679782904,1000000
dcs_bw,329,True,433,433,0.3787528868360277,0.3764434180138568,1000000
dcs_bw,330,True,2464,2464,0.4107142857142857,0.40625,1000000
dcs_bw,331,True,1038,1038,0.4460500963391137,0.4354527938342967,1000000
dcs_bw,332,True,3486,3486,0.4044750430292599,0.4059093516924842,1000000
dcs_bw,333,True,1308,1308,0.3952599388379205,0.3914373088685015,1000000
dcs_bw,334,True,1138,1138,0.3892794376098418,0.3919156414762741,1000000
dcs_bw,335,True,585,585,0.3504273504273504,0.3452991452991453,1000000
dcs_bw,336,True,2889,2889,0.3745240567670474,0.3752163378331603,1000000
dcs_bw,337,True,1530,1530,0.4019607843137255,0.3973856209150326,1000000
dcs_bw,338,True,1366,1366,0.3521229868228404,0.3579795021961933,1000000
dcs_bw,339,True,1953,1953,0.3947772657450076,0.3922171018945212,1000000
dcs_bw,340,True,1146,1146,0.3516579406631762,0.349912739965096,1000000
dcs_bw,341,True,785,785,0.4025477707006369,0.4,1000000
dcs_bw,342,True,1887,1887,0.4107048224695283,0.4027556968733439,1000000
dcs_bw,343,True,1784,1784,0.3845291479820628,0.3778026905829596,1000000
dcs_bw,344,True,997,997,0.4022066198595787,0.4062186559679037,1000000
dcs_bw,345,True,596,596,0.3942953020134228,0.4060402684563758,1000000
dcs_bw,346,True,1109,1109,0.4084761045987376,0.4102795311091073,1000000
dcs_bw,347,True,330,330,0.4242424242424242,0.4454545454545454,1000000
dcs_bw,348,True,1459,1459,0.3591501028101439,0.3509252912954078,1000000
dcs_bw,349,True,2444,2444,0.4022094926350245,0.3948445171849427,1000000
dcs_bw,350,True,4589,4589,0.3735018522553933,0.3739376770538243,1000000
dcs_bw,351,True,637,637,0.3532182103610675,0.3516483516483517,1000000
dcs_bw,352,True,846,846,0.384160756501182,0.3912529550827423,1000000
dcs_bw,353,True,1918,1918,0.4004171011470281,0.3967674661105318,1000000
dcs_bw,354,True,470,470,0.4382978723404255,0.4340425531914894,1000000
dcs_bw,355,True,747,747,0.3989290495314592,0.3989290495314592,1000000
dcs_bw,356,True,982,982,0.4246435845213849,0.4124236252545825,1000000
dcs_bw,357,True,2751,2751,0.3740458015267175,0.3889494729189385,1000000
dcs_bw,358,True,1103,1103,0.3581142339075249,0.3599274705349048,1000000
dcs_bw,359,True,4610,4610,0.385466377440347,0.3937093275488069,1000000
dcs_bw,360,True,3807,3807,0.3840294194904124,0.3845547675334909,1000000
dcs_bw,361,True,957,957,0.4033437826541274,0.425287356321839,1000000
dcs_bw,362,True,1520,1520,0.4019736842105263,0.3967105263157894,1000000
dcs_bw,363,True,884,884,0.3947963800904977,0.4128959276018099,1000000
dcs_bw,364,True,2614,2614,0.3936495791889824,0.4039785768936496,1000000
dcs_bw,365,True,1911,1911,0.390371533228676,0.3882783882783883,1000000
dcs_bw,366,True,718,718,0.4178272980501393,0.4275766016713092,1000000
dcs_bw,367,True,1675,1675,0.4,0.4011940298507462,1000000
dcs_bw,368,True,466,466,0.4120171673819742,0.407725321888412,1000000
dcs_bw,369,True,195,195,0.4564102564102564,0.4615384615384615,1000000
dcs_bw,370,True,3628,3628,0.4261300992282249,0.4250275633958104,1000000
dcs_bw,371,True,1744,1744,0.3732798165137614,0.378440366972477,1000000
dcs_bw,372,True,790,790,0.4240506329113924,0.4113924050632911,1000000
dcs_bw,373,True,953,953,0.4123819517313746,0.4039874081846799,1000000
dcs_bw,374,True,2913,2913,0.3813937521455544,0.3848266392035702,1000000
dcs_bw,375,True,2245,2245,0.3853006681514476,0.3861915367483296,1000000
dcs_bw,376,True,2793,2793,0.3934837092731829,0.3870390261367705,1000000
dcs_bw,377,True,784,784,0.4260204081632653,0.423469387755102,1000000
dcs_bw,378,True,327,327,0.4220183486238532,0.400611620795107,1000000
dcs_bw,379,True,976,976,0.4211065573770491,0.4282786885245901,1000000
dcs_bw,380,True,1113,1113,0.4123989218328841,0.4141958670260557,1000000
dcs_bw,381,True,2866,2866,0.3740404745289602,0.3754361479413817,1000000
dcs_bw,382,True,584,584,0.3835616438356164,0.3835616438356164,1000000
dcs_bw,383,True,3707,3707,0.375505799838144,0.377124359320205,1000000
dcs_bw,384,True,2372,2372,0.4080944350758853,0.4080944350758853,1000000
dcs_bw,385,True,847,847,0.4014167650531287,0.3837072018890201,1000000
dcs_bw,386,True,698,698,0.3839541547277937,0.3825214899713467,1000000
dcs_bw,387,True,2068,2068,0.3873307543520309,0.3921663442940039,1000000
dcs_bw,388,True,4539,4539,0.389733421458471,0.389733421458471,1000000
dcs_bw,389,True,2593,2593,0.3960663324334747,0.4045507134593135,1000000
dcs_bw,390,True,552,552,0.4130434782608695,0.4076086956521739,1000000
dcs_bw,391,True,1210,1210,0.3859504132231405,0.384297520661157,1000000
dcs_bw,392,True,1958,1958,0.3498467824310521,0.3437180796731358,1000000
dcs_bw,393,True,2114,2114,0.391674550614948,0.3850520340586565,1000000
dcs_bw,394,True,408,408,0.409313725490196,0.409313725490196,1000000
dcs_bw,395,True,3610,3610,0.3850415512465374,0.3789473684210526,1000000
dcs_bw,396,True,1238,1238,0.3747980613893376,0.3844911147011308,1000000
dcs_bw,397,True,940,940,0.3563829787234042,0.3659574468085106,1000000
dcs_bw,398,True,794,794,0.4017632241813602,0.4005037783375315,1000000
dcs_bw,399,True,2656,2656,0.3817771084337349,0.3832831325301205,1000000
dcs_bw,400,True,5968,5968,0.3728217158176943,0.3738270777479893,1000000
dcs_bw,401,True,1418,1418,0.3779971791255289,0.382228490832158,1000000
dcs_bw,402,True,1004,1004,0.4113545816733068,0.4073705179282869,1000000
dcs_bw,403,True,4363,4363,0.3988081595232638,0.3994957597983039,1000000
dcs_bw,404,True,591,591,0.4467005076142132,0.4331641285956006,1000000
dcs_bw,405,True,779,779,0.4249037227214377,0.4146341463414634,1000000
dcs_bw,406,True,1987,1987,0.412179164569703,0.41620533467539,1000000
dcs_bw,407,True,2422,2422,0.3885218827415359,0.388934764657308,1000000
dcs_bw,408,True,4250,4250,0.3854117647058823,0.3797647058823529,1000000
dcs_bw,409,True,1816,1816,0.4041850220264317,0.4030837004405286,1000000
dcs_bw,410,True,849,849,0.408716136631331,0.4169611307420495,1000000
dcs_bw,411,True,411,411,0.3990267639902676,0.4087591240875912,1000000
dcs_bw,412,True,1008,1008,0.4216269841269841,0.4146825396825397,1000000
dcs_bw,413,True,944,944,0.3453389830508475,0.3569915254237288,1000000
dcs_bw,414,True,4397,4397,0.3802592676825108,0.3809415510575392,1000000
dcs_bw,415,True,827,827,0.3555018137847642,0.3373639661426844,1000000
dcs_bw,416,True,1887,1887,0.4218335983041865,0.4165341812400636,1000000
dcs_bw,417,True,814,814,0.4262899262899263,0.4250614250614251,1000000
dcs_bw,418,True,1112,1112,0.4289568345323741,0.4199640287769784,1000000
dcs_bw,419,True,936,936,0.4155982905982906,0.4188034188034188,1000000
dcs_bw,420,True,2276,2276,0.3958699472759227,0.4002636203866432,1000000
dcs_bw,421,True,1808,1808,0.3855088495575221,0.3938053097345133,1000000
dcs_bw,422,True,503,503,0.4015904572564612,0.3737574552683896,1000000
dcs_bw,423,True,778,778,0.3483290488431876,0.3598971722365038,1000000
dcs_bw,424,True,3688,3688,0.4037418655097614,0.4053687635574837,1000000
dcs_bw,425,True,2699,2699,0.387921452389774,0.3894034827713968,1000000
dcs_bw,426,True,1703,1703,0.3587786259541984,0.364063417498532,1000000
dcs_bw,427,True,2316,2316,0.3894645941278065,0.3791018998272884,1000000
dcs_bw,428,True,842,842,0.3669833729216152,0.3741092636579572,1000000
dcs_bw,429,True,1471,1471,0.4167233174711081,0.4058463630183548,1000000
dcs_bw,430,True,952,952,0.3665966386554621,0.3697478991596639,1000000
dcs_bw,431,True,896,896,0.3973214285714285,0.3928571428571428,1000000
dcs_bw,432,True,1341,1341,0.4079045488441462,0.4019388516032811,1000000
dcs_bw,433,True,2513,2513,0.3748507759649821,0.3776362912853163,1000000
dcs_bw,434,True,2270,2270,0.3607929515418502,0.3674008810572687,1000000
dcs_bw,435,True,1473,1473,0.3598099117447386,0.3591310251188052,1000000
dcs_bw,436,True,753,753,0.4130146082337317,0.3944223107569721,1000000
dcs_bw,437,True,1960,1960,0.4051020408163265,0.3954081632653061,1000000
dcs_bw,438,True,1261,1261,0.3639968279143536,0.3679619349722443,1000000
dcs_bw,439,True,2155,2155,0.4092807424593968,0.4032482598607889,1000000
dcs_bw,440,True,911,911,0.4061470911086718,0.4017563117453347,1000000
dcs_bw,441,True,916,916,0.3700873362445415,0.3799126637554585,1000000
dcs_bw,442,True,1857,1857,0.3828756058158319,0.3823371028540657,1000000
dcs_bw,443,True,1173,1173,0.4040920716112532,0.3964194373401534,1000000
dcs_bw,444,True,858,858,0.3717948717948718,0.3834498834498834,1000000
dcs_bw,445,True,729,729,0.3854595336076817,0.3936899862825789,1000000
dcs_bw,446,True,2582,2582,0.423702556158017,0.4244771494965143,1000000
dcs_bw,447,True,931,931,0.3813104189044038,0.39312567132116,1000000
dcs_bw,448,True,670,670,0.4074626865671641,0.3940298507462687,1000000
dcs_bw,449,True,817,817,0.3720930232558139,0.3745410036719706,1000000
dcs_bw,450,True,1335,1335,0.4179775280898876,0.4134831460674157,1000000
dcs_bw,451,True,1292,1292,0.4086687306501548,0.4117647058823529,1000000
dcs_bw,452,True,2695,2695,0.4178107606679035,0.4267161410018553,1000000
dcs_bw,453,True,754,754,0.4403183023872679,0.4389920424403183,1000000
dcs_bw,454,True,3567,3567,0.4121110176619008,0.4132324081861508,1000000
dcs_bw,455,True,1250,1250,0.42,0.424,1000000
dcs_bw,456,True,561,561,0.3814616755793226,0.392156862745098,1000000
dcs_bw,457,True,1267,1267,0.3922651933701657,0.4088397790055249,1000000
dcs_bw,458,True,801,801,0.4032459425717852,0.4132334581772784,1000000
dcs_bw,459,True,2910,2910,0.4116838487972508,0.4082474226804123,1000000
dcs_bw,460,True,3362,3362,0.4113622843545508,0.4098750743604997,1000000
dcs_bw,461,True,2393,2393,0.386961972419557,0.389469285415796,1000000
dcs_bw,462,True,1184,1184,0.3969594594594595,0.3910472972972973,1000000
dcs_bw,463,True,633,633,0.3886255924170616,0.3854660347551343,1000000
dcs_bw,464,True,2024,2024,0.3725296442687747,0.3720355731225296,1000000
dcs_bw,465,True,3977,3977,0.3935126980135781,0.3942670354538597,1000000
dcs_bw,466,True,1594,1594,0.411543287327478,0.4071518193224592,1000000
dcs_bw,467,True,809,809,0.3943139678615575,0.3967861557478368,1000000
dcs_bw,468,True,582,582,0.345360824742268,0.345360824742268,1000000
dcs_bw,469,True,923,923,0.3791982665222101,0.3705308775731311,1000000
dcs_bw,470,True,1526,1526,0.4233289646133683,0.4252948885976409,1000000
dcs_bw,471,True,395,395,0.4556962025316455,0.4531645569620253,1000000
dcs_bw,472,True,1636,1636,0.4199266503667481,0.4193154034229829,1000000
dcs_bw,473,True,5270,5270,0.4077798861480076,0.411954459203036,1000000
dcs_bw,474,True,650,650,0.3630769230769231,0.3707692307692308,1000000
dcs_bw,475,True,2809,2809,0.392310430758277,0.3894624421502314,1000000
dcs_bw,476,True,1437,1437,0.4036186499652053,0.3862212943632568,1000000
dcs_bw,477,True,3189,3189,0.3750391972405142,0.3772342427093132,1000000
dcs_bw,478,True,3436,3436,0.4007566938300349,0.3847497089639115,1000000
dcs_bw,479,True,992,992,0.40625,0.4153225806451613,1000000
dcs_bw,480,True,2088,2088,0.3807471264367816,0.3927203065134099,1000000
dcs_bw,481,True,1074,1074,0.3938547486033519,0.3901303538175046,1000000
dcs_bw,482,True,2736,2736,0.3823099415204678,0.3760964912280701,1000000
dcs_bw,483,True,506,506,0.4407114624505929,0.4426877470355731,1000000
dcs_bw,484,True,401,401,0.3640897755610973,0.3940149625935162,1000000
dcs_bw,485,True,993,993,0.3907351460221551,0.3897280966767371,1000000
dcs_bw,486,True,338,338,0.4408284023668639,0.4408284023668639,1000000
dcs_bw,487,True,2247,2247,0.3934134401424121,0.3965287049399199,1000000
dcs_bw,488,True,836,836,0.4078947368421052,0.4019138755980861,1000000
dcs_bw,489,True,1476,1476,0.4085365853658536,0.4092140921409214,1000000
dcs_bw,490,True,1528,1528,0.4221204188481675,0.4136125654450261,1000000
dcs_bw,491,True,1855,1855,0.3773584905660377,0.3714285714285714,1000000
dcs_bw,492,True,1006,1006,0.4095427435387674,0.4165009940357853,1000000
dcs_bw,493,True,3540,3540,0.3994350282485875,0.3971751412429378,1000000
dcs_bw,494,True,801,801,0.414481897627965,0.4132334581772784,1000000
dcs_bw,495,True,1387,1387,0.3886085075702956,0.3821196827685652,1000000
dcs_bw,496,True,3957,3957,0.3813495072024261,0.3876674248167804,1000000
dcs_bw,497,True,766,766,0.3877284595300261,0.3890339425587467,1000000
dcs_bw,498,True,3047,3047,0.3747948802100426,0.3757794552018378,1000000
dcs_bw,499,True,1115,1115,0.4179372197309417,0.4035874439461883,1000000
dcs_bw,500,True,2245,2245,0.3817371937639198,0.3946547884187082,1000000
dcs_bw,501,True,791,791,0.4298356510745891,0.4020227560050569,1000000
dcs_bw,502,True,4167,4167,0.3916486681065514,0.3882889368850492,1000000
dcs_bw,503,True,883,883,0.3556058890147225,0.3669309173272933,1000000
dcs_bw,504,True,750,750,0.34,0.3226666666666666,1000000
dcs_bw,505,True,1014,1014,0.4043392504930966,0.4023668639053254,1000000
dcs_bw,506,True,957,957,0.3918495297805642,0.3897596656217346,1000000
dcs_bw,507,True,3331,3331,0.4070849594716301,0.4121885319723806,1000000
dcs_bw,508,True,1216,1216,0.4440789473684211,0.4268092105263157,1000000
dcs_bw,509,True,855,855,0.4023391812865497,0.3941520467836257,1000000
dcs_bw,510,True,1367,1367,0.401609363569861,0.3855157278712509,1000000
dcs_bw,511,True,878,878,0.3872437357630979,0.378132118451025,1000000
dcs_bw,512,True,2233,2233,0.4052843708016121,0.4106583072100313,1000000
dcs_bw,513,True,6295,6295,0.4025416997617156,0.4055599682287529,1000000
dcs_bw,514,True,1638,1638,0.394993894993895,0.3986568986568987,1000000
dcs_bw,515,True,1902,1902,0.4006309148264984,0.4001051524710831,1000000
dcs_bw,516,True,1769,1769,0.4075749010740531,0.4075749010740531,1000000
dcs_bw,517,True,3294,3294,0.3846387370977535,0.3888888888888889,1000000
dcs_bw,518,True,4365,4365,0.404581901489118,0.4139747995418098,1000000
dcs_bw,519,True,2173,2173,0.3907040957202025,0.3874827427519558,1000000
dcs_bw,520,True,1895,1895,0.4068601583113456,0.4184696569920844,1000000
dcs_bw,521,True,4884,4884,0.3849303849303849,0.3949631449631449,1000000
dcs_bw,522,True,937,937,0.3852721451440768,0.3660618996798292,1000000
dcs_bw,523,True,3388,3388,0.3866587957497048,0.3845926800472255,1000000
dcs_bw,524,True,1376,1376,0.3989825581395348,0.3895348837209302,1000000
dcs_bw,525,True,1156,1156,0.3814878892733564,0.3754325259515571,1000000
dcs_bw,526,True,2142,2142,0.3711484593837535,0.369281045751634,1000000
dcs_bw,527,True,1874,1874,0.3874066168623266,0.4018143009605123,1000000
dcs_bw,528,True,2332,2332,0.4095197255574614,0.4073756432246998,1000000
dcs_bw,529,True,884,884,0.4377828054298642,0.4321266968325792,1000000
dcs_bw,530,True,794,794,0.3841309823677581,0.3816120906801007,1000000
dcs_bw,531,True,6843,6843,0.4072775098640947,0.4034780067221978,1000000
dcs_bw,532,True,2379,2379,0.3833543505674653,0.3808322824716267,1000000
dcs_bw,533,True,3511,3511,0.3859299344915978,0.3822272856735972,1000000
dcs_bw,534,True,479,479,0.4237995824634655,0.4091858037578288,1000000
dcs_bw,535,True,608,608,0.3815789473684211,0.3865131578947368,1000000
dcs_bw,536,True,2175,2175,0.3972413793103448,0.4041379310344827,1000000
dcs_bw,537,True,2612,2612,0.3820826952526799,0.3778713629402756,1000000
dcs_bw,538,True,782,782,0.329923273657289,0.3171355498721228,1000000
dcs_bw,539,True,581,581,0.4096385542168674,0.4130808950086058,1000000
dcs_bw,540,True,480,480,0.38125,0.38125,1000000
dcs_bw,541,True,2280,2280,0.3842105263157894,0.3885964912280701,1000000
dcs_bw,542,True,1412,1412,0.4121813031161473,0.4220963172804532,1000000
dcs_bw,543,True,2347,2347,0.3928419258628036,0.3945462292288027,1000000
dcs_bw,544,True,645,645,0.3689922480620155,0.3705426356589147,1000000
dcs_bw,545,True,976,976,0.3995901639344262,0.4006147540983606,1000000
dcs_bw,546,True,1833,1833,0.4042553191489361,0.3960720130932897,1000000
dcs_bw,547,True,1038,1038,0.4364161849710982,0.430635838150289,1000000
dcs_bw,548,True,1352,1352,0.378698224852071,0.3794378698224852,1000000
dcs_bw,549,True,925,925,0.3654054054054054,0.3632432432432432,1000000
dcs_bw,550,True,469,469,0.3582089552238806,0.3603411513859275,1000000
dcs_bw,551,True,703,703,0.3940256045519203,0.3997155049786628,1000000
dcs_bw,552,True,1860,1860,0.3919354838709677,0.4096774193548387,1000000
dcs_bw,553,True,764,764,0.3926701570680628,0.3664921465968586,1000000
dcs_bw,554,True,430,430,0.3558139534883721,0.3697674418604651,1000000
dcs_bw,555,True,455,455,0.3692307692307692,0.3494505494505494,1000000
dcs_bw,556,True,1684,1684,0.4038004750593824,0.4002375296912114,1000000
dcs_bw,557,True,2415,2415,0.4132505175983437,0.4128364389233954,1000000
dcs_bw,558,True,996,996,0.3915662650602409,0.3895582329317269,1000000
dcs_bw,559,True,3769,3769,0.3998408065799947,0.3990448394799681,1000000
dcs_bw,560,True,842,842,0.3657957244655582,0.3729216152019002,1000000
dcs_bw,561,True,1408,1408,0.3799715909090909,0.3728693181818182,1000000
dcs_bw,562,True,802,802,0.4114713216957606,0.3927680798004987,1000000
dcs_bw,563,True,2300,2300,0.3834782608695652,0.3813043478260869,1000000
dcs_bw,564,True,1624,1624,0.3934729064039409,0.3830049261083744,1000000
dcs_bw,565,True,1363,1363,0.4292002934702861,0.4343360234776229,1000000
dcs_bw,566,True,1486,1486,0.3822341857335128,0.3997308209959623,1000000
dcs_bw,567,True,2344,2344,0.4014505119453925,0.3988907849829352,1000000
dcs_bw,568,True,1303,1303,0.4052187260168841,0.3983115886415963,1000000
dcs_bw,569,True,1359,1359,0.4032376747608536,0.4025018395879323,1000000
dcs_bw,570,True,4208,4208,0.3921102661596958,0.3840304182509506,1000000
dcs_bw,571,True,1163,1163,0.3955288048151332,0.3946689595872742,1000000
dcs_bw,572,True,1029,1029,0.3702623906705539,0.3751214771622935,1000000
dcs_bw,573,True,2415,2415,0.4045548654244306,0.410351966873706,1000000
dcs_bw,574,True,1350,1350,0.3985185185185185,0.3977777777777778,1000000
dcs_bw,575,True,2438,2438,0.4118129614438064,0.4167350287120591,1000000
dcs_bw,576,True,1217,1217,0.4223500410846343,0.428923582580115,1000000
dcs_bw,577,True,602,602,0.4069767441860465,0.4252491694352159,1000000
dcs_bw,578,True,998,998,0.3857715430861723,0.3777555110220441,1000000
dcs_bw,579,True,906,906,0.3576158940397351,0.3763796909492273,1000000
dcs_bw,580,True,2558,2558,0.4096950742767787,0.4077404222048475,1000000
dcs_bw,581,True,3725,3725,0.3844295302013423,0.3838926174496644,1000000
dcs_bw,582,True,1426,1426,0.4081346423562412,0.4074333800841515,1000000
dcs_bw,583,True,1907,1907,0.40534871525957,0.4095437860513896,1000000
dcs_bw,584,True,644,644,0.3447204968944099,0.3447204968944099,1000000
dcs_bw,585,True,5767,5767,0.4015952835096237,0.3995144789318536,1000000
dcs_bw,586,True,1392,1392,0.3987068965517241,0.4001436781609195,1000000
dcs_bw,587,True,2321,2321,0.3843171046962516,0.3834554071520896,1000000
dcs_bw,588,True,3053,3053,0.4025548640681297,0.3992793973141172,1000000
dcs_bw,589,True,2543,2543,0.4176169878096736,0.4140778607943374,1000000
dcs_bw,590,True,512,512,0.416015625,0.404296875,1000000
dcs_bw,591,True,376,376,0.4122340425531915,0.3989361702127659,1000000
dcs_bw,592,True,2444,2444,0.3936170212765957,0.3903436988543372,1000000
dcs_bw,593,True,439,439,0.378132118451025,0.3917995444191344,1000000
dcs_bw,594,True,1529,1529,0.3924133420536298,0.3845650752125572,1000000
dcs_bw,595,True,506,506,0.4387351778656126,0.4367588932806324,1000000
dcs_bw,596,True,931,931,0.3673469387755102,0.3705692803437164,1000000
dcs_bw,597,True,2021,2021,0.3938644235526967,0.3894111825828797,1000000
dcs_bw,598,True,595,595,0.4033613445378151,0.4050420168067227,1000000
dcs_bw,599,True,1041,1041,0.3583093179634966,0.3707973102785782,1000000
dcs_bw,600,True,930,930,0.3569892473118279,0.3569892473118279,1000000
dcs_bw,601,True,1524,1524,0.3858267716535433,0.3877952755905511,1000000
dcs_bw,602,True,360,360,0.3888888888888889,0.3916666666666666,1000000
dcs_bw,603,True,741,741,0.4493927125506073,0.4493927125506073,1000000
dcs_bw,604,True,993,993,0.3554884189325277,0.3524672708962739,1000000
dcs_bw,605,True,2407,2407,0.3917739925218114,0.3946821769837972,1000000
dcs_bw,606,True,2174,2174,0.3863845446182152,0.4015639374425023,1000000
dcs_bw,607,True,4511,4511,0.415207271115052,0.411217025049878,1000000
dcs_bw,608,True,3081,3081,0.4199935086011035,0.4248620577734501,1000000
dcs_bw,609,True,1388,1388,0.3688760806916426,0.36671469740634,1000000
dcs_bw,610,True,795,795,0.4025157232704403,0.4012578616352201,1000000
dcs_bw,611,True,471,471,0.4394904458598726,0.4437367303609342,1000000
dcs_bw,612,True,890,890,0.3955056179775281,0.3786516853932584,1000000
dcs_bw,613,True,2780,2780,0.39568345323741,0.3913669064748201,1000000
dcs_bw,614,True,1321,1321,0.4269492808478425,0.4420893262679788,1000000
dcs_bw,615,True,1453,1453,0.4225739848589126,0.4198210598761184,1000000
dcs_bw,616,True,496,496,0.3528225806451613,0.3729838709677419,1000000
dcs_bw,617,True,1680,1680,0.4005952380952381,0.4011904761904762,1000000
dcs_bw,618,True,1030,1030,0.374757281553398,0.3631067961165048,1000000
dcs_bw,619,True,3835,3835,0.3960886571056062,0.396870925684485,1000000
dcs_bw,620,True,1667,1667,0.397120575884823,0.4067186562687462,1000000
dcs_bw,621,True,451,451,0.4146341463414634,0.4279379157427938,1000000
dcs_bw,622,True,1561,1561,0.4151185137732223,0.4202434336963485,1000000
dcs_bw,623,True,726,726,0.4752066115702479,0.4710743801652892,1000000
dcs_bw,624,True,837,837,0.4563918757467144,0.4516129032258064,1000000
dcs_bw,625,True,754,754,0.3978779840848806,0.4005305039787798,1000000
dcs_bw,626,True,657,657,0.3942161339421613,0.3850837138508371,1000000
dcs_bw,627,True,7817,7817,0.3922220800818728,0.393117564282973,1000000
dcs_bw,628,True,459,459,0.4357298474945534,0.3877995642701525,1000000
dcs_bw,629,True,2226,2226,0.3926325247079964,0.3980233602875112,1000000
dcs_bw,630,True,614,614,0.4315960912052117,0.4381107491856677,1000000
dcs_bw,631,True,1046,1046,0.4158699808795411,0.4187380497131931,1000000
dcs_bw,632,True,2728,2728,0.3922287390029325,0.3878299120234604,1000000
dcs_bw,633,True,1357,1357,0.367722918201916,0.3795136330140015,1000000
dcs_bw,634,True,1099,1099,0.3794358507734304,0.3903548680618744,1000000
dcs_bw,635,True,351,351,0.4415954415954416,0.4472934472934473,1000000
dcs_bw,636,True,619,619,0.3441033925686591,0.3441033925686591,1000000
dcs_bw,637,True,1049,1049,0.3918017159199237,0.3956148713060057,1000000
dcs_bw,638,True,835,835,0.4083832335329341,0.4059880239520958,1000000
dcs_bw,639,True,2211,2211,0.4161013116236997,0.4246947082767978,1000000
dcs_bw,640,True,1778,1778,0.3835770528683914,0.3802024746906636,1000000
dcs_bw,641,True,3535,3535,0.3852899575671853,0.3793493635077793,1000000
dcs_bw,642,True,2367,2367,0.378538234051542,0.3810730882974229,1000000
dcs_bw,643,True,2070,2070,0.3826086956521739,0.3768115942028985,1000000
dcs_bw,644,True,3038,3038,0.4157340355497037,0.4160631994733377,1000000
dcs_bw,645,True,2791,2791,0.3994983876746685,0.4055893944822644,1000000
dcs_bw,646,True,1501,1501,0.3737508327781479,0.3757495003331113,1000000
dcs_bw,647,True,2554,2554,0.3899765074393109,0.3790133124510572,1000000
dcs_bw,648,True,721,721,0.4119278779472954,0.4313453536754507,1000000
dcs_bw,649,True,1409,1409,0.4045422285308729,0.410929737402413,1000000
dcs_bw,650,True,2514,2514,0.3349244232299125,0.3464598249801113,1000000
dcs_bw,651,True,2043,2043,0.3945178658835046,0.3974547234459128,1000000
dcs_bw,652,True,611,611,0.4238952536824877,0.4238952536824877,1000000
dcs_bw,653,True,789,789,0.385297845373891,0.3840304182509506,1000000
dcs_bw,654,True,684,684,0.4298245614035088,0.4312865497076023,1000000
dcs_bw,655,True,886,886,0.4142212189616253,0.4164785553047404,1000000
dcs_bw,656,True,2668,2668,0.3961769115442279,0.4036731634182908,1000000
dcs_bw,657,True,2389,2389,0.3884470489744663,0.3917957304311427,1000000
dcs_bw,658,True,900,900,0.3888888888888889,0.3688888888888889,1000000
dcs_bw,659,True,1233,1233,0.4103811841038118,0.4038929440389294,1000000
dcs_bw,660,True,548,548,0.4507299270072992,0.4525547445255474,1000000
dcs_bw,661,True,1530,1530,0.4058823529411764,0.4202614379084967,1000000
dcs_bw,662,True,1578,1578,0.4271229404309252,0.4214195183776932,1000000
dcs_bw,663,True,943,943,0.4019088016967126,0.4156945917285259,1000000
dcs_bw,664,True,4146,4146,0.4071394114809455,0.4044862518089725,1000000
dcs_bw,665,True,1746,1746,0.4032073310423826,0.4083619702176403,1000000
dcs_bw,666,True,1441,1441,0.4149895905621096,0.4240111034004163,1000000
dcs_bw,667,True,441,441,0.3537414965986394,0.3378684807256236,1000000
dcs_bw,668,True,798,798,0.3859649122807017,0.3922305764411027,1000000
dcs_bw,669,True,2029,2029,0.3785115820601281,0.3716116313454904,1000000
dcs_bw,670,True,1262,1262,0.3961965134706814,0.3938193343898574,1000000
dcs_bw,671,True,658,658,0.4468085106382978,0.439209726443769,1000000
dcs_bw,672,True,1359,1359,0.3671817512877116,0.3730684326710817,1000000
dcs_bw,673,True,2411,2411,0.3898797179593529,0.3923683119037743,1000000
dcs_bw,674,True,658,658,0.4103343465045592,0.4179331306990881,1000000
dcs_bw,675,True,961,961,0.3621227887617065,0.3537981269510926,1000000
dcs_bw,676,True,6555,6555,0.4024408848207475,0.4018306636155606,1000000
dcs_bw,677,True,4590,4590,0.393681917211329,0.3971677559912854,1000000
dcs_bw,678,True,620,620,0.4306451612903226,0.4290322580645161,1000000
dcs_bw,679,True,901,901,0.3873473917869034,0.3873473917869034,1000000
dcs_bw,680,True,1855,1855,0.3913746630727763,0.3919137466307277,1000000
dcs_bw,681,True,606,606,0.4653465346534653,0.4752475247524752,1000000
dcs_bw,682,True,1876,1876,0.4019189765458422,0.3869936034115138,1000000
dcs_bw,683,True,1809,1809,0.4068546158098396,0.4079601990049751,1000000
dcs_bw,684,True,309,309,0.4239482200647249,0.4368932038834951,1000000
dcs_bw,685,True,895,895,0.4268156424581005,0.4312849162011173,1000000
dcs_bw,686,True,633,633,0.3996840442338072,0.4091627172195892,1000000
dcs_bw,687,True,1103,1103,0.3680870353581142,0.3644605621033545,1000000
dcs_bw,688,True,708,708,0.384180790960452,0.3898305084745763,1000000
dcs_bw,689,True,977,977,0.3817809621289662,0.3623336745138178,1000000
dcs_bw,690,True,839,839,0.3909415971394517,0.399284862932062,1000000
dcs_bw,691,True,3365,3365,0.3919762258543833,0.3818722139673105,1000000
dcs_bw,692,True,2342,2342,0.392399658411614,0.3915456874466268,1000000
dcs_bw,693,True,1450,1450,0.4137931034482758,0.4096551724137931,1000000
dcs_bw,694,True,1960,1960,0.4193877551020408,0.4193877551020408,1000000
dcs_bw,695,True,2174,2174,0.3850045998160074,0.374885004599816,1000000
dcs_bw,696,True,1389,1389,0.4110871130309575,0.394528437724982,1000000
dcs_bw,697,True,516,516,0.4282945736434108,0.4224806201550387,1000000
dcs_bw,698,True,806,806,0.43424317617866,0.4267990074441687,1000000
dcs_bw,699,True,382,382,0.418848167539267,0.3979057591623036,1000000
dcs_bw,700,True,2686,2686,0.3812360387192852,0.3678332092330603,1000000
dcs_bw,701,True,423,423,0.3664302600472813,0.3711583924349881,1000000
dcs_bw,702,True,3181,3181,0.3844702923608928,0.3822697265011003,1000000
dcs_bw,703,True,1026,1026,0.4200779727095516,0.4132553606237816,1000000
dcs_bw,704,True,614,614,0.3957654723127036,0.4006514657980456,1000000
dcs_bw,705,True,3159,3159,0.4143716365938588,0.4099398543842988,1000000
dcs_bw,706,True,3246,3246,0.403573629081947,0.4041897720271103,1000000
dcs_bw,707,True,1315,1315,0.3885931558935361,0.4007604562737643,1000000
dcs_bw,708,True,3951,3951,0.3829410275879524,0.3806631232599342,1000000
dcs_bw,709,True,1191,1191,0.3971452560873216,0.3795130142737196,1000000
dcs_bw,710,True,1810,1810,0.4171270718232044,0.4104972375690607,1000000
dcs_bw,711,True,825,825,0.4,0.4024242424242424,1000000
dcs_bw,712,True,468,468,0.4401709401709401,0.4423076923076923,1000000
dcs_bw,713,True,1361,1361,0.4268919911829537,0.4217487141807494,1000000
dcs_bw,714,True,1857,1857,0.4270328486806677,0.4189553042541734,1000000
dcs_bw,715,True,504,504,0.3928571428571428,0.3968253968253968,1000000
dcs_bw,716,True,3350,3350,0.3913432835820895,0.386865671641791,1000000
dcs_bw,717,True,1154,1154,0.4254766031195841,0.4298093587521663,1000000
dcs_bw,718,True,4710,4710,0.3963906581740977,0.3940552016985138,1000000
dcs_bw,719,True,457,457,0.4004376367614879,0.3960612691466083,1000000
dcs_bw,720,True,4616,4616,0.3812824956672443,0.3840987868284228,1000000
dcs_bw,721,True,540,540,0.4574074074074074,0.4537037037037037,1000000
dcs_bw,722,True,810,810,0.3703703703703703,0.3679012345679012,1000000
dcs_bw,723,True,529,529,0.389413988657845,0.3950850661625709,1000000
dcs_bw,724,True,1161,1161,0.3186907838070629,0.3333333333333333,1000000
dcs_bw,725,True,400,400,0.405,0.405,1000000
dcs_bw,726,True,2019,2019,0.3714710252600297,0.3754333828628033,1000000
dcs_bw,727,True,1716,1716,0.3875291375291375,0.3945221445221445,1000000
dcs_bw,728,True,1269,1269,0.3798266351457841,0.3861308116627265,1000000
dcs_bw,729,True,2437,2437,0.3766926549035699,0.3861304883052934,1000000
dcs_bw,730,True,893,893,0.3471444568868981,0.3661814109742441,1000000
dcs_bw,731,True,513,513,0.4327485380116959,0.4366471734892787,1000000
dcs_bw,732,True,1644,1644,0.4154501216545012,0.4190997566909976,1000000
dcs_bw,733,True,4056,4056,0.3809171597633136,0.3809171597633136,1000000
dcs_bw,734,True,1476,1476,0.4071815718157182,0.4139566395663956,1000000
dcs_bw,735,True,814,814,0.4176904176904177,0.4164619164619164,1000000
dcs_bw,736,True,623,623,0.3980738362760834,0.3964686998394863,1000000
dcs_bw,737,True,6288,6288,0.3953562340966921,0.3939249363867684,1000000
dcs_bw,738,True,1710,1710,0.3912280701754386,0.3923976608187134,1000000
dcs_bw,739,True,440,440,0.3363636363636363,0.3272727272727272,1000000
dcs_bw,740,True,3188,3188,0.3902132998745294,0.3946047678795483,1000000
dcs_bw,741,True,660,660,0.4454545454545454,0.4469696969696969,1000000
dcs_bw,742,True,1085,1085,0.3981566820276497,0.4046082949308756,1000000
dcs_bw,743,True,352,352,0.40625,0.4005681818181818,1000000
dcs_bw,744,True,4511,4511,0.3903790733761915,0.3937042784305032,1000000
dcs_bw,745,True,1004,1004,0.396414342629482,0.3934262948207171,1000000
dcs_bw,746,True,1179,1179,0.3960983884648006,0.3910093299406276,1000000
dcs_bw,747,True,3021,3021,0.3955643826547501,0.3949023502151605,1000000
dcs_bw,748,True,1150,1150,0.3773913043478261,0.38,1000000
dcs_bw,749,True,1403,1403,0.3599429793300071,0.3699215965787598,1000000
dcs_bw,750,True,890,890,0.3752808988764045,0.3898876404494382,1000000
dcs_bw,751,True,1074,1074,0.3873370577281191,0.38268156424581,1000000
dcs_bw,752,True,1262,1262,0.4160063391442155,0.4231378763866878,1000000
dcs_bw,753,True,2383,2383,0.3701216953420059,0.3843894250944188,1000000
dcs_bw,754,True,618,618,0.4061488673139158,0.4029126213592233,1000000
dcs_bw,755,True,993,993,0.4239677744209466,0.418932527693857,1000000
dcs_bw,756,True,3823,3823,0.388699973842532,0.3808527334554015,1000000
dcs_bw,757,True,5950,5950,0.393109243697479,0.3934453781512605,1000000
dcs_bw,758,True,1603,1603,0.3792888334373051,0.3749220212102308,1000000
dcs_bw,759,True,927,927,0.38403451995685,0.3872707659115426,1000000
dcs_bw,760,True,948,948,0.4071729957805907,0.4166666666666667,1000000
dcs_bw,761,True,917,917,0.411123227917121,0.3969465648854962,1000000
dcs_bw,762,True,1089,1089,0.3930211202938475,0.396694214876033,1000000
dcs_bw,763,True,787,787,0.3557814485387547,0.3570520965692503,1000000
dcs_bw,764,True,2884,2884,0.3893897364771151,0.3970180305131761,1000000
dcs_bw,765,True,608,608,0.3503289473684211,0.3569078947368421,1000000
dcs_bw,766,True,1939,1939,0.3800928313563693,0.3733883445074781,1000000
dcs_bw,767,True,359,359,0.415041782729805,0.3871866295264624,1000000
dcs_bw,768,True,3164,3164,0.3802149178255373,0.3840075853350189,1000000
dcs_bw,769,True,2935,2935,0.3948892674616695,0.3877342419080068,1000000
dcs_bw,770,True,1285,1285,0.398443579766537,0.401556420233463,1000000
dcs_bw,771,True,588,588,0.4353741496598639,0.4404761904761904,1000000
dcs_bw,772,True,1232,1232,0.385551948051948,0.3863636363636363,1000000
dcs_bw,773,True,677,677,0.4446085672082718,0.4387001477104874,1000000
dcs_bw,774,True,3249,3249,0.378885811018775,0.3727300707910126,1000000
dcs_bw,775,True,4370,4370,0.3988558352402746,0.397254004576659,1000000
dcs_bw,776,True,2460,2460,0.3959349593495935,0.3890243902439024,1000000
dcs_bw,777,True,3462,3462,0.3989023685730791,0.4064124783362218,1000000
dcs_bw,778,True,1703,1703,0.3887257780387551,0.4010569583088667,1000000
dcs_bw,779,True,1132,1132,0.3630742049469965,0.3621908127208481,1000000
dcs_bw,780,True,831,831,0.3790613718411552,0.3838748495788207,1000000
dcs_bw,781,True,688,688,0.3997093023255814,0.3938953488372093,1000000
dcs_bw,782,True,432,432,0.3680555555555556,0.3726851851851852,1000000
dcs_bw,783,True,2273,2273,0.3906731192256929,0.3941926968763748,1000000
dcs_bw,784,True,3595,3595,0.3969401947148818,0.3977746870653685,1000000
dcs_bw,785,True,1943,1943,0.4153371075656202,0.4050437467833248,1000000
dcs_bw,786,True,1871,1871,0.4345269909139497,0.432923570283271,1000000
dcs_bw,787,True,278,278,0.460431654676259,0.4748201438848921,1000000
dcs_bw,788,True,2768,2768,0.3865606936416185,0.3854768786127168,1000000
dcs_bw,789,True,1392,1392,0.3872126436781609,0.3721264367816091,1000000
dcs_bw,790,True,1168,1168,0.3981164383561644,0.4169520547945205,1000000
dcs_bw,791,True,940,940,0.4329787234042553,0.4159574468085106,1000000
dcs_bw,792,True,870,870,0.3770114942528735,0.3839080459770115,1000000
dcs_bw,793,True,836,836,0.4366028708133971,0.423444976076555,1000000
dcs_bw,794,True,498,498,0.429718875502008,0.4176706827309236,1000000
dcs_bw,795,True,2972,2972,0.392328398384926,0.3882907133243607,1000000
dcs_bw,796,True,2295,2295,0.3751633986928104,0.3747276688453159,1000000
dcs_bw,797,True,4934,4934,0.399067693554925,0.3966355897851641,1000000
dcs_bw,798,True,506,506,0.3932806324110672,0.4031620553359684,1000000
dcs_bw,799,True,3685,3685,0.4070556309362279,0.4008141112618724,1000000
dcs_bw,800,True,2462,2462,0.3980503655564582,0.3878960194963444,1000000
dcs_bw,801,True,818,818,0.4168704156479217,0.4180929095354523,1000000
dcs_bw,802,True,1926,1926,0.381619937694704,0.3769470404984423,1000000
dcs_bw,803,True,2168,2168,0.3925276752767527,0.3874538745387454,1000000
dcs_bw,804,True,505,505,0.4594059405940594,0.4554455445544554,1000000
dcs_bw,805,True,1330,1330,0.4172932330827067,0.4240601503759398,1000000
dcs_bw,806,True,851,851,0.3525264394829612,0.3466509988249118,1000000
dcs_bw,807,True,911,911,0.4138309549945115,0.3940724478594951,1000000
dcs_bw,808,True,461,461,0.4490238611713666,0.4490238611713666,1000000
dcs_bw,809,True,837,837,0.4026284348864994,0.3906810035842294,1000000
dcs_bw,810,True,3169,3169,0.4064373619438308,0.405806248027769,1000000
dcs_bw,811,True,888,888,0.4042792792792792,0.3986486486486486,1000000
dcs_bw,812,True,891,891,0.3950617283950617,0.3939393939393939,1000000
dcs_bw,813,True,924,924,0.3647186147186147,0.3668831168831168,1000000
dcs_bw,814,True,3611,3611,0.39822763777347,0.3996122957629465,1000000
dcs_bw,815,True,2070,2070,0.4101449275362319,0.3985507246376811,1000000
dcs_bw,816,True,668,668,0.4520958083832335,0.4505988023952096,1000000
dcs_bw,817,True,1452,1452,0.3767217630853994,0.3663911845730027,1000000
dcs_bw,818,True,2264,2264,0.4006183745583039,0.4023851590106007,1000000
dcs_bw,819,True,2168,2168,0.386070110701107,0.3916051660516605,1000000
dcs_bw,820,True,759,759,0.3965744400527009,0.4044795783926219,1000000
dcs_bw,821,True,606,606,0.3696369636963696,0.334983498349835,1000000
dcs_bw,822,True,2884,2884,0.4015256588072122,0.4039528432732316,1000000
dcs_bw,823,True,650,650,0.4430769230769231,0.4338461538461538,1000000
dcs_bw,824,True,2546,2546,0.424980361351139,0.4293008641005499,1000000
dcs_bw,825,True,1315,1315,0.423574144486692,0.4212927756653992,1000000
dcs_bw,826,True,1528,1528,0.3965968586387434,0.3808900523560209,1000000
dcs_bw,827,True,529,529,0.3988657844990548,0.3761814744801512,1000000
dcs_bw,828,True,634,634,0.4637223974763407,0.4558359621451104,1000000
dcs_bw,829,True,780,780,0.3769230769230769,0.3730769230769231,1000000
dcs_bw,830,True,1181,1181,0.3776460626587637,0.3810330228619814,1000000
dcs_bw,831,True,501,501,0.3952095808383233,0.3812375249500998,1000000
dcs_bw,832,True,743,743,0.4212651413189771,0.4199192462987887,1000000
dcs_bw,833,True,1310,1310,0.4206106870229008,0.416793893129771,1000000
dcs_bw,834,True,2392,2392,0.391304347826087,0.3946488294314381,1000000
dcs_bw,835,True,2754,2754,0.3997821350762527,0.4059549745824256,1000000
dcs_bw,836,True,1392,1392,0.3872126436781609,0.3785919540229885,1000000
dcs_bw,837,True,553,553,0.4104882459312839,0.4086799276672694,1000000
dcs_bw,838,True,2025,2025,0.4207407407407407,0.4172839506172839,1000000
dcs_bw,839,True,487,487,0.406570841889117,0.433264887063655,1000000
dcs_bw,840,True,2534,2534,0.3942383583267561,0.3981846882399368,1000000
dcs_bw,841,True,775,775,0.3961290322580645,0.4051612903225806,1000000
dcs_bw,842,True,2860,2860,0.3961538461538461,0.4013986013986014,1000000
dcs_bw,843,True,4037,4037,0.4007926678226405,0.3965816200148625,1000000
dcs_bw,844,True,1806,1806,0.3981173864894795,0.3903654485049834,1000000
dcs_bw,845,True,1671,1671,0.3883901855176541,0.3961699581089168,1000000
dcs_bw,846,True,897,897,0.4035674470457079,0.4102564102564102,1000000
dcs_bw,847,True,707,707,0.3748231966053748,0.3762376237623762,1000000
dcs_bw,848,True,324,324,0.4506172839506173,0.4783950617283951,1000000
dcs_bw,849,True,557,557,0.3734290843806104,0.3518850987432675,1000000
dcs_bw,850,True,1424,1424,0.4101123595505618,0.4157303370786517,1000000
dcs_bw,851,True,1744,1744,0.4139908256880734,0.4180045871559633,1000000
dcs_bw,852,True,3103,3103,0.4144376409925878,0.4099258781824041,1000000
dcs_bw,853,True,4522,4522,0.3863334807607253,0.388766032728881,1000000
dcs_bw,854,True,1144,1144,0.3784965034965035,0.3741258741258741,1000000
dcs_bw,855,True,966,966,0.4078674948240166,0.4037267080745341,1000000
dcs_bw,856,True,2611,2611,0.3963998468019916,0.3941018766756032,1000000
dcs_bw,857,True,2839,2839,0.4043677351179993,0.406481155336386,1000000
dcs_bw,858,True,1925,1925,0.3703896103896104,0.372987012987013,1000000
dcs_bw,859,True,629,629,0.4054054054054054,0.4022257551669316,1000000
dcs_bw,860,True,3324,3324,0.3992178098676293,0.3965102286401925,1000000
dcs_bw,861,True,412,412,0.4199029126213592,0.4101941747572815,1000000
dcs_bw,862,True,542,542,0.4335793357933579,0.4428044280442804,1000000
dcs_bw,863,True,628,628,0.4140127388535032,0.3949044585987261,1000000
dcs_bw,864,True,1133,1133,0.4254192409532215,0.4315975286849073,1000000
dcs_bw,865,True,532,532,0.3364661654135338,0.3402255639097744,1000000
dcs_bw,866,True,2508,2508,0.3811802232854864,0.3891547049441786,1000000
dcs_bw,867,True,1157,1157,0.3958513396715644,0.3915298184961106,1000000
dcs_bw,868,True,3079,3079,0.3887625852549529,0.3923351737577135,1000000
dcs_bw,869,True,653,653,0.3996937212863706,0.3950995405819295,1000000
dcs_bw,870,True,1668,1668,0.3932853717026379,0.3920863309352518,1000000
dcs_bw,871,True,1917,1917,0.4094940010432968,0.4037558685446009,1000000
dcs_bw,872,True,911,911,0.3863885839736553,0.3907793633369923,1000000
dcs_bw,873,True,2195,2195,0.406378132118451,0.4031890660592255,1000000
dcs_bw,874,True,650,650,0.4338461538461538,0.4338461538461538,1000000
dcs_bw,875,True,1731,1731,0.4061236279607163,0.4176776429809358,1000000
dcs_bw,876,True,1141,1141,0.3943908851884312,0.3961437335670464,1000000
dcs_bw,877,True,2478,2478,0.3930589184826473,0.400726392251816,1000000
dcs_bw,878,True,928,928,0.4407327586206896,0.4299568965517241,1000000
dcs_bw,879,True,976,976,0.3995901639344262,0.3985655737704918,1000000
dcs_bw,880,True,1362,1362,0.3751835535976505,0.3707782672540382,1000000
dcs_bw,881,True,1028,1028,0.4027237354085603,0.3959143968871595,1000000
dcs_bw,882,True,1131,1131,0.3625110521662246,0.3660477453580902,1000000
dcs_bw,883,True,1998,1998,0.4044044044044044,0.3993993993993994,1000000
dcs_bw,884,True,588,588,0.3979591836734694,0.4166666666666667,1000000
dcs_bw,885,True,9278,9278,0.3963138607458504,0.3985772795861177,1000000
dcs_bw,886,True,2626,2626,0.3994668697638994,0.3952779893373953,1000000
dcs_bw,887,True,895,895,0.3899441340782122,0.3977653631284916,1000000
dcs_bw,888,True,1500,1500,0.4013333333333333,0.4,1000000
dcs_bw,889,True,2617,2617,0.3897592663354987,0.3939625525410776,1000000
dcs_bw,890,True,2827,2827,0.4092677750265299,0.4103289706402547,1000000
dcs_bw,891,True,3837,3837,0.3745113369820172,0.3747719572582746,1000000
dcs_bw,892,True,2842,2842,0.3898662913441238,0.3947923997185081,1000000
dcs_bw,893,True,961,961,0.372528616024974,0.3808532778355879,1000000
dcs_bw,894,True,779,779,0.4159178433889602,0.4261874197689345,1000000
dcs_bw,895,True,543,543,0.438305709023941,0.4125230202578269,1000000
dcs_bw,896,True,778,778,0.4267352185089974,0.4203084832904884,1000000
dcs_bw,897,True,1407,1407,0.3987206823027718,0.4008528784648187,1000000
dcs_bw,898,True,1828,1828,0.4152078774617068,0.4031728665207877,1000000
dcs_bw,899,True,447,447,0.4519015659955257,0.4384787472035794,1000000
dcs_bw,900,True,2588,2588,0.4030139103554868,0.3937403400309119,1000000
dcs_bw,901,True,596,596,0.4278523489932886,0.4412751677852349,1000000
dcs_bw,902,True,1985,1985,0.4090680100755667,0.4015113350125944,1000000
dcs_bw,903,True,790,790,0.3772151898734177,0.370886075949367,1000000
dcs_bw,904,True,1287,1287,0.3947163947163947,0.3869463869463869,1000000
dcs_bw,905,True,808,808,0.4133663366336633,0.4022277227722772,1000000
dcs_bw,906,True,1051,1051,0.4053282588011417,0.4081826831588963,1000000
dcs_bw,907,True,1578,1578,0.4055766793409379,0.4112801013941698,1000000
dcs_bw,908,True,824,824,0.3980582524271844,0.395631067961165,1000000
dcs_bw,909,True,3469,3469,0.3937734217353704,0.393485154223119,1000000
dcs_bw,910,True,981,981,0.3792048929663608,0.382262996941896,1000000
dcs_bw,911,True,2094,2094,0.3810888252148997,0.3853868194842407,1000000
dcs_bw,912,True,2342,2342,0.3830059777967549,0.3783091374893254,1000000
dcs_bw,913,True,829,829,0.3630880579010856,0.3667068757539203,1000000
dcs_bw,914,True,685,685,0.4043795620437956,0.4116788321167883,1000000
dcs_bw,915,True,2203,2203,0.3749432591920109,0.3844757149341806,1000000
dcs_bw,916,True,458,458,0.3799126637554585,0.3842794759825327,1000000
dcs_bw,917,True,324,324,0.3487654320987654,0.3425925925925926,1000000
dcs_bw,918,True,1236,1236,0.3875404530744336,0.3851132686084142,1000000
dcs_bw,919,True,2325,2325,0.3875268817204301,0.3849462365591398,1000000
dcs_bw,920,True,5407,5407,0.4039208433512113,0.4028111707046421,1000000
dcs_bw,921,True,986,986,0.385395537525355,0.3813387423935091,1000000
dcs_bw,922,True,2131,2131,0.3833880807132802,0.3810417644298451,1000000
dcs_bw,923,True,2657,2657,0.4128716597666541,0.4102371095220173,1000000
dcs_bw,924,True,3290,3290,0.3832826747720365,0.3905775075987842,1000000
dcs_bw,925,True,1253,1253,0.3878691141260973,0.3950518754988029,1000000
dcs_bw,926,True,1265,1265,0.3873517786561264,0.3905138339920949,1000000
dcs_bw,927,True,588,588,0.3435374149659864,0.3520408163265306,1000000
dcs_bw,928,True,1288,1288,0.3835403726708074,0.3951863354037267,1000000
dcs_bw,929,True,426,426,0.4131455399061033,0.3943661971830985,1000000
dcs_bw,930,True,1356,1356,0.3687315634218289,0.3606194690265487,1000000
dcs_bw,931,True,1466,1466,0.4433833560709413,0.4556616643929058,1000000
dcs_bw,932,True,1094,1094,0.3912248628884826,0.3939670932358318,1000000
dcs_bw,933,True,2434,2434,0.3594905505341002,0.352506162695152,1000000
dcs_bw,934,True,1276,1276,0.4051724137931034,0.4059561128526646,1000000
dcs_bw,935,True,662,662,0.3942598187311178,0.3987915407854985,1000000
dcs_bw,936,True,1522,1522,0.4113009198423127,0.4191852825229961,1000000
dcs_bw,937,True,2301,2301,0.3915688830943068,0.3854845719252499,1000000
dcs_bw,938,True,1661,1661,0.341360626128838,0.3534015653220951,1000000
dcs_bw,939,True,1309,1309,0.4064171122994652,0.413292589763178,1000000
dcs_bw,940,True,1856,1856,0.3577586206896552,0.3696120689655172,1000000
dcs_bw,941,True,1387,1387,0.3835616438356164,0.3813987022350396,1000000
dcs_bw,942,True,1321,1321,0.4118092354277063,0.4140802422407267,1000000
dcs_bw,943,True,3622,3622,0.3774157923799006,0.3821093318608503,1000000
dcs_bw,944,True,638,638,0.3385579937304075,0.3589341692789968,1000000
dcs_bw,945,True,1373,1373,0.4020393299344501,0.4013109978150036,1000000
dcs_bw,946,True,1666,1666,0.4039615846338535,0.4045618247298919,1000000
dcs_bw,947,True,481,481,0.4677754677754678,0.4573804573804574,1000000
dcs_bw,948,True,3563,3563,0.3861914117316868,0.3892786977266348,1000000
dcs_bw,949,True,944,944,0.3866525423728814,0.3697033898305085,1000000
dcs_bw,950,True,1991,1991,0.3962832747363134,0.3862380713209442,1000000
dcs_bw,951,True,1398,1398,0.432761087267525,0.4363376251788269,1000000
dcs_bw,952,True,618,618,0.3851132686084142,0.3851132686084142,1000000
dcs_bw,953,True,1844,1844,0.3731019522776572,0.3649674620390455,1000000
dcs_bw,954,True,928,928,0.3588362068965517,0.3814655172413793,1000000
dcs_bw,955,True,988,988,0.402834008097166,0.3917004048582996,1000000
dcs_bw,956,True,1440,1440,0.4180555555555555,0.4277777777777777,1000000
dcs_bw,957,True,783,783,0.3856960408684546,0.3652618135376756,1000000
dcs_bw,958,True,1602,1602,0.4057428214731585,0.4019975031210986,1000000
dcs_bw,959,True,1712,1712,0.3983644859813084,0.3983644859813084,1000000
dcs_bw,960,True,335,335,0.3761194029850746,0.3880597014925373,1000000
dcs_bw,961,True,698,698,0.3839541547277937,0.3653295128939828,1000000
dcs_bw,962,True,2818,2818,0.4024130589070263,0.3985095812633073,1000000
dcs_bw,963,True,1670,1670,0.362874251497006,0.3634730538922155,1000000
dcs_bw,964,True,1202,1202,0.4084858569051581,0.4301164725457571,1000000
dcs_bw,965,True,1420,1420,0.3704225352112676,0.3676056338028169,1000000
dcs_bw,966,True,1733,1733,0.376803231390652,0.3675706866705135,1000000
dcs_bw,967,True,716,716,0.4008379888268156,0.3854748603351955,1000000
dcs_bw,968,True,1700,1700,0.4288235294117647,0.4317647058823529,1000000
dcs_bw,969,True,1421,1421,0.4095707248416608,0.4081632653061224,1000000
dcs_bw,970,True,2127,2127,0.4010343206393982,0.4043253408556652,1000000
dcs_bw,971,True,732,732,0.4098360655737705,0.4112021857923497,1000000
dcs_bw,972,True,1448,1448,0.4185082872928177,0.4102209944751381,1000000
dcs_bw,973,True,1440,1440,0.3986111111111111,0.39375,1000000
dcs_bw,974,True,900,900,0.3733333333333333,0.3844444444444444,1000000
dcs_bw,975,True,800,800,0.36375,0.36875,1000000
dcs_bw,976,True,1329,1329,0.4108352144469526,0.4063205417607223,1000000
dcs_bw,977,True,1864,1864,0.403969957081545,0.4028969957081545,1000000
dcs_bw,978,True,2207,2207,0.4105120072496602,0.4154961486180335,1000000
dcs_bw,979,True,1762,1762,0.3916004540295119,0.3927355278093076,1000000
dcs_bw,980,True,2695,2695,0.3792207792207792,0.3773654916512059,1000000
dcs_bw,981,True,837,837,0.3930704898446834,0.3870967741935484,1000000
dcs_bw,982,True,2970,2970,0.3976430976430976,0.4003367003367003,1000000
dcs_bw,983,True,564,564,0.400709219858156,0.375886524822695,1000000
dcs_bw,984,True,1468,1468,0.3807901907356948,0.3896457765667575,1000000
dcs_bw,985,True,710,710,0.4323943661971831,0.4197183098591549,1000000
dcs_bw,986,True,741,741,0.3751686909581646,0.3711201079622132,1000000
dcs_bw,987,True,1611,1611,0.4016139044072005,0.399130974549969,1000000
dcs_bw,988,True,5454,5454,0.4035570223689035,0.4072240557389072,1000000
dcs_bw,989,True,1610,1610,0.3950310559006211,0.3975155279503105,1000000
dcs_bw,990,True,552,552,0.3786231884057971,0.3768115942028985,1000000
dcs_bw,991,True,1126,1126,0.3827708703374778,0.3818827708703374,1000000
dcs_bw,992,True,2715,2715,0.4162062615101289,0.4151012891344383,1000000
dcs_bw,993,True,1091,1091,0.3968835930339138,0.3996333638863428,1000000
dcs_bw,994,True,969,969,0.4293085655314757,0.4097007223942208,1000000
dcs_bw,995,True,1361,1361,0.4011756061719324,0.3967670830271859,1000000
dcs_bw,996,True,1569,1569,0.3932441045251753,0.397068196303378,1000000
dcs_bw,997,True,4167,4167,0.3978881689464842,0.394528437724982,1000000
dcs_bw,998,True,1790,1790,0.3893854748603352,0.3804469273743017,1000000
dcs_bw,999,True,3924,3924,0.4046890927624872,0.4041794087665647,1000000
